Location,IndicatorCode,Indicator,ValueType,ParentLocationCode,ParentLocation,Location type,SpatialDimValueCode,Period type,Period,IsLatestYear,Dim1 type,Dim1,Dim1ValueCode,Dim2 type,Dim2,Dim2ValueCode,Dim3 type,Dim3,Dim3ValueCode,DataSourceDimValueCode,DataSource,FactValueNumericPrefix,FactValueNumeric,FactValueUoM,FactValueNumericLowPrefix,FactValueNumericLow,FactValueNumericHighPrefix,FactValueNumericHigh,Value,FactValueTranslationID,FactComments,Language,DateModified,Periodr,FactValueNumericr,Comments,ParentLocationr
United Arab Emirates,MDG_0000000007,Under-five mortality rate (probability of dying by age 5 per 1000 live births),text,EMR,Eastern Mediterranean,Country,ARE,Year,2004,False,Sex,Both sexes,SEX_BTSX,Age Group,< 5 years,AGEGROUP_YEARSUNDER5,Wealth Quintile,Total,WEALTHQUINTILE_TOTL,,,,9.95,,,9.4,,10.52,10.0 [9.4-10.5],,,EN,2025-04-14T22:00:00.000Z,2004,28.9,,Eastern Mediterranean
Qatar,MDG_0000000007,Under-five mortality rate (probability of dying by age 5 per 1000 live births),text,EMR,Eastern Mediterranean,Country,QAT,Year,2004,False,Sex,Both sexes,SEX_BTSX,Age Group,< 5 years,AGEGROUP_YEARSUNDER5,Wealth Quintile,Total,WEALTHQUINTILE_TOTL,,,,10.78,,,10.25,,11.33,10.8 [10.3-11.3],,"The most recent official national estimates of neonatal, infant and under-five mortality rates in Qatar are from the vital registration system, with a rate of 3.6, 5.0 and 6.4 deaths per 1,000 live births for both sexes, respectively, in 2021.",EN,2025-04-14T22:00:00.000Z,2004,3.24,,Eastern Mediterranean
Sudan,MDG_0000000007,Under-five mortality rate (probability of dying by age 5 per 1000 live births),text,EMR,Eastern Mediterranean,Country,SDN,Year,2004,False,Sex,Both sexes,SEX_BTSX,Age Group,< 5 years,AGEGROUP_YEARSUNDER5,Wealth Quintile,Total,WEALTHQUINTILE_TOTL,,,,102.6,,,93.09,,112.4,102.6 [93.1-112.4],,,EN,2025-04-14T22:00:00.000Z,2004,14498.72,,Eastern Mediterranean
Togo,MDG_0000000007,Under-five mortality rate (probability of dying by age 5 per 1000 live births),text,AFR,Africa,Country,TGO,Year,2004,False,Sex,Both sexes,SEX_BTSX,Age Group,< 5 years,AGEGROUP_YEARSUNDER5,Wealth Quintile,Total,WEALTHQUINTILE_TOTL,,,,105.9,,,98.15,,114.5,105.9 [98.2-114.5],,,EN,2025-04-14T22:00:00.000Z,2004,3772.7,,Africa
Latvia,MDG_0000000007,Under-five mortality rate (probability of dying by age 5 per 1000 live births),text,EUR,Europe,Country,LVA,Year,2004,False,Sex,Both sexes,SEX_BTSX,Age Group,< 5 years,AGEGROUP_YEARSUNDER5,Wealth Quintile,Total,WEALTHQUINTILE_TOTL,,,,11.19,,,10.62,,11.78,11.2 [10.6-11.8],,,EN,2025-04-14T22:00:00.000Z,2004,0.0,,Europe
Costa Rica,MDG_0000000007,Under-five mortality rate (probability of dying by age 5 per 1000 live births),text,AMR,Americas,Country,CRI,Year,2004,False,Sex,Both sexes,SEX_BTSX,Age Group,< 5 years,AGEGROUP_YEARSUNDER5,Wealth Quintile,Total,WEALTHQUINTILE_TOTL,,,,11.54,,,11.26,,11.83,11.5 [11.3-11.8],,,EN,2025-04-14T22:00:00.000Z,2004,15.81,,Americas
Zambia,MDG_0000000007,Under-five mortality rate (probability of dying by age 5 per 1000 live births),text,AFR,Africa,Country,ZMB,Year,2004,False,Sex,Both sexes,SEX_BTSX,Age Group,< 5 years,AGEGROUP_YEARSUNDER5,Wealth Quintile,Total,WEALTHQUINTILE_TOTL,,,,113.7,,,105.8,,121.9,113.7 [105.8-121.9],,,EN,2025-04-14T22:00:00.000Z,2004,10540.9,,Africa
Afghanistan,MDG_0000000007,Under-five mortality rate (probability of dying by age 5 per 1000 live births),text,EMR,Eastern Mediterranean,Country,AFG,Year,2004,False,Sex,Both sexes,SEX_BTSX,Age Group,< 5 years,AGEGROUP_YEARSUNDER5,Wealth Quintile,Total,WEALTHQUINTILE_TOTL,,,,114.2,,,106.1,,123.2,114.2 [106.1-123.2],,,EN,2025-04-14T22:00:00.000Z,2004,62199.95,,Eastern Mediterranean
Lesotho,MDG_0000000007,Under-five mortality rate (probability of dying by age 5 per 1000 live births),text,AFR,Africa,Country,LSO,Year,2004,False,Sex,Both sexes,SEX_BTSX,Age Group,< 5 years,AGEGROUP_YEARSUNDER5,Wealth Quintile,Total,WEALTHQUINTILE_TOTL,,,,114.7,,,105.4,,124.7,114.7 [105.4-124.7],,,EN,2025-04-14T22:00:00.000Z,2004,120.85,,Africa
Uganda,MDG_0000000007,Under-five mortality rate (probability of dying by age 5 per 1000 live births),text,AFR,Africa,Country,UGA,Year,2004,False,Sex,Both sexes,SEX_BTSX,Age Group,< 5 years,AGEGROUP_YEARSUNDER5,Wealth Quintile,Total,WEALTHQUINTILE_TOTL,,,,114.9,,,107.8,,122.6,114.9 [107.8-122.6],,,EN,2025-04-14T22:00:00.000Z,2004,23308.74,,Africa
Ethiopia,MDG_0000000007,Under-five mortality rate (probability of dying by age 5 per 1000 live births),text,AFR,Africa,Country,ETH,Year,2004,False,Sex,Both sexes,SEX_BTSX,Age Group,< 5 years,AGEGROUP_YEARSUNDER5,Wealth Quintile,Total,WEALTHQUINTILE_TOTL,,,,115.0,,,107.6,,122.9,115.0 [107.6-122.9],,,EN,2025-04-14T22:00:00.000Z,2004,87322.62,,Africa
Eswatini,MDG_0000000007,Under-five mortality rate (probability of dying by age 5 per 1000 live births),text,AFR,Africa,Country,SWZ,Year,2004,False,Sex,Both sexes,SEX_BTSX,Age Group,< 5 years,AGEGROUP_YEARSUNDER5,Wealth Quintile,Total,WEALTHQUINTILE_TOTL,,,,116.2,,,104.9,,129.3,116.2 [104.9-129.3],,,EN,2025-04-14T22:00:00.000Z,2004,398.34,,Africa
Rwanda,MDG_0000000007,Under-five mortality rate (probability of dying by age 5 per 1000 live births),text,AFR,Africa,Country,RWA,Year,2004,False,Sex,Both sexes,SEX_BTSX,Age Group,< 5 years,AGEGROUP_YEARSUNDER5,Wealth Quintile,Total,WEALTHQUINTILE_TOTL,,,,118.1,,,109.7,,126.9,118.1 [109.7-126.9],,,EN,2025-04-14T22:00:00.000Z,2004,14353.66,,Africa
Malawi,MDG_0000000007,Under-five mortality rate (probability of dying by age 5 per 1000 live births),text,AFR,Africa,Country,MWI,Year,2004,False,Sex,Both sexes,SEX_BTSX,Age Group,< 5 years,AGEGROUP_YEARSUNDER5,Wealth Quintile,Total,WEALTHQUINTILE_TOTL,,,,119.3,,,111.4,,127.5,119.3 [111.4-127.5],,,EN,2025-04-14T22:00:00.000Z,2004,14963.99,,Africa
Benin,MDG_0000000007,Under-five mortality rate (probability of dying by age 5 per 1000 live births),text,AFR,Africa,Country,BEN,Year,2004,False,Sex,Both sexes,SEX_BTSX,Age Group,< 5 years,AGEGROUP_YEARSUNDER5,Wealth Quintile,Total,WEALTHQUINTILE_TOTL,,,,123.5,,,115.2,,132.1,123.5 [115.2-132.1],,,EN,2025-04-14T22:00:00.000Z,2004,6716.05,,Africa
Antigua and Barbuda,MDG_0000000007,Under-five mortality rate (probability of dying by age 5 per 1000 live births),text,AMR,Americas,Country,ATG,Year,2004,False,Sex,Both sexes,SEX_BTSX,Age Group,< 5 years,AGEGROUP_YEARSUNDER5,Wealth Quintile,Total,WEALTHQUINTILE_TOTL,,,,13.64,,,12.06,,15.42,13.6 [12.1-15.4],,,EN,2025-04-14T22:00:00.000Z,2004,0.0,,Americas
Burundi,MDG_0000000007,Under-five mortality rate (probability of dying by age 5 per 1000 live births),text,AFR,Africa,Country,BDI,Year,2004,False,Sex,Both sexes,SEX_BTSX,Age Group,< 5 years,AGEGROUP_YEARSUNDER5,Wealth Quintile,Total,WEALTHQUINTILE_TOTL,,,,131.0,,,117.2,,147.0,131.0 [117.2-147.0],,,EN,2025-04-14T22:00:00.000Z,2004,11652.52,,Africa
Cameroon,MDG_0000000007,Under-five mortality rate (probability of dying by age 5 per 1000 live births),text,AFR,Africa,Country,CMR,Year,2004,False,Sex,Both sexes,SEX_BTSX,Age Group,< 5 years,AGEGROUP_YEARSUNDER5,Wealth Quintile,Total,WEALTHQUINTILE_TOTL,,,,131.3,,,121.0,,142.2,131.3 [121.0-142.2],,,EN,2025-04-14T22:00:00.000Z,2004,13693.47,,Africa
Mozambique,MDG_0000000007,Under-five mortality rate (probability of dying by age 5 per 1000 live births),text,AFR,Africa,Country,MOZ,Year,2004,False,Sex,Both sexes,SEX_BTSX,Age Group,< 5 years,AGEGROUP_YEARSUNDER5,Wealth Quintile,Total,WEALTHQUINTILE_TOTL,,,,131.6,,,121.9,,141.8,131.6 [121.9-141.8],,,EN,2025-04-14T22:00:00.000Z,2004,13983.68,,Africa
Equatorial Guinea,MDG_0000000007,Under-five mortality rate (probability of dying by age 5 per 1000 live births),text,AFR,Africa,Country,GNQ,Year,2004,False,Sex,Both sexes,SEX_BTSX,Age Group,< 5 years,AGEGROUP_YEARSUNDER5,Wealth Quintile,Total,WEALTHQUINTILE_TOTL,,,,137.8,,,120.6,,160.3,137.8 [120.6-160.3],,,EN,2025-04-14T22:00:00.000Z,2004,479.78,,Africa
Bulgaria,MDG_0000000007,Under-five mortality rate (probability of dying by age 5 per 1000 live births),text,EUR,Europe,Country,BGR,Year,2004,False,Sex,Both sexes,SEX_BTSX,Age Group,< 5 years,AGEGROUP_YEARSUNDER5,Wealth Quintile,Total,WEALTHQUINTILE_TOTL,,,,14.2,,,13.82,,14.6,14.2 [13.8-14.6],,,EN,2025-04-14T22:00:00.000Z,2004,7.81,,Europe
Grenada,MDG_0000000007,Under-five mortality rate (probability of dying by age 5 per 1000 live births),text,AMR,Americas,Country,GRD,Year,2004,False,Sex,Both sexes,SEX_BTSX,Age Group,< 5 years,AGEGROUP_YEARSUNDER5,Wealth Quintile,Total,WEALTHQUINTILE_TOTL,,,,14.85,,,13.53,,16.28,14.9 [13.5-16.3],,,EN,2025-04-14T22:00:00.000Z,2004,0.5,,Americas
Barbados,MDG_0000000007,Under-five mortality rate (probability of dying by age 5 per 1000 live births),text,AMR,Americas,Country,BRB,Year,2004,False,Sex,Both sexes,SEX_BTSX,Age Group,< 5 years,AGEGROUP_YEARSUNDER5,Wealth Quintile,Total,WEALTHQUINTILE_TOTL,,,,14.87,,,13.84,,16.02,14.9 [13.8-16.0],,,EN,2025-04-14T22:00:00.000Z,2004,0.0,,Americas
Democratic Republic of the Congo,MDG_0000000007,Under-five mortality rate (probability of dying by age 5 per 1000 live births),text,AFR,Africa,Country,COD,Year,2004,False,Sex,Both sexes,SEX_BTSX,Age Group,< 5 years,AGEGROUP_YEARSUNDER5,Wealth Quintile,Total,WEALTHQUINTILE_TOTL,,,,140.7,,,126.3,,156.8,140.7 [126.3-156.8],,,EN,2025-04-14T22:00:00.000Z,2004,86842.59,,Africa
Guinea,MDG_0000000007,Under-five mortality rate (probability of dying by age 5 per 1000 live births),text,AFR,Africa,Country,GIN,Year,2004,False,Sex,Both sexes,SEX_BTSX,Age Group,< 5 years,AGEGROUP_YEARSUNDER5,Wealth Quintile,Total,WEALTHQUINTILE_TOTL,,,,141.2,,,130.9,,152.1,141.2 [130.9-152.1],,,EN,2025-04-14T22:00:00.000Z,2004,7326.88,,Africa
Liberia,MDG_0000000007,Under-five mortality rate (probability of dying by age 5 per 1000 live births),text,AFR,Africa,Country,LBR,Year,2004,False,Sex,Both sexes,SEX_BTSX,Age Group,< 5 years,AGEGROUP_YEARSUNDER5,Wealth Quintile,Total,WEALTHQUINTILE_TOTL,,,,143.1,,,132.4,,154.3,143.1 [132.4-154.3],,,EN,2025-04-14T22:00:00.000Z,2004,4831.1,,Africa
Russian Federation,MDG_0000000007,Under-five mortality rate (probability of dying by age 5 per 1000 live births),text,EUR,Europe,Country,RUS,Year,2004,False,Sex,Both sexes,SEX_BTSX,Age Group,< 5 years,AGEGROUP_YEARSUNDER5,Wealth Quintile,Total,WEALTHQUINTILE_TOTL,,,,14.96,,,14.67,,15.25,15.0 [14.7-15.3],,,EN,2025-04-14T22:00:00.000Z,2004,319.65,,Europe
Ukraine,MDG_0000000007,Under-five mortality rate (probability of dying by age 5 per 1000 live births),text,EUR,Europe,Country,UKR,Year,2004,False,Sex,Both sexes,SEX_BTSX,Age Group,< 5 years,AGEGROUP_YEARSUNDER5,Wealth Quintile,Total,WEALTHQUINTILE_TOTL,,,,15.1,,,14.28,,15.84,15.1 [14.3-15.8],,"The State Statistics Service of Ukraine (SSSU) have suspended the compilation of impartial statistical information on births and deaths starting from 2022 and on the number of population starting from data as of January 1, 2023, onwards. Consequently, no data is available for 2022.",EN,2025-04-14T22:00:00.000Z,2004,51.38,,Europe
Tonga,MDG_0000000007,Under-five mortality rate (probability of dying by age 5 per 1000 live births),text,WPR,Western Pacific,Country,TON,Year,2004,False,Sex,Both sexes,SEX_BTSX,Age Group,< 5 years,AGEGROUP_YEARSUNDER5,Wealth Quintile,Total,WEALTHQUINTILE_TOTL,,,,15.22,,,13.19,,17.63,15.2 [13.2-17.6],,,EN,2025-04-14T22:00:00.000Z,2004,7.58,,Western Pacific
Uruguay,MDG_0000000007,Under-five mortality rate (probability of dying by age 5 per 1000 live births),text,AMR,Americas,Country,URY,Year,2004,False,Sex,Both sexes,SEX_BTSX,Age Group,< 5 years,AGEGROUP_YEARSUNDER5,Wealth Quintile,Total,WEALTHQUINTILE_TOTL,,,,15.16,,,14.78,,15.56,15.2 [14.8-15.6],,,EN,2025-04-14T22:00:00.000Z,2004,7.5,,Americas
Mauritius,MDG_0000000007,Under-five mortality rate (probability of dying by age 5 per 1000 live births),text,AFR,Africa,Country,MUS,Year,2004,False,Sex,Both sexes,SEX_BTSX,Age Group,< 5 years,AGEGROUP_YEARSUNDER5,Wealth Quintile,Total,WEALTHQUINTILE_TOTL,,,,15.71,,,14.95,,16.54,15.7 [14.9-16.5],,,EN,2025-04-14T22:00:00.000Z,2004,6.46,,Africa
Cook Islands,MDG_0000000007,Under-five mortality rate (probability of dying by age 5 per 1000 live births),text,WPR,Western Pacific,Country,COK,Year,2004,False,Sex,Both sexes,SEX_BTSX,Age Group,< 5 years,AGEGROUP_YEARSUNDER5,Wealth Quintile,Total,WEALTHQUINTILE_TOTL,,,,15.87,,,13.94,,18.14,15.9 [13.9-18.1],,,EN,2025-04-14T22:00:00.000Z,2004,0.5700000000000001,,Western Pacific
Guinea-Bissau,MDG_0000000007,Under-five mortality rate (probability of dying by age 5 per 1000 live births),text,AFR,Africa,Country,GNB,Year,2004,False,Sex,Both sexes,SEX_BTSX,Age Group,< 5 years,AGEGROUP_YEARSUNDER5,Wealth Quintile,Total,WEALTHQUINTILE_TOTL,,,,151.1,,,133.9,,170.4,151.1 [133.9-170.4],,,EN,2025-04-14T22:00:00.000Z,2004,2131.79,,Africa
Central African Republic,MDG_0000000007,Under-five mortality rate (probability of dying by age 5 per 1000 live births),text,AFR,Africa,Country,CAF,Year,2004,False,Sex,Both sexes,SEX_BTSX,Age Group,< 5 years,AGEGROUP_YEARSUNDER5,Wealth Quintile,Total,WEALTHQUINTILE_TOTL,,,,152.2,,,137.1,,169.0,152.2 [137.1-169.0],,,EN,2025-04-14T22:00:00.000Z,2004,3273.05,,Africa
Burkina Faso,MDG_0000000007,Under-five mortality rate (probability of dying by age 5 per 1000 live births),text,AFR,Africa,Country,BFA,Year,2004,False,Sex,Both sexes,SEX_BTSX,Age Group,< 5 years,AGEGROUP_YEARSUNDER5,Wealth Quintile,Total,WEALTHQUINTILE_TOTL,,,,158.6,,,146.7,,171.6,158.6 [146.7-171.6],,,EN,2025-04-14T22:00:00.000Z,2004,18985.45,,Africa
Nigeria,MDG_0000000007,Under-five mortality rate (probability of dying by age 5 per 1000 live births),text,AFR,Africa,Country,NGA,Year,2004,False,Sex,Both sexes,SEX_BTSX,Age Group,< 5 years,AGEGROUP_YEARSUNDER5,Wealth Quintile,Total,WEALTHQUINTILE_TOTL,,,,159.8,,,149.7,,171.0,159.8 [149.7-171.0],,,EN,2025-04-14T22:00:00.000Z,2004,129607.92,,Africa
Lebanon,MDG_0000000007,Under-five mortality rate (probability of dying by age 5 per 1000 live births),text,EMR,Eastern Mediterranean,Country,LBN,Year,2004,False,Sex,Both sexes,SEX_BTSX,Age Group,< 5 years,AGEGROUP_YEARSUNDER5,Wealth Quintile,Total,WEALTHQUINTILE_TOTL,,,,15.96,,,13.2,,19.34,16.0 [13.2-19.3],,,EN,2025-04-14T22:00:00.000Z,2004,138.89,,Eastern Mediterranean
Bahamas,MDG_0000000007,Under-five mortality rate (probability of dying by age 5 per 1000 live births),text,AMR,Americas,Country,BHS,Year,2004,False,Sex,Both sexes,SEX_BTSX,Age Group,< 5 years,AGEGROUP_YEARSUNDER5,Wealth Quintile,Total,WEALTHQUINTILE_TOTL,,,,16.86,,,15.89,,17.89,16.9 [15.9-17.9],,,EN,2025-04-14T22:00:00.000Z,2004,0.46,,Americas
Mali,MDG_0000000007,Under-five mortality rate (probability of dying by age 5 per 1000 live births),text,AFR,Africa,Country,MLI,Year,2004,False,Sex,Both sexes,SEX_BTSX,Age Group,< 5 years,AGEGROUP_YEARSUNDER5,Wealth Quintile,Total,WEALTHQUINTILE_TOTL,,,,163.1,,,152.9,,174.0,163.1 [152.9-174.0],,,EN,2025-04-14T22:00:00.000Z,2004,17582.21,,Africa
Argentina,MDG_0000000007,Under-five mortality rate (probability of dying by age 5 per 1000 live births),text,AMR,Americas,Country,ARG,Year,2004,False,Sex,Both sexes,SEX_BTSX,Age Group,< 5 years,AGEGROUP_YEARSUNDER5,Wealth Quintile,Total,WEALTHQUINTILE_TOTL,,,,17.29,,,16.96,,17.62,17.3 [17.0-17.6],,,EN,2025-04-14T22:00:00.000Z,2004,103.88,,Americas
Chad,MDG_0000000007,Under-five mortality rate (probability of dying by age 5 per 1000 live births),text,AFR,Africa,Country,TCD,Year,2004,False,Sex,Both sexes,SEX_BTSX,Age Group,< 5 years,AGEGROUP_YEARSUNDER5,Wealth Quintile,Total,WEALTHQUINTILE_TOTL,,,,170.0,,,156.4,,184.9,170.0 [156.4-184.9],,,EN,2025-04-14T22:00:00.000Z,2004,11123.27,,Africa
Somalia,MDG_0000000007,Under-five mortality rate (probability of dying by age 5 per 1000 live births),text,EMR,Eastern Mediterranean,Country,SOM,Year,2004,False,Sex,Both sexes,SEX_BTSX,Age Group,< 5 years,AGEGROUP_YEARSUNDER5,Wealth Quintile,Total,WEALTHQUINTILE_TOTL,,,,172.3,,,135.5,,223.1,172.3 [135.5-223.1],,,EN,2025-04-14T22:00:00.000Z,2004,13245.73,,Eastern Mediterranean
Angola,MDG_0000000007,Under-five mortality rate (probability of dying by age 5 per 1000 live births),text,AFR,Africa,Country,AGO,Year,2004,False,Sex,Both sexes,SEX_BTSX,Age Group,< 5 years,AGEGROUP_YEARSUNDER5,Wealth Quintile,Total,WEALTHQUINTILE_TOTL,,,,173.8,,,148.5,,204.2,173.8 [148.5-204.2],,,EN,2025-04-14T22:00:00.000Z,2004,37920.11,,Africa
Thailand,MDG_0000000007,Under-five mortality rate (probability of dying by age 5 per 1000 live births),text,SEAR,South-East Asia,Country,THA,Year,2004,False,Sex,Both sexes,SEX_BTSX,Age Group,< 5 years,AGEGROUP_YEARSUNDER5,Wealth Quintile,Total,WEALTHQUINTILE_TOTL,,,,18.09,,,15.61,,20.1,18.1 [15.6-20.1],,,EN,2025-04-14T22:00:00.000Z,2004,2839.03,,South-East Asia
Saint Lucia,MDG_0000000007,Under-five mortality rate (probability of dying by age 5 per 1000 live births),text,AMR,Americas,Country,LCA,Year,2004,False,Sex,Both sexes,SEX_BTSX,Age Group,< 5 years,AGEGROUP_YEARSUNDER5,Wealth Quintile,Total,WEALTHQUINTILE_TOTL,,,,18.28,,,17.19,,19.44,18.3 [17.2-19.4],,,EN,2025-04-14T22:00:00.000Z,2004,0.24,,Americas
Niger,MDG_0000000007,Under-five mortality rate (probability of dying by age 5 per 1000 live births),text,AFR,Africa,Country,NER,Year,2004,False,Sex,Both sexes,SEX_BTSX,Age Group,< 5 years,AGEGROUP_YEARSUNDER5,Wealth Quintile,Total,WEALTHQUINTILE_TOTL,,,,182.8,,,169.5,,197.3,182.8 [169.5-197.3],,,EN,2025-04-14T22:00:00.000Z,2004,31324.11,,Africa
Venezuela (Bolivarian Republic of),MDG_0000000007,Under-five mortality rate (probability of dying by age 5 per 1000 live births),text,AMR,Americas,Country,VEN,Year,2004,False,Sex,Both sexes,SEX_BTSX,Age Group,< 5 years,AGEGROUP_YEARSUNDER5,Wealth Quintile,Total,WEALTHQUINTILE_TOTL,,,,19.15,,,18.8,,19.51,19.1 [18.8-19.5],,,EN,2025-04-14T22:00:00.000Z,2004,857.3,,Americas
Jamaica,MDG_0000000007,Under-five mortality rate (probability of dying by age 5 per 1000 live births),text,AMR,Americas,Country,JAM,Year,2004,False,Sex,Both sexes,SEX_BTSX,Age Group,< 5 years,AGEGROUP_YEARSUNDER5,Wealth Quintile,Total,WEALTHQUINTILE_TOTL,,,,19.24,,,16.51,,22.46,19.2 [16.5-22.5],,,EN,2025-04-14T22:00:00.000Z,2004,125.11,,Americas
Samoa,MDG_0000000007,Under-five mortality rate (probability of dying by age 5 per 1000 live births),text,WPR,Western Pacific,Country,WSM,Year,2004,False,Sex,Both sexes,SEX_BTSX,Age Group,< 5 years,AGEGROUP_YEARSUNDER5,Wealth Quintile,Total,WEALTHQUINTILE_TOTL,,,,19.39,,,17.12,,21.95,19.4 [17.1-22.0],,,EN,2025-04-14T22:00:00.000Z,2004,15.91,,Western Pacific
Saint Kitts and Nevis,MDG_0000000007,Under-five mortality rate (probability of dying by age 5 per 1000 live births),text,AMR,Americas,Country,KNA,Year,2004,False,Sex,Both sexes,SEX_BTSX,Age Group,< 5 years,AGEGROUP_YEARSUNDER5,Wealth Quintile,Total,WEALTHQUINTILE_TOTL,,,,20.33,,,17.99,,22.96,20.3 [18.0-23.0],,,EN,2025-04-14T22:00:00.000Z,2004,1.29,,Americas
Syrian Arab Republic,MDG_0000000007,Under-five mortality rate (probability of dying by age 5 per 1000 live births),text,EMR,Eastern Mediterranean,Country,SYR,Year,2004,False,Sex,Both sexes,SEX_BTSX,Age Group,< 5 years,AGEGROUP_YEARSUNDER5,Wealth Quintile,Total,WEALTHQUINTILE_TOTL,,,,20.3,,,18.2,,22.82,20.3 [18.2-22.8],,,EN,2025-04-14T22:00:00.000Z,2004,1356.8,,Eastern Mediterranean
Sierra Leone,MDG_0000000007,Under-five mortality rate (probability of dying by age 5 per 1000 live births),text,AFR,Africa,Country,SLE,Year,2004,False,Sex,Both sexes,SEX_BTSX,Age Group,< 5 years,AGEGROUP_YEARSUNDER5,Wealth Quintile,Total,WEALTHQUINTILE_TOTL,,,,200.6,,,187.4,,214.9,200.6 [187.4-214.9],,,EN,2025-04-14T22:00:00.000Z,2004,12449.49,,Africa
Dominica,MDG_0000000007,Under-five mortality rate (probability of dying by age 5 per 1000 live births),text,AMR,Americas,Country,DMA,Year,2004,False,Sex,Both sexes,SEX_BTSX,Age Group,< 5 years,AGEGROUP_YEARSUNDER5,Wealth Quintile,Total,WEALTHQUINTILE_TOTL,,,,21.08,,,19.73,,22.48,21.1 [19.7-22.5],,,EN,2025-04-14T22:00:00.000Z,2004,0.0,,Americas
Albania,MDG_0000000007,Under-five mortality rate (probability of dying by age 5 per 1000 live births),text,EUR,Europe,Country,ALB,Year,2004,False,Sex,Both sexes,SEX_BTSX,Age Group,< 5 years,AGEGROUP_YEARSUNDER5,Wealth Quintile,Total,WEALTHQUINTILE_TOTL,,,,21.43,,,20.39,,22.54,21.4 [20.4-22.5],,,EN,2025-04-14T22:00:00.000Z,2004,116.46,,Europe
Belize,MDG_0000000007,Under-five mortality rate (probability of dying by age 5 per 1000 live births),text,AMR,Americas,Country,BLZ,Year,2004,False,Sex,Both sexes,SEX_BTSX,Age Group,< 5 years,AGEGROUP_YEARSUNDER5,Wealth Quintile,Total,WEALTHQUINTILE_TOTL,,,,21.54,,,20.55,,22.61,21.5 [20.6-22.6],,,EN,2025-04-14T22:00:00.000Z,2004,9.61,,Americas
Republic of Moldova,MDG_0000000007,Under-five mortality rate (probability of dying by age 5 per 1000 live births),text,EUR,Europe,Country,MDA,Year,2004,False,Sex,Both sexes,SEX_BTSX,Age Group,< 5 years,AGEGROUP_YEARSUNDER5,Wealth Quintile,Total,WEALTHQUINTILE_TOTL,,,,21.55,,,17.67,,27.12,21.6 [17.7-27.1],,,EN,2025-04-14T22:00:00.000Z,2004,30.02,,Europe
Colombia,MDG_0000000007,Under-five mortality rate (probability of dying by age 5 per 1000 live births),text,AMR,Americas,Country,COL,Year,2004,False,Sex,Both sexes,SEX_BTSX,Age Group,< 5 years,AGEGROUP_YEARSUNDER5,Wealth Quintile,Total,WEALTHQUINTILE_TOTL,,,,22.15,,,20.22,,24.23,22.2 [20.2-24.2],,,EN,2025-04-14T22:00:00.000Z,2004,1477.88,,Americas
Panama,MDG_0000000007,Under-five mortality rate (probability of dying by age 5 per 1000 live births),text,AMR,Americas,Country,PAN,Year,2004,False,Sex,Both sexes,SEX_BTSX,Age Group,< 5 years,AGEGROUP_YEARSUNDER5,Wealth Quintile,Total,WEALTHQUINTILE_TOTL,,,,22.47,,,19.32,,25.92,22.5 [19.3-25.9],,,EN,2025-04-14T22:00:00.000Z,2004,187.63,,Americas
Tunisia,MDG_0000000007,Under-five mortality rate (probability of dying by age 5 per 1000 live births),text,EMR,Eastern Mediterranean,Country,TUN,Year,2004,False,Sex,Both sexes,SEX_BTSX,Age Group,< 5 years,AGEGROUP_YEARSUNDER5,Wealth Quintile,Total,WEALTHQUINTILE_TOTL,,,,22.69,,,20.7,,24.84,22.7 [20.7-24.8],,,EN,2025-04-14T22:00:00.000Z,2004,494.54,,Eastern Mediterranean
Jordan,MDG_0000000007,Under-five mortality rate (probability of dying by age 5 per 1000 live births),text,EMR,Eastern Mediterranean,Country,JOR,Year,2004,False,Sex,Both sexes,SEX_BTSX,Age Group,< 5 years,AGEGROUP_YEARSUNDER5,Wealth Quintile,Total,WEALTHQUINTILE_TOTL,,,,22.73,,,20.91,,24.7,22.7 [20.9-24.7],,,EN,2025-04-14T22:00:00.000Z,2004,416.0,,Eastern Mediterranean
Palau,MDG_0000000007,Under-five mortality rate (probability of dying by age 5 per 1000 live births),text,WPR,Western Pacific,Country,PLW,Year,2004,False,Sex,Both sexes,SEX_BTSX,Age Group,< 5 years,AGEGROUP_YEARSUNDER5,Wealth Quintile,Total,WEALTHQUINTILE_TOTL,,,,22.93,,,19.41,,27.24,22.9 [19.4-27.2],,,EN,2025-04-14T22:00:00.000Z,2004,0.88,,Western Pacific
Fiji,MDG_0000000007,Under-five mortality rate (probability of dying by age 5 per 1000 live births),text,WPR,Western Pacific,Country,FJI,Year,2004,False,Sex,Both sexes,SEX_BTSX,Age Group,< 5 years,AGEGROUP_YEARSUNDER5,Wealth Quintile,Total,WEALTHQUINTILE_TOTL,,,,23.08,,,22.33,,23.85,23.1 [22.3-23.8],,,EN,2025-04-14T22:00:00.000Z,2004,10.18,,Western Pacific
Mexico,MDG_0000000007,Under-five mortality rate (probability of dying by age 5 per 1000 live births),text,AMR,Americas,Country,MEX,Year,2004,False,Sex,Both sexes,SEX_BTSX,Age Group,< 5 years,AGEGROUP_YEARSUNDER5,Wealth Quintile,Total,WEALTHQUINTILE_TOTL,,,,23.63,,,22.02,,25.43,23.6 [22.0-25.4],,,EN,2025-04-14T22:00:00.000Z,2004,2438.97,,Americas
Ecuador,MDG_0000000007,Under-five mortality rate (probability of dying by age 5 per 1000 live births),text,AMR,Americas,Country,ECU,Year,2004,False,Sex,Both sexes,SEX_BTSX,Age Group,< 5 years,AGEGROUP_YEARSUNDER5,Wealth Quintile,Total,WEALTHQUINTILE_TOTL,,,,24.63,,,21.76,,27.87,24.6 [21.8-27.9],,,EN,2025-04-14T22:00:00.000Z,2004,903.55,,Americas
Vanuatu,MDG_0000000007,Under-five mortality rate (probability of dying by age 5 per 1000 live births),text,WPR,Western Pacific,Country,VUT,Year,2004,False,Sex,Both sexes,SEX_BTSX,Age Group,< 5 years,AGEGROUP_YEARSUNDER5,Wealth Quintile,Total,WEALTHQUINTILE_TOTL,,,,24.97,,,21.52,,29.18,25.0 [21.5-29.2],,,EN,2025-04-14T22:00:00.000Z,2004,12.57,,Western Pacific
Armenia,MDG_0000000007,Under-five mortality rate (probability of dying by age 5 per 1000 live births),text,EUR,Europe,Country,ARM,Year,2004,False,Sex,Both sexes,SEX_BTSX,Age Group,< 5 years,AGEGROUP_YEARSUNDER5,Wealth Quintile,Total,WEALTHQUINTILE_TOTL,,,,25.23,,,22.27,,27.85,25.2 [22.3-27.9],,,EN,2025-04-14T22:00:00.000Z,2004,132.13,,Europe
El Salvador,MDG_0000000007,Under-five mortality rate (probability of dying by age 5 per 1000 live births),text,AMR,Americas,Country,SLV,Year,2004,False,Sex,Both sexes,SEX_BTSX,Age Group,< 5 years,AGEGROUP_YEARSUNDER5,Wealth Quintile,Total,WEALTHQUINTILE_TOTL,,,,25.46,,,22.64,,28.66,25.5 [22.6-28.7],,,EN,2025-04-14T22:00:00.000Z,2004,536.86,,Americas
Viet Nam,MDG_0000000007,Under-five mortality rate (probability of dying by age 5 per 1000 live births),text,WPR,Western Pacific,Country,VNM,Year,2004,False,Sex,Both sexes,SEX_BTSX,Age Group,< 5 years,AGEGROUP_YEARSUNDER5,Wealth Quintile,Total,WEALTHQUINTILE_TOTL,,,,25.71,,,21.7,,29.6,25.7 [21.7-29.6],,,EN,2025-04-14T22:00:00.000Z,2004,4904.88,,Western Pacific
Georgia,MDG_0000000007,Under-five mortality rate (probability of dying by age 5 per 1000 live births),text,EUR,Europe,Country,GEO,Year,2004,False,Sex,Both sexes,SEX_BTSX,Age Group,< 5 years,AGEGROUP_YEARSUNDER5,Wealth Quintile,Total,WEALTHQUINTILE_TOTL,,,,26.04,,,23.58,,29.91,26.0 [23.6-29.9],,,EN,2025-04-14T22:00:00.000Z,2004,399.92,,Europe
Brazil,MDG_0000000007,Under-five mortality rate (probability of dying by age 5 per 1000 live births),text,AMR,Americas,Country,BRA,Year,2004,False,Sex,Both sexes,SEX_BTSX,Age Group,< 5 years,AGEGROUP_YEARSUNDER5,Wealth Quintile,Total,WEALTHQUINTILE_TOTL,,,,26.3,,,24.59,,28.14,26.3 [24.6-28.1],,,EN,2025-04-14T22:00:00.000Z,2004,21569.81,,Americas
China,MDG_0000000007,Under-five mortality rate (probability of dying by age 5 per 1000 live births),text,WPR,Western Pacific,Country,CHN,Year,2004,False,Sex,Both sexes,SEX_BTSX,Age Group,< 5 years,AGEGROUP_YEARSUNDER5,Wealth Quintile,Total,WEALTHQUINTILE_TOTL,,,,26.35,,,24.85,,27.89,26.4 [24.9-27.9],,,EN,2025-04-14T22:00:00.000Z,2004,49195.15,,Western Pacific
Maldives,MDG_0000000007,Under-five mortality rate (probability of dying by age 5 per 1000 live births),text,SEAR,South-East Asia,Country,MDV,Year,2004,False,Sex,Both sexes,SEX_BTSX,Age Group,< 5 years,AGEGROUP_YEARSUNDER5,Wealth Quintile,Total,WEALTHQUINTILE_TOTL,,,,27.02,,,24.75,,29.46,27.0 [24.8-29.5],,,EN,2025-04-14T22:00:00.000Z,2004,44.95,,South-East Asia
Suriname,MDG_0000000007,Under-five mortality rate (probability of dying by age 5 per 1000 live births),text,AMR,Americas,Country,SUR,Year,2004,False,Sex,Both sexes,SEX_BTSX,Age Group,< 5 years,AGEGROUP_YEARSUNDER5,Wealth Quintile,Total,WEALTHQUINTILE_TOTL,,,,27.23,,,22.44,,32.89,27.2 [22.4-32.9],,,EN,2025-04-14T22:00:00.000Z,2004,22.74,,Americas
Trinidad and Tobago,MDG_0000000007,Under-five mortality rate (probability of dying by age 5 per 1000 live births),text,AMR,Americas,Country,TTO,Year,2004,False,Sex,Both sexes,SEX_BTSX,Age Group,< 5 years,AGEGROUP_YEARSUNDER5,Wealth Quintile,Total,WEALTHQUINTILE_TOTL,,,,27.24,,,22.99,,32.53,27.2 [23.0-32.5],,,EN,2025-04-14T22:00:00.000Z,2004,4.61,,Americas
Peru,MDG_0000000007,Under-five mortality rate (probability of dying by age 5 per 1000 live births),text,AMR,Americas,Country,PER,Year,2004,False,Sex,Both sexes,SEX_BTSX,Age Group,< 5 years,AGEGROUP_YEARSUNDER5,Wealth Quintile,Total,WEALTHQUINTILE_TOTL,,,,28.19,,,26.44,,29.95,28.2 [26.4-30.0],,,EN,2025-04-14T22:00:00.000Z,2004,2057.08,,Americas
Cabo Verde,MDG_0000000007,Under-five mortality rate (probability of dying by age 5 per 1000 live births),text,AFR,Africa,Country,CPV,Year,2004,False,Sex,Both sexes,SEX_BTSX,Age Group,< 5 years,AGEGROUP_YEARSUNDER5,Wealth Quintile,Total,WEALTHQUINTILE_TOTL,,,,28.25,,,27.25,,29.25,28.2 [27.3-29.2],,,EN,2025-04-14T22:00:00.000Z,2004,57.45,,Africa
Sri Lanka,MDG_0000000007,Under-five mortality rate (probability of dying by age 5 per 1000 live births),text,SEAR,South-East Asia,Country,LKA,Year,2004,False,Sex,Both sexes,SEX_BTSX,Age Group,< 5 years,AGEGROUP_YEARSUNDER5,Wealth Quintile,Total,WEALTHQUINTILE_TOTL,,,,28.79,,,28.18,,29.4,28.8 [28.2-29.4],,,EN,2025-04-14T22:00:00.000Z,2004,711.26,,South-East Asia
Solomon Islands,MDG_0000000007,Under-five mortality rate (probability of dying by age 5 per 1000 live births),text,WPR,Western Pacific,Country,SLB,Year,2004,False,Sex,Both sexes,SEX_BTSX,Age Group,< 5 years,AGEGROUP_YEARSUNDER5,Wealth Quintile,Total,WEALTHQUINTILE_TOTL,,,,29.4,,,26.25,,32.94,29.4 [26.3-32.9],,,EN,2025-04-14T22:00:00.000Z,2004,58.21,,Western Pacific
Singapore,MDG_0000000007,Under-five mortality rate (probability of dying by age 5 per 1000 live births),text,WPR,Western Pacific,Country,SGP,Year,2004,False,Sex,Both sexes,SEX_BTSX,Age Group,< 5 years,AGEGROUP_YEARSUNDER5,Wealth Quintile,Total,WEALTHQUINTILE_TOTL,,,,3.07,,,2.87,,3.27,3.1 [2.9-3.3],,,EN,2025-04-14T22:00:00.000Z,2004,0.58,,Western Pacific
Iceland,MDG_0000000007,Under-five mortality rate (probability of dying by age 5 per 1000 live births),text,EUR,Europe,Country,ISL,Year,2004,False,Sex,Both sexes,SEX_BTSX,Age Group,< 5 years,AGEGROUP_YEARSUNDER5,Wealth Quintile,Total,WEALTHQUINTILE_TOTL,,,,3.26,,,2.88,,3.68,3.3 [2.9-3.7],,,EN,2025-04-14T22:00:00.000Z,2004,0.0,,Europe
Luxembourg,MDG_0000000007,Under-five mortality rate (probability of dying by age 5 per 1000 live births),text,EUR,Europe,Country,LUX,Year,2004,False,Sex,Both sexes,SEX_BTSX,Age Group,< 5 years,AGEGROUP_YEARSUNDER5,Wealth Quintile,Total,WEALTHQUINTILE_TOTL,,,,3.68,,,3.3,,4.09,3.7 [3.3-4.1],,,EN,2025-04-14T22:00:00.000Z,2004,0.45,,Europe
Sweden,MDG_0000000007,Under-five mortality rate (probability of dying by age 5 per 1000 live births),text,EUR,Europe,Country,SWE,Year,2004,False,Sex,Both sexes,SEX_BTSX,Age Group,< 5 years,AGEGROUP_YEARSUNDER5,Wealth Quintile,Total,WEALTHQUINTILE_TOTL,,,,3.74,,,3.61,,3.89,3.7 [3.6-3.9],,,EN,2025-04-14T22:00:00.000Z,2004,0.0,,Europe
Finland,MDG_0000000007,Under-five mortality rate (probability of dying by age 5 per 1000 live births),text,EUR,Europe,Country,FIN,Year,2004,False,Sex,Both sexes,SEX_BTSX,Age Group,< 5 years,AGEGROUP_YEARSUNDER5,Wealth Quintile,Total,WEALTHQUINTILE_TOTL,,,,3.86,,,3.71,,4.04,3.9 [3.7-4.0],,,EN,2025-04-14T22:00:00.000Z,2004,0.0,,Europe
Japan,MDG_0000000007,Under-five mortality rate (probability of dying by age 5 per 1000 live births),text,WPR,Western Pacific,Country,JPN,Year,2004,False,Sex,Both sexes,SEX_BTSX,Age Group,< 5 years,AGEGROUP_YEARSUNDER5,Wealth Quintile,Total,WEALTHQUINTILE_TOTL,,,,3.86,,,3.79,,3.93,3.9 [3.8-3.9],,,EN,2025-04-14T22:00:00.000Z,2004,18.82,,Western Pacific
Paraguay,MDG_0000000007,Under-five mortality rate (probability of dying by age 5 per 1000 live births),text,AMR,Americas,Country,PRY,Year,2004,False,Sex,Both sexes,SEX_BTSX,Age Group,< 5 years,AGEGROUP_YEARSUNDER5,Wealth Quintile,Total,WEALTHQUINTILE_TOTL,,,,30.67,,,23.39,,40.56,30.7 [23.4-40.6],,,EN,2025-04-14T22:00:00.000Z,2004,407.87,,Americas
Nicaragua,MDG_0000000007,Under-five mortality rate (probability of dying by age 5 per 1000 live births),text,AMR,Americas,Country,NIC,Year,2004,False,Sex,Both sexes,SEX_BTSX,Age Group,< 5 years,AGEGROUP_YEARSUNDER5,Wealth Quintile,Total,WEALTHQUINTILE_TOTL,,,,30.96,,,27.81,,34.25,31.0 [27.8-34.3],,"The UN IGME estimates are not the official statistics of Nicaragua. The most recent national official estimates of neonatal, infant and under-five mortality rates available to the UN IGME come from the vital registration system for 2022, with a rate of 8.1, 11.7 and 13.3 deaths per 1,000 live births, respectively. Following a request from the Government of Nicaragua and per the objectives of the UN IGME, the UN IGME will continue to assess all data sources in the country relevant to child mortality estimation.",EN,2025-04-14T22:00:00.000Z,2004,688.8,,Americas
Honduras,MDG_0000000007,Under-five mortality rate (probability of dying by age 5 per 1000 live births),text,AMR,Americas,Country,HND,Year,2004,False,Sex,Both sexes,SEX_BTSX,Age Group,< 5 years,AGEGROUP_YEARSUNDER5,Wealth Quintile,Total,WEALTHQUINTILE_TOTL,,,,31.15,,,28.54,,34.07,31.1 [28.5-34.1],,,EN,2025-04-14T22:00:00.000Z,2004,1003.72,,Americas
Kazakhstan,MDG_0000000007,Under-five mortality rate (probability of dying by age 5 per 1000 live births),text,EUR,Europe,Country,KAZ,Year,2004,False,Sex,Both sexes,SEX_BTSX,Age Group,< 5 years,AGEGROUP_YEARSUNDER5,Wealth Quintile,Total,WEALTHQUINTILE_TOTL,,,,33.25,,,30.44,,36.29,33.3 [30.4-36.3],,,EN,2025-04-14T22:00:00.000Z,2004,2872.1,,Europe
Philippines,MDG_0000000007,Under-five mortality rate (probability of dying by age 5 per 1000 live births),text,WPR,Western Pacific,Country,PHL,Year,2004,False,Sex,Both sexes,SEX_BTSX,Age Group,< 5 years,AGEGROUP_YEARSUNDER5,Wealth Quintile,Total,WEALTHQUINTILE_TOTL,,,,33.63,,,31.21,,36.32,33.6 [31.2-36.3],,,EN,2025-04-14T22:00:00.000Z,2004,9901.82,,Western Pacific
Democratic People's Republic of Korea,MDG_0000000007,Under-five mortality rate (probability of dying by age 5 per 1000 live births),text,SEAR,South-East Asia,Country,PRK,Year,2004,False,Sex,Both sexes,SEX_BTSX,Age Group,< 5 years,AGEGROUP_YEARSUNDER5,Wealth Quintile,Total,WEALTHQUINTILE_TOTL,,,,33.8,,,26.47,,43.27,33.8 [26.5-43.3],,The UN IGME estimates are not the official statistics of the Democratic People's Republic of Korea.,EN,2025-04-14T22:00:00.000Z,2004,4171.02,,South-East Asia
Algeria,MDG_0000000007,Under-five mortality rate (probability of dying by age 5 per 1000 live births),text,AFR,Africa,Country,DZA,Year,2004,False,Sex,Both sexes,SEX_BTSX,Age Group,< 5 years,AGEGROUP_YEARSUNDER5,Wealth Quintile,Total,WEALTHQUINTILE_TOTL,,,,35.42,,,33.49,,37.49,35.4 [33.5-37.5],,,EN,2025-04-14T22:00:00.000Z,2004,3138.58,,Africa
Micronesia (Federated States of),MDG_0000000007,Under-five mortality rate (probability of dying by age 5 per 1000 live births),text,WPR,Western Pacific,Country,FSM,Year,2004,False,Sex,Both sexes,SEX_BTSX,Age Group,< 5 years,AGEGROUP_YEARSUNDER5,Wealth Quintile,Total,WEALTHQUINTILE_TOTL,,,,36.11,,,26.44,,48.9,36.1 [26.4-48.9],,,EN,2025-04-14T22:00:00.000Z,2004,11.83,,Western Pacific
Niue,MDG_0000000007,Under-five mortality rate (probability of dying by age 5 per 1000 live births),text,WPR,Western Pacific,Country,NIU,Year,2004,False,Sex,Both sexes,SEX_BTSX,Age Group,< 5 years,AGEGROUP_YEARSUNDER5,Wealth Quintile,Total,WEALTHQUINTILE_TOTL,,,,36.22,,,24.96,,52.39,36.2 [25.0-52.4],,,EN,2025-04-14T22:00:00.000Z,2004,0.0,,Western Pacific
Dominican Republic,MDG_0000000007,Under-five mortality rate (probability of dying by age 5 per 1000 live births),text,AMR,Americas,Country,DOM,Year,2004,False,Sex,Both sexes,SEX_BTSX,Age Group,< 5 years,AGEGROUP_YEARSUNDER5,Wealth Quintile,Total,WEALTHQUINTILE_TOTL,,,,36.7,,,33.74,,39.79,36.7 [33.7-39.8],,,EN,2025-04-14T22:00:00.000Z,2004,777.13,,Americas
Egypt,MDG_0000000007,Under-five mortality rate (probability of dying by age 5 per 1000 live births),text,EMR,Eastern Mediterranean,Country,EGY,Year,2004,False,Sex,Both sexes,SEX_BTSX,Age Group,< 5 years,AGEGROUP_YEARSUNDER5,Wealth Quintile,Total,WEALTHQUINTILE_TOTL,,,,37.46,,,34.65,,40.48,37.5 [34.7-40.5],,,EN,2025-04-14T22:00:00.000Z,2004,7727.04,,Eastern Mediterranean
Tuvalu,MDG_0000000007,Under-five mortality rate (probability of dying by age 5 per 1000 live births),text,WPR,Western Pacific,Country,TUV,Year,2004,False,Sex,Both sexes,SEX_BTSX,Age Group,< 5 years,AGEGROUP_YEARSUNDER5,Wealth Quintile,Total,WEALTHQUINTILE_TOTL,,,,38.92,,,34.64,,43.69,38.9 [34.6-43.7],,,EN,2025-04-14T22:00:00.000Z,2004,1.6800000000000002,,Western Pacific
Norway,MDG_0000000007,Under-five mortality rate (probability of dying by age 5 per 1000 live births),text,EUR,Europe,Country,NOR,Year,2004,False,Sex,Both sexes,SEX_BTSX,Age Group,< 5 years,AGEGROUP_YEARSUNDER5,Wealth Quintile,Total,WEALTHQUINTILE_TOTL,,,,4.22,,,4.04,,4.41,4.2 [4.0-4.4],,,EN,2025-04-14T22:00:00.000Z,2004,0.0,,Europe
Monaco,MDG_0000000007,Under-five mortality rate (probability of dying by age 5 per 1000 live births),text,EUR,Europe,Country,MCO,Year,2004,False,Sex,Both sexes,SEX_BTSX,Age Group,< 5 years,AGEGROUP_YEARSUNDER5,Wealth Quintile,Total,WEALTHQUINTILE_TOTL,,,,4.59,,,4.33,,4.87,4.6 [4.3-4.9],,,EN,2025-04-14T22:00:00.000Z,2004,0.04,,Europe
Czechia,MDG_0000000007,Under-five mortality rate (probability of dying by age 5 per 1000 live births),text,EUR,Europe,Country,CZE,Year,2004,False,Sex,Both sexes,SEX_BTSX,Age Group,< 5 years,AGEGROUP_YEARSUNDER5,Wealth Quintile,Total,WEALTHQUINTILE_TOTL,,,,4.57,,,4.41,,4.75,4.6 [4.4-4.8],,,EN,2025-04-14T22:00:00.000Z,2004,2.79,,Europe
Germany,MDG_0000000007,Under-five mortality rate (probability of dying by age 5 per 1000 live births),text,EUR,Europe,Country,DEU,Year,2004,False,Sex,Both sexes,SEX_BTSX,Age Group,< 5 years,AGEGROUP_YEARSUNDER5,Wealth Quintile,Total,WEALTHQUINTILE_TOTL,,,,4.85,,,4.77,,4.94,4.8 [4.8-4.9],,,EN,2025-04-14T22:00:00.000Z,2004,6.79,,Europe
Spain,MDG_0000000007,Under-five mortality rate (probability of dying by age 5 per 1000 live births),text,EUR,Europe,Country,ESP,Year,2004,False,Sex,Both sexes,SEX_BTSX,Age Group,< 5 years,AGEGROUP_YEARSUNDER5,Wealth Quintile,Total,WEALTHQUINTILE_TOTL,,,,4.88,,,4.78,,4.97,4.9 [4.8-5.0],,,EN,2025-04-14T22:00:00.000Z,2004,1.77,,Europe
Iraq,MDG_0000000007,Under-five mortality rate (probability of dying by age 5 per 1000 live births),text,EMR,Eastern Mediterranean,Country,IRQ,Year,2004,False,Sex,Both sexes,SEX_BTSX,Age Group,< 5 years,AGEGROUP_YEARSUNDER5,Wealth Quintile,Total,WEALTHQUINTILE_TOTL,,,,40.67,,,36.67,,45.08,40.7 [36.7-45.1],,,EN,2025-04-14T22:00:00.000Z,2004,16429.17,,Eastern Mediterranean
Kyrgyzstan,MDG_0000000007,Under-five mortality rate (probability of dying by age 5 per 1000 live births),text,EUR,Europe,Country,KGZ,Year,2004,False,Sex,Both sexes,SEX_BTSX,Age Group,< 5 years,AGEGROUP_YEARSUNDER5,Wealth Quintile,Total,WEALTHQUINTILE_TOTL,,,,41.2,,,38.84,,43.22,41.2 [38.8-43.2],,,EN,2025-04-14T22:00:00.000Z,2004,1238.28,,Europe
Marshall Islands,MDG_0000000007,Under-five mortality rate (probability of dying by age 5 per 1000 live births),text,WPR,Western Pacific,Country,MHL,Year,2004,False,Sex,Both sexes,SEX_BTSX,Age Group,< 5 years,AGEGROUP_YEARSUNDER5,Wealth Quintile,Total,WEALTHQUINTILE_TOTL,,,,41.8,,,35.78,,48.74,41.8 [35.8-48.7],,,EN,2025-04-14T22:00:00.000Z,2004,12.18,,Western Pacific
Guyana,MDG_0000000007,Under-five mortality rate (probability of dying by age 5 per 1000 live births),text,AMR,Americas,Country,GUY,Year,2004,False,Sex,Both sexes,SEX_BTSX,Age Group,< 5 years,AGEGROUP_YEARSUNDER5,Wealth Quintile,Total,WEALTHQUINTILE_TOTL,,,,42.26,,,37.17,,47.89,42.3 [37.2-47.9],,,EN,2025-04-14T22:00:00.000Z,2004,105.49,,Americas
Morocco,MDG_0000000007,Under-five mortality rate (probability of dying by age 5 per 1000 live births),text,EMR,Eastern Mediterranean,Country,MAR,Year,2004,False,Sex,Both sexes,SEX_BTSX,Age Group,< 5 years,AGEGROUP_YEARSUNDER5,Wealth Quintile,Total,WEALTHQUINTILE_TOTL,,,,43.55,,,39.3,,48.68,43.6 [39.3-48.7],,,EN,2025-04-14T22:00:00.000Z,2004,3386.09,,Eastern Mediterranean
Guatemala,MDG_0000000007,Under-five mortality rate (probability of dying by age 5 per 1000 live births),text,AMR,Americas,Country,GTM,Year,2004,False,Sex,Both sexes,SEX_BTSX,Age Group,< 5 years,AGEGROUP_YEARSUNDER5,Wealth Quintile,Total,WEALTHQUINTILE_TOTL,,,,44.35,,,40.67,,48.34,44.3 [40.7-48.3],,,EN,2025-04-14T22:00:00.000Z,2004,2531.96,,Americas
Mongolia,MDG_0000000007,Under-five mortality rate (probability of dying by age 5 per 1000 live births),text,WPR,Western Pacific,Country,MNG,Year,2004,False,Sex,Both sexes,SEX_BTSX,Age Group,< 5 years,AGEGROUP_YEARSUNDER5,Wealth Quintile,Total,WEALTHQUINTILE_TOTL,,,,44.54,,,40.97,,48.47,44.5 [41.0-48.5],,,EN,2025-04-14T22:00:00.000Z,2004,425.58,,Western Pacific
Indonesia,MDG_0000000007,Under-five mortality rate (probability of dying by age 5 per 1000 live births),text,SEAR,South-East Asia,Country,IDN,Year,2004,False,Sex,Both sexes,SEX_BTSX,Age Group,< 5 years,AGEGROUP_YEARSUNDER5,Wealth Quintile,Total,WEALTHQUINTILE_TOTL,,,,49.13,,,46.36,,52.13,49.1 [46.4-52.1],,,EN,2025-04-14T22:00:00.000Z,2004,27410.07,,South-East Asia
Uzbekistan,MDG_0000000007,Under-five mortality rate (probability of dying by age 5 per 1000 live births),text,EUR,Europe,Country,UZB,Year,2004,False,Sex,Both sexes,SEX_BTSX,Age Group,< 5 years,AGEGROUP_YEARSUNDER5,Wealth Quintile,Total,WEALTHQUINTILE_TOTL,,,,49.16,,,42.17,,58.07,49.2 [42.2-58.1],,"The most recent official national estimates of neonatal, infant and under-five mortality rates in Uzbekistan are from the vital registration system, with a rate of 4.5, 8.7 and 11.4 deaths per 1,000 live births for both sexes, respectively, in 2022. The most recent official sex-specific estimates from the vital registration system for infant and under-five mortality for males are 9.6 and 12.4 deaths per 1,000 live births and 7.7 and 10.2 deaths per 1,000 live births for females, respectively, in 2022.",EN,2025-04-14T22:00:00.000Z,2004,8555.15,,Europe
Cyprus,MDG_0000000007,Under-five mortality rate (probability of dying by age 5 per 1000 live births),text,EUR,Europe,Country,CYP,Year,2004,False,Sex,Both sexes,SEX_BTSX,Age Group,< 5 years,AGEGROUP_YEARSUNDER5,Wealth Quintile,Total,WEALTHQUINTILE_TOTL,,,,4.97,,,4.53,,5.46,5.0 [4.5-5.5],,"Some UN IGME indicators are calculated using population and live birth numbers from the World Population Prospects: The 2024 revision (WPP). The WPP numbers for Cyprus refer to the entire country. However, the underlying data used to calculate mortality rates estimates, provided by the Health Monitoring Unit of the Cyprus Ministry of Health, cover only the government-controlled areas, whereas according to Eurostat, the number of live births in 2023 was 10,295 (https://ec.europa.eu/eurostat/databrowser/view/tps00204/), the population on 1 January 2023 was 920,701 (https://ec.europa.eu/eurostat/databrowser/view/tps00001/), the population under 5 was 49,326,  adolescent population was 99,207 and the number of women of reproductive age was 235,268 (https://doi.org/10.2908/DEMO_PJAN).",EN,2025-04-14T22:00:00.000Z,2004,6.57,,Europe
Denmark,MDG_0000000007,Under-five mortality rate (probability of dying by age 5 per 1000 live births),text,EUR,Europe,Country,DNK,Year,2004,False,Sex,Both sexes,SEX_BTSX,Age Group,< 5 years,AGEGROUP_YEARSUNDER5,Wealth Quintile,Total,WEALTHQUINTILE_TOTL,,,,5.03,,,4.84,,5.23,5.0 [4.8-5.2],,,EN,2025-04-14T22:00:00.000Z,2004,2.59,,Europe
Austria,MDG_0000000007,Under-five mortality rate (probability of dying by age 5 per 1000 live births),text,EUR,Europe,Country,AUT,Year,2004,False,Sex,Both sexes,SEX_BTSX,Age Group,< 5 years,AGEGROUP_YEARSUNDER5,Wealth Quintile,Total,WEALTHQUINTILE_TOTL,,,,5.05,,,4.87,,5.25,5.1 [4.9-5.2],,,EN,2025-04-14T22:00:00.000Z,2004,0.0,,Europe
Belgium,MDG_0000000007,Under-five mortality rate (probability of dying by age 5 per 1000 live births),text,EUR,Europe,Country,BEL,Year,2004,False,Sex,Both sexes,SEX_BTSX,Age Group,< 5 years,AGEGROUP_YEARSUNDER5,Wealth Quintile,Total,WEALTHQUINTILE_TOTL,,,,5.17,,,5.03,,5.31,5.2 [5.0-5.3],,,EN,2025-04-14T22:00:00.000Z,2004,0.98,,Europe
Switzerland,MDG_0000000007,Under-five mortality rate (probability of dying by age 5 per 1000 live births),text,EUR,Europe,Country,CHE,Year,2004,False,Sex,Both sexes,SEX_BTSX,Age Group,< 5 years,AGEGROUP_YEARSUNDER5,Wealth Quintile,Total,WEALTHQUINTILE_TOTL,,,,5.19,,,5.01,,5.37,5.2 [5.0-5.4],,,EN,2025-04-14T22:00:00.000Z,2004,0.66,,Europe
Australia,MDG_0000000007,Under-five mortality rate (probability of dying by age 5 per 1000 live births),text,WPR,Western Pacific,Country,AUS,Year,2004,False,Sex,Both sexes,SEX_BTSX,Age Group,< 5 years,AGEGROUP_YEARSUNDER5,Wealth Quintile,Total,WEALTHQUINTILE_TOTL,,,,5.83,,,5.72,,5.95,5.8 [5.7-5.9],,,EN,2025-04-14T22:00:00.000Z,2004,0.0,,Western Pacific
Azerbaijan,MDG_0000000007,Under-five mortality rate (probability of dying by age 5 per 1000 live births),text,EUR,Europe,Country,AZE,Year,2004,False,Sex,Both sexes,SEX_BTSX,Age Group,< 5 years,AGEGROUP_YEARSUNDER5,Wealth Quintile,Total,WEALTHQUINTILE_TOTL,,,,55.47,,,47.76,,64.04,55.5 [47.8-64.0],,,EN,2025-04-14T22:00:00.000Z,2004,1771.36,,Europe
Turkmenistan,MDG_0000000007,Under-five mortality rate (probability of dying by age 5 per 1000 live births),text,EUR,Europe,Country,TKM,Year,2004,False,Sex,Both sexes,SEX_BTSX,Age Group,< 5 years,AGEGROUP_YEARSUNDER5,Wealth Quintile,Total,WEALTHQUINTILE_TOTL,,,,55.57,,,45.25,,67.04,55.6 [45.2-67.0],,,EN,2025-04-14T22:00:00.000Z,2004,2273.46,,Europe
Tajikistan,MDG_0000000007,Under-five mortality rate (probability of dying by age 5 per 1000 live births),text,EUR,Europe,Country,TJK,Year,2004,False,Sex,Both sexes,SEX_BTSX,Age Group,< 5 years,AGEGROUP_YEARSUNDER5,Wealth Quintile,Total,WEALTHQUINTILE_TOTL,,,,56.71,,,49.99,,63.98,56.7 [50.0-64.0],,,EN,2025-04-14T22:00:00.000Z,2004,4742.15,,Europe
Bolivia (Plurinational State of),MDG_0000000007,Under-five mortality rate (probability of dying by age 5 per 1000 live births),text,AMR,Americas,Country,BOL,Year,2004,False,Sex,Both sexes,SEX_BTSX,Age Group,< 5 years,AGEGROUP_YEARSUNDER5,Wealth Quintile,Total,WEALTHQUINTILE_TOTL,,,,59.86,,,55.28,,64.63,59.9 [55.3-64.6],,,EN,2025-04-14T22:00:00.000Z,2004,3019.13,,Americas
Canada,MDG_0000000007,Under-five mortality rate (probability of dying by age 5 per 1000 live births),text,AMR,Americas,Country,CAN,Year,2004,False,Sex,Both sexes,SEX_BTSX,Age Group,< 5 years,AGEGROUP_YEARSUNDER5,Wealth Quintile,Total,WEALTHQUINTILE_TOTL,,,,6.14,,,6.03,,6.25,6.1 [6.0-6.3],,,EN,2025-04-14T22:00:00.000Z,2004,2.36,,Americas
Andorra,MDG_0000000007,Under-five mortality rate (probability of dying by age 5 per 1000 live births),text,EUR,Europe,Country,AND,Year,2004,False,Sex,Both sexes,SEX_BTSX,Age Group,< 5 years,AGEGROUP_YEARSUNDER5,Wealth Quintile,Total,WEALTHQUINTILE_TOTL,,,,6.25,,,3.43,,11.06,6.2 [3.4-11.1],,,EN,2025-04-14T22:00:00.000Z,2004,0.0,,Europe
Sao Tome and Principe,MDG_0000000007,Under-five mortality rate (probability of dying by age 5 per 1000 live births),text,AFR,Africa,Country,STP,Year,2004,False,Sex,Both sexes,SEX_BTSX,Age Group,< 5 years,AGEGROUP_YEARSUNDER5,Wealth Quintile,Total,WEALTHQUINTILE_TOTL,,,,60.46,,,52.53,,69.84,60.5 [52.5-69.8],,,EN,2025-04-14T22:00:00.000Z,2004,98.16,,Africa
Bhutan,MDG_0000000007,Under-five mortality rate (probability of dying by age 5 per 1000 live births),text,SEAR,South-East Asia,Country,BTN,Year,2004,False,Sex,Both sexes,SEX_BTSX,Age Group,< 5 years,AGEGROUP_YEARSUNDER5,Wealth Quintile,Total,WEALTHQUINTILE_TOTL,,,,61.18,,,54.73,,68.3,61.2 [54.7-68.3],,,EN,2025-04-14T22:00:00.000Z,2004,236.77,,South-East Asia
Kiribati,MDG_0000000007,Under-five mortality rate (probability of dying by age 5 per 1000 live births),text,WPR,Western Pacific,Country,KIR,Year,2004,False,Sex,Both sexes,SEX_BTSX,Age Group,< 5 years,AGEGROUP_YEARSUNDER5,Wealth Quintile,Total,WEALTHQUINTILE_TOTL,,,,61.26,,,53.74,,69.57,61.3 [53.7-69.6],,,EN,2025-04-14T22:00:00.000Z,2004,20.24,,Western Pacific
Nepal,MDG_0000000007,Under-five mortality rate (probability of dying by age 5 per 1000 live births),text,SEAR,South-East Asia,Country,NPL,Year,2004,False,Sex,Both sexes,SEX_BTSX,Age Group,< 5 years,AGEGROUP_YEARSUNDER5,Wealth Quintile,Total,WEALTHQUINTILE_TOTL,,,,63.47,,,59.21,,67.82,63.5 [59.2-67.8],,,EN,2025-04-14T22:00:00.000Z,2004,12356.03,,South-East Asia
Gabon,MDG_0000000007,Under-five mortality rate (probability of dying by age 5 per 1000 live births),text,AFR,Africa,Country,GAB,Year,2004,False,Sex,Both sexes,SEX_BTSX,Age Group,< 5 years,AGEGROUP_YEARSUNDER5,Wealth Quintile,Total,WEALTHQUINTILE_TOTL,,,,65.98,,,58.16,,74.0,66.0 [58.2-74.0],,,EN,2025-04-14T22:00:00.000Z,2004,183.98,,Africa
Bangladesh,MDG_0000000007,Under-five mortality rate (probability of dying by age 5 per 1000 live births),text,SEAR,South-East Asia,Country,BGD,Year,2004,False,Sex,Both sexes,SEX_BTSX,Age Group,< 5 years,AGEGROUP_YEARSUNDER5,Wealth Quintile,Total,WEALTHQUINTILE_TOTL,,,,66.86,,,64.66,,69.18,66.9 [64.7-69.2],,,EN,2025-04-14T22:00:00.000Z,2004,58638.54,,South-East Asia
Papua New Guinea,MDG_0000000007,Under-five mortality rate (probability of dying by age 5 per 1000 live births),text,WPR,Western Pacific,Country,PNG,Year,2004,False,Sex,Both sexes,SEX_BTSX,Age Group,< 5 years,AGEGROUP_YEARSUNDER5,Wealth Quintile,Total,WEALTHQUINTILE_TOTL,,,,67.13,,,59.3,,76.39,67.1 [59.3-76.4],,,EN,2025-04-14T22:00:00.000Z,2004,2615.14,,Western Pacific
Comoros,MDG_0000000007,Under-five mortality rate (probability of dying by age 5 per 1000 live births),text,AFR,Africa,Country,COM,Year,2004,False,Sex,Both sexes,SEX_BTSX,Age Group,< 5 years,AGEGROUP_YEARSUNDER5,Wealth Quintile,Total,WEALTHQUINTILE_TOTL,,,,67.99,,,54.17,,80.74,68.0 [54.2-80.7],,,EN,2025-04-14T22:00:00.000Z,2004,154.88,,Africa
Croatia,MDG_0000000007,Under-five mortality rate (probability of dying by age 5 per 1000 live births),text,EUR,Europe,Country,HRV,Year,2004,False,Sex,Both sexes,SEX_BTSX,Age Group,< 5 years,AGEGROUP_YEARSUNDER5,Wealth Quintile,Total,WEALTHQUINTILE_TOTL,,,,7.06,,,6.79,,7.36,7.1 [6.8-7.4],,,EN,2025-04-14T22:00:00.000Z,2004,0.0,,Europe
Cuba,MDG_0000000007,Under-five mortality rate (probability of dying by age 5 per 1000 live births),text,AMR,Americas,Country,CUB,Year,2004,False,Sex,Both sexes,SEX_BTSX,Age Group,< 5 years,AGEGROUP_YEARSUNDER5,Wealth Quintile,Total,WEALTHQUINTILE_TOTL,,,,7.34,,,6.53,,8.28,7.3 [6.5-8.3],,,EN,2025-04-14T22:00:00.000Z,2004,9.1,,Americas
Bosnia and Herzegovina,MDG_0000000007,Under-five mortality rate (probability of dying by age 5 per 1000 live births),text,EUR,Europe,Country,BIH,Year,2004,False,Sex,Both sexes,SEX_BTSX,Age Group,< 5 years,AGEGROUP_YEARSUNDER5,Wealth Quintile,Total,WEALTHQUINTILE_TOTL,,,,7.63,,,7.35,,7.93,7.6 [7.3-7.9],,,EN,2025-04-14T22:00:00.000Z,2004,3.08,,Europe
Estonia,MDG_0000000007,Under-five mortality rate (probability of dying by age 5 per 1000 live births),text,EUR,Europe,Country,EST,Year,2004,False,Sex,Both sexes,SEX_BTSX,Age Group,< 5 years,AGEGROUP_YEARSUNDER5,Wealth Quintile,Total,WEALTHQUINTILE_TOTL,,,,7.78,,,7.36,,8.23,7.8 [7.4-8.2],,,EN,2025-04-14T22:00:00.000Z,2004,0.0,,Europe
Eritrea,MDG_0000000007,Under-five mortality rate (probability of dying by age 5 per 1000 live births),text,AFR,Africa,Country,ERI,Year,2004,False,Sex,Both sexes,SEX_BTSX,Age Group,< 5 years,AGEGROUP_YEARSUNDER5,Wealth Quintile,Total,WEALTHQUINTILE_TOTL,,,,70.51,,,63.29,,78.51,70.5 [63.3-78.5],,,EN,2025-04-14T22:00:00.000Z,2004,2672.76,,Africa
Cambodia,MDG_0000000007,Under-five mortality rate (probability of dying by age 5 per 1000 live births),text,WPR,Western Pacific,Country,KHM,Year,2004,False,Sex,Both sexes,SEX_BTSX,Age Group,< 5 years,AGEGROUP_YEARSUNDER5,Wealth Quintile,Total,WEALTHQUINTILE_TOTL,,,,70.79,,,63.38,,78.6,70.8 [63.4-78.6],,,EN,2025-04-14T22:00:00.000Z,2004,9453.78,,Western Pacific
Namibia,MDG_0000000007,Under-five mortality rate (probability of dying by age 5 per 1000 live births),text,AFR,Africa,Country,NAM,Year,2004,False,Sex,Both sexes,SEX_BTSX,Age Group,< 5 years,AGEGROUP_YEARSUNDER5,Wealth Quintile,Total,WEALTHQUINTILE_TOTL,,,,74.12,,,65.13,,83.88,74.1 [65.1-83.9],,,EN,2025-04-14T22:00:00.000Z,2004,55.51,,Africa
Yemen,MDG_0000000007,Under-five mortality rate (probability of dying by age 5 per 1000 live births),text,EMR,Eastern Mediterranean,Country,YEM,Year,2004,False,Sex,Both sexes,SEX_BTSX,Age Group,< 5 years,AGEGROUP_YEARSUNDER5,Wealth Quintile,Total,WEALTHQUINTILE_TOTL,,,,74.72,,,68.26,,81.28,74.7 [68.3-81.3],,,EN,2025-04-14T22:00:00.000Z,2004,12889.7,,Eastern Mediterranean
Botswana,MDG_0000000007,Under-five mortality rate (probability of dying by age 5 per 1000 live births),text,AFR,Africa,Country,BWA,Year,2004,False,Sex,Both sexes,SEX_BTSX,Age Group,< 5 years,AGEGROUP_YEARSUNDER5,Wealth Quintile,Total,WEALTHQUINTILE_TOTL,,,,76.31,,,60.88,,93.39,76.3 [60.9-93.4],,,EN,2025-04-14T22:00:00.000Z,2004,729.18,,Africa
Kenya,MDG_0000000007,Under-five mortality rate (probability of dying by age 5 per 1000 live births),text,AFR,Africa,Country,KEN,Year,2004,False,Sex,Both sexes,SEX_BTSX,Age Group,< 5 years,AGEGROUP_YEARSUNDER5,Wealth Quintile,Total,WEALTHQUINTILE_TOTL,,,,76.62,,,71.07,,82.42,76.6 [71.1-82.4],,,EN,2025-04-14T22:00:00.000Z,2004,20841.49,,Africa
Mauritania,MDG_0000000007,Under-five mortality rate (probability of dying by age 5 per 1000 live births),text,AFR,Africa,Country,MRT,Year,2004,False,Sex,Both sexes,SEX_BTSX,Age Group,< 5 years,AGEGROUP_YEARSUNDER5,Wealth Quintile,Total,WEALTHQUINTILE_TOTL,,,,76.99,,,69.86,,84.57,77.0 [69.9-84.6],,,EN,2025-04-14T22:00:00.000Z,2004,1737.86,,Africa
India,MDG_0000000007,Under-five mortality rate (probability of dying by age 5 per 1000 live births),text,SEAR,South-East Asia,Country,IND,Year,2004,False,Sex,Both sexes,SEX_BTSX,Age Group,< 5 years,AGEGROUP_YEARSUNDER5,Wealth Quintile,Total,WEALTHQUINTILE_TOTL,,,,77.72,,,74.51,,81.14,77.7 [74.5-81.1],,The UN IGME estimates are not the official statistics of India. The Sample Registration System (SRS) of ORGI is the official data source of India for all mortality estimates.,EN,2025-04-14T22:00:00.000Z,2004,403517.77,,South-East Asia
Myanmar,MDG_0000000007,Under-five mortality rate (probability of dying by age 5 per 1000 live births),text,SEAR,South-East Asia,Country,MMR,Year,2004,False,Sex,Both sexes,SEX_BTSX,Age Group,< 5 years,AGEGROUP_YEARSUNDER5,Wealth Quintile,Total,WEALTHQUINTILE_TOTL,,,,79.69,,,72.65,,87.37,79.7 [72.7-87.4],,,EN,2025-04-14T22:00:00.000Z,2004,17337.26,,South-East Asia
Hungary,MDG_0000000007,Under-five mortality rate (probability of dying by age 5 per 1000 live births),text,EUR,Europe,Country,HUN,Year,2004,False,Sex,Both sexes,SEX_BTSX,Age Group,< 5 years,AGEGROUP_YEARSUNDER5,Wealth Quintile,Total,WEALTHQUINTILE_TOTL,,,,7.95,,,7.71,,8.2,8.0 [7.7-8.2],,,EN,2025-04-14T22:00:00.000Z,2004,1.73,,Europe
United States of America,MDG_0000000007,Under-five mortality rate (probability of dying by age 5 per 1000 live births),text,AMR,Americas,Country,USA,Year,2004,False,Sex,Both sexes,SEX_BTSX,Age Group,< 5 years,AGEGROUP_YEARSUNDER5,Wealth Quintile,Total,WEALTHQUINTILE_TOTL,,,,8.06,,,7.92,,8.19,8.1 [7.9-8.2],,,EN,2025-04-14T22:00:00.000Z,2004,18.1,,Americas
Malaysia,MDG_0000000007,Under-five mortality rate (probability of dying by age 5 per 1000 live births),text,WPR,Western Pacific,Country,MYS,Year,2004,False,Sex,Both sexes,SEX_BTSX,Age Group,< 5 years,AGEGROUP_YEARSUNDER5,Wealth Quintile,Total,WEALTHQUINTILE_TOTL,,,,8.41,,,8.25,,8.58,8.4 [8.3-8.6],,,EN,2025-04-14T22:00:00.000Z,2004,885.78,,Western Pacific
Slovakia,MDG_0000000007,Under-five mortality rate (probability of dying by age 5 per 1000 live births),text,EUR,Europe,Country,SVK,Year,2004,False,Sex,Both sexes,SEX_BTSX,Age Group,< 5 years,AGEGROUP_YEARSUNDER5,Wealth Quintile,Total,WEALTHQUINTILE_TOTL,,,,8.58,,,8.31,,8.88,8.6 [8.3-8.9],,,EN,2025-04-14T22:00:00.000Z,2004,1.07,,Europe
South Africa,MDG_0000000007,Under-five mortality rate (probability of dying by age 5 per 1000 live births),text,AFR,Africa,Country,ZAF,Year,2004,False,Sex,Both sexes,SEX_BTSX,Age Group,< 5 years,AGEGROUP_YEARSUNDER5,Wealth Quintile,Total,WEALTHQUINTILE_TOTL,,,,81.01,,,75.71,,86.23,81.0 [75.7-86.2],,,EN,2025-04-14T22:00:00.000Z,2004,5418.14,,Africa
Ghana,MDG_0000000007,Under-five mortality rate (probability of dying by age 5 per 1000 live births),text,AFR,Africa,Country,GHA,Year,2004,False,Sex,Both sexes,SEX_BTSX,Age Group,< 5 years,AGEGROUP_YEARSUNDER5,Wealth Quintile,Total,WEALTHQUINTILE_TOTL,,,,85.21,,,80.3,,90.39,85.2 [80.3-90.4],,,EN,2025-04-14T22:00:00.000Z,2004,7077.4,,Africa
Madagascar,MDG_0000000007,Under-five mortality rate (probability of dying by age 5 per 1000 live births),text,AFR,Africa,Country,MDG,Year,2004,False,Sex,Both sexes,SEX_BTSX,Age Group,< 5 years,AGEGROUP_YEARSUNDER5,Wealth Quintile,Total,WEALTHQUINTILE_TOTL,,,,88.2,,,81.75,,95.09,88.2 [81.8-95.1],,,EN,2025-04-14T22:00:00.000Z,2004,15631.13,,Africa
Chile,MDG_0000000007,Under-five mortality rate (probability of dying by age 5 per 1000 live births),text,AMR,Americas,Country,CHL,Year,2004,False,Sex,Both sexes,SEX_BTSX,Age Group,< 5 years,AGEGROUP_YEARSUNDER5,Wealth Quintile,Total,WEALTHQUINTILE_TOTL,,,,9.3,,,9.08,,9.52,9.3 [9.1-9.5],,,EN,2025-04-14T22:00:00.000Z,2004,7.81,,Americas
Belarus,MDG_0000000007,Under-five mortality rate (probability of dying by age 5 per 1000 live births),text,EUR,Europe,Country,BLR,Year,2004,False,Sex,Both sexes,SEX_BTSX,Age Group,< 5 years,AGEGROUP_YEARSUNDER5,Wealth Quintile,Total,WEALTHQUINTILE_TOTL,,,,9.43,,,9.19,,9.69,9.4 [9.2-9.7],,,EN,2025-04-14T22:00:00.000Z,2004,3.96,,Europe
Djibouti,MDG_0000000007,Under-five mortality rate (probability of dying by age 5 per 1000 live births),text,EMR,Eastern Mediterranean,Country,DJI,Year,2004,False,Sex,Both sexes,SEX_BTSX,Age Group,< 5 years,AGEGROUP_YEARSUNDER5,Wealth Quintile,Total,WEALTHQUINTILE_TOTL,,,,90.04,,,75.4,,108.3,90.0 [75.4-108.3],,,EN,2025-04-14T22:00:00.000Z,2004,484.43,,Eastern Mediterranean
Lao People's Democratic Republic,MDG_0000000007,Under-five mortality rate (probability of dying by age 5 per 1000 live births),text,WPR,Western Pacific,Country,LAO,Year,2004,False,Sex,Both sexes,SEX_BTSX,Age Group,< 5 years,AGEGROUP_YEARSUNDER5,Wealth Quintile,Total,WEALTHQUINTILE_TOTL,,,,90.85,,,82.49,,100.3,90.8 [82.5-100.3],,,EN,2025-04-14T22:00:00.000Z,2004,1870.35,,Western Pacific
Haiti,MDG_0000000007,Under-five mortality rate (probability of dying by age 5 per 1000 live births),text,AMR,Americas,Country,HTI,Year,2004,False,Sex,Both sexes,SEX_BTSX,Age Group,< 5 years,AGEGROUP_YEARSUNDER5,Wealth Quintile,Total,WEALTHQUINTILE_TOTL,,,,91.42,,,83.86,,99.28,91.4 [83.9-99.3],,,EN,2025-04-14T22:00:00.000Z,2004,5286.06,,Americas
Timor-Leste,MDG_0000000007,Under-five mortality rate (probability of dying by age 5 per 1000 live births),text,SEAR,South-East Asia,Country,TLS,Year,2004,False,Sex,Both sexes,SEX_BTSX,Age Group,< 5 years,AGEGROUP_YEARSUNDER5,Wealth Quintile,Total,WEALTHQUINTILE_TOTL,,,,91.7,,,82.48,,101.4,91.7 [82.5-101.4],,,EN,2025-04-14T22:00:00.000Z,2004,243.64,,South-East Asia
Zimbabwe,MDG_0000000007,Under-five mortality rate (probability of dying by age 5 per 1000 live births),text,AFR,Africa,Country,ZWE,Year,2004,False,Sex,Both sexes,SEX_BTSX,Age Group,< 5 years,AGEGROUP_YEARSUNDER5,Wealth Quintile,Total,WEALTHQUINTILE_TOTL,,,,91.66,,,83.69,,100.2,91.7 [83.7-100.2],,,EN,2025-04-14T22:00:00.000Z,2004,4370.82,,Africa
Congo,MDG_0000000007,Under-five mortality rate (probability of dying by age 5 per 1000 live births),text,AFR,Africa,Country,COG,Year,2004,False,Sex,Both sexes,SEX_BTSX,Age Group,< 5 years,AGEGROUP_YEARSUNDER5,Wealth Quintile,Total,WEALTHQUINTILE_TOTL,,,,93.48,,,84.08,,104.0,93.5 [84.1-104.0],,,EN,2025-04-14T22:00:00.000Z,2004,1142.15,,Africa
Gambia,MDG_0000000007,Under-five mortality rate (probability of dying by age 5 per 1000 live births),text,AFR,Africa,Country,GMB,Year,2004,False,Sex,Both sexes,SEX_BTSX,Age Group,< 5 years,AGEGROUP_YEARSUNDER5,Wealth Quintile,Total,WEALTHQUINTILE_TOTL,,,,95.22,,,86.3,,104.8,95.2 [86.3-104.8],,,EN,2025-04-14T22:00:00.000Z,2004,708.74,,Africa
Senegal,MDG_0000000007,Under-five mortality rate (probability of dying by age 5 per 1000 live births),text,AFR,Africa,Country,SEN,Year,2004,False,Sex,Both sexes,SEX_BTSX,Age Group,< 5 years,AGEGROUP_YEARSUNDER5,Wealth Quintile,Total,WEALTHQUINTILE_TOTL,,,,95.89,,,90.6,,101.6,95.9 [90.6-101.6],,,EN,2025-04-14T22:00:00.000Z,2004,9835.64,,Africa
Pakistan,MDG_0000000007,Under-five mortality rate (probability of dying by age 5 per 1000 live births),text,EMR,Eastern Mediterranean,Country,PAK,Year,2004,False,Sex,Both sexes,SEX_BTSX,Age Group,< 5 years,AGEGROUP_YEARSUNDER5,Wealth Quintile,Total,WEALTHQUINTILE_TOTL,,,,98.47,,,94.18,,103.0,98.5 [94.2-103.0],,,EN,2025-04-14T22:00:00.000Z,2004,46136.99,,Eastern Mediterranean
United Republic of Tanzania,MDG_0000000007,Under-five mortality rate (probability of dying by age 5 per 1000 live births),text,AFR,Africa,Country,TZA,Year,2004,False,Sex,Both sexes,SEX_BTSX,Age Group,< 5 years,AGEGROUP_YEARSUNDER5,Wealth Quintile,Total,WEALTHQUINTILE_TOTL,,,,98.55,,,92.06,,105.3,98.6 [92.1-105.3],,,EN,2025-04-14T22:00:00.000Z,2004,21499.15,,Africa
