Location,IndicatorCode,Indicator,ValueType,ParentLocationCode,ParentLocation,Location type,SpatialDimValueCode,Period type,Period,IsLatestYear,Dim1 type,Dim1,Dim1ValueCode,Dim2 type,Dim2,Dim2ValueCode,Dim3 type,Dim3,Dim3ValueCode,DataSourceDimValueCode,DataSource,FactValueNumericPrefix,FactValueNumeric,FactValueUoM,FactValueNumericLowPrefix,FactValueNumericLow,FactValueNumericHighPrefix,FactValueNumericHigh,Value,FactValueTranslationID,FactComments,Language,DateModified,IndicatorCoder,Indicatorr,ValueTyper,ParentLocationCoder,ParentLocationr,Location typer,SpatialDimValueCoder,Period typer,Periodr,IsLatestYearr,Dim1 typer,Dim1r,Dim1ValueCoder,Dim2 typer,Dim2r,Dim2ValueCoder,Dim3 typer,Dim3r,Dim3ValueCoder,DataSourceDimValueCoder,DataSourcer,FactValueNumericPrefixr,FactValueNumericr,FactValueUoMr,FactValueNumericLowPrefixr,FactValueNumericLowr,FactValueNumericHighPrefixr,FactValueNumericHighr,Valuer,FactValueTranslationIDr,Languager,DateModifiedr
Singapore,WHOSIS_000003,Neonatal mortality rate (per 1000 live births),text,WPR,Western Pacific,Country,SGP,Year,2000,False,Sex,Both sexes,SEX_BTSX,Age Group,0-27 days,AGEGROUP_DAYS0-27,,,,,,,1.6,,,1.45,,1.75,1.6 [1.5-1.8],,,EN,2025-04-14T22:00:00.000Z,MDG_0000000025,Births attended by skilled health personnel (%),text,WPR,Western Pacific,Country,SGP,Year,2000,False,,,,,,,,,,,,,100,,,,,,100,,EN,2025-04-06T22:00:00.000Z
Japan,WHOSIS_000003,Neonatal mortality rate (per 1000 live births),text,WPR,Western Pacific,Country,JPN,Year,2000,False,Sex,Both sexes,SEX_BTSX,Age Group,0-27 days,AGEGROUP_DAYS0-27,,,,,,,1.77,,,1.7,,1.83,1.8 [1.7-1.8],,,EN,2025-04-14T22:00:00.000Z,MDG_0000000025,Births attended by skilled health personnel (%),text,WPR,Western Pacific,Country,JPN,Year,2000,False,,,,,,,,,,,,,100,,,,,,100,,EN,2025-04-06T22:00:00.000Z
Cook Islands,WHOSIS_000003,Neonatal mortality rate (per 1000 live births),text,WPR,Western Pacific,Country,COK,Year,2000,False,Sex,Both sexes,SEX_BTSX,Age Group,0-27 days,AGEGROUP_DAYS0-27,,,,,,,10.04,,,6.7,,13.45,10.0 [6.7-13.4],,,EN,2025-04-14T22:00:00.000Z,MDG_0000000025,Births attended by skilled health personnel (%),text,WPR,Western Pacific,Country,COK,Year,2000,False,,,,,,,,,,,,,98,,,,,,98,,EN,2025-04-06T22:00:00.000Z
Fiji,WHOSIS_000003,Neonatal mortality rate (per 1000 live births),text,WPR,Western Pacific,Country,FJI,Year,2000,False,Sex,Both sexes,SEX_BTSX,Age Group,0-27 days,AGEGROUP_DAYS0-27,,,,,,,9.98,,,8.94,,11.06,10.0 [8.9-11.1],,,EN,2025-04-14T22:00:00.000Z,MDG_0000000025,Births attended by skilled health personnel (%),text,WPR,Western Pacific,Country,FJI,Year,2000,False,,,,,,,,,,,,,97,,,,,,97,,EN,2025-04-06T22:00:00.000Z
Romania,WHOSIS_000003,Neonatal mortality rate (per 1000 live births),text,EUR,Europe,Country,ROU,Year,2000,False,Sex,Both sexes,SEX_BTSX,Age Group,0-27 days,AGEGROUP_DAYS0-27,,,,,,,10.41,,,9.08,,11.84,10.4 [9.1-11.8],,,EN,2025-04-14T22:00:00.000Z,MDG_0000000025,Births attended by skilled health personnel (%),text,EUR,Europe,Country,ROU,Year,2000,False,,,,,,,,,,,,,99,,,,,,99,,EN,2025-04-06T22:00:00.000Z
Venezuela (Bolivarian Republic of),WHOSIS_000003,Neonatal mortality rate (per 1000 live births),text,AMR,Americas,Country,VEN,Year,2000,False,Sex,Both sexes,SEX_BTSX,Age Group,0-27 days,AGEGROUP_DAYS0-27,,,,,,,10.8,,,10.27,,11.34,10.8 [10.3-11.3],,,EN,2025-04-14T22:00:00.000Z,MDG_0000000025,Births attended by skilled health personnel (%),text,AMR,Americas,Country,VEN,Year,2000,False,,,,,,,,,,,,,94,,,,,,94,,EN,2025-04-06T22:00:00.000Z
Antigua and Barbuda,WHOSIS_000003,Neonatal mortality rate (per 1000 live births),text,AMR,Americas,Country,ATG,Year,2000,False,Sex,Both sexes,SEX_BTSX,Age Group,0-27 days,AGEGROUP_DAYS0-27,,,,,,,10.86,,,9.6,,12.27,10.9 [9.6-12.3],,,EN,2025-04-14T22:00:00.000Z,MDG_0000000025,Births attended by skilled health personnel (%),text,AMR,Americas,Country,ATG,Year,2000,False,,,,,,,,,,,,,100,,,,,,100,,EN,2025-04-06T22:00:00.000Z
Botswana,WHOSIS_000003,Neonatal mortality rate (per 1000 live births),text,AFR,Africa,Country,BWA,Year,2000,False,Sex,Both sexes,SEX_BTSX,Age Group,0-27 days,AGEGROUP_DAYS0-27,,,,,,,11.02,,,8.28,,14.62,11.0 [8.3-14.6],,,EN,2025-04-14T22:00:00.000Z,MDG_0000000025,Births attended by skilled health personnel (%),text,AFR,Africa,Country,BWA,Year,2000,False,,,,,,,,,,,,,99,,,,,,99,,EN,2025-04-06T22:00:00.000Z
Ukraine,WHOSIS_000003,Neonatal mortality rate (per 1000 live births),text,EUR,Europe,Country,UKR,Year,2000,False,Sex,Both sexes,SEX_BTSX,Age Group,0-27 days,AGEGROUP_DAYS0-27,,,,,,,11.01,,,9.31,,12.88,11.0 [9.3-12.9],,"The State Statistics Service of Ukraine (SSSU) have suspended the compilation of impartial statistical information on births and deaths starting from 2022 and on the number of population starting from data as of January 1, 2023, onwards. Consequently, no data is available for 2022.",EN,2025-04-14T22:00:00.000Z,MDG_0000000025,Births attended by skilled health personnel (%),text,EUR,Europe,Country,UKR,Year,2000,False,,,,,,,,,,,,,100,,,,,,100,,EN,2025-04-06T22:00:00.000Z
Argentina,WHOSIS_000003,Neonatal mortality rate (per 1000 live births),text,AMR,Americas,Country,ARG,Year,2000,False,Sex,Both sexes,SEX_BTSX,Age Group,0-27 days,AGEGROUP_DAYS0-27,,,,,,,11.13,,,10.76,,11.5,11.1 [10.8-11.5],,,EN,2025-04-14T22:00:00.000Z,MDG_0000000025,Births attended by skilled health personnel (%),text,AMR,Americas,Country,ARG,Year,2000,False,,,,,,,,,,,,,99,,,,,,99,,EN,2025-04-06T22:00:00.000Z
Saint Lucia,WHOSIS_000003,Neonatal mortality rate (per 1000 live births),text,AMR,Americas,Country,LCA,Year,2000,False,Sex,Both sexes,SEX_BTSX,Age Group,0-27 days,AGEGROUP_DAYS0-27,,,,,,,11.41,,,10.45,,12.42,11.4 [10.4-12.4],,,EN,2025-04-14T22:00:00.000Z,MDG_0000000025,Births attended by skilled health personnel (%),text,AMR,Americas,Country,LCA,Year,2000,False,,,,,,,,,,,,,100,,,,,,100,,EN,2025-04-06T22:00:00.000Z
Saudi Arabia,WHOSIS_000003,Neonatal mortality rate (per 1000 live births),text,EMR,Eastern Mediterranean,Country,SAU,Year,2000,False,Sex,Both sexes,SEX_BTSX,Age Group,0-27 days,AGEGROUP_DAYS0-27,,,,,,,11.61,,,9.38,,14.35,11.6 [9.4-14.3],,,EN,2025-04-14T22:00:00.000Z,MDG_0000000025,Births attended by skilled health personnel (%),text,EMR,Eastern Mediterranean,Country,SAU,Year,2000,False,,,,,,,,,,,,,91,,,,,,91,,EN,2025-04-06T22:00:00.000Z
Lebanon,WHOSIS_000003,Neonatal mortality rate (per 1000 live births),text,EMR,Eastern Mediterranean,Country,LBN,Year,2000,False,Sex,Both sexes,SEX_BTSX,Age Group,0-27 days,AGEGROUP_DAYS0-27,,,,,,,11.97,,,9.91,,14.3,12.0 [9.9-14.3],,,EN,2025-04-14T22:00:00.000Z,MDG_0000000025,Births attended by skilled health personnel (%),text,EMR,Eastern Mediterranean,Country,LBN,Year,1999-2000,False,,,,,,,,,,,,,100,,,,,,100,,EN,2025-04-06T22:00:00.000Z
Belize,WHOSIS_000003,Neonatal mortality rate (per 1000 live births),text,AMR,Americas,Country,BLZ,Year,2000,False,Sex,Both sexes,SEX_BTSX,Age Group,0-27 days,AGEGROUP_DAYS0-27,,,,,,,12.12,,,10.83,,13.46,12.1 [10.8-13.5],,,EN,2025-04-14T22:00:00.000Z,MDG_0000000025,Births attended by skilled health personnel (%),text,AMR,Americas,Country,BLZ,Year,2000,False,,,,,,,,,,,,,90,,,,,,90,,EN,2025-04-06T22:00:00.000Z
Thailand,WHOSIS_000003,Neonatal mortality rate (per 1000 live births),text,SEAR,South-East Asia,Country,THA,Year,2000,False,Sex,Both sexes,SEX_BTSX,Age Group,0-27 days,AGEGROUP_DAYS0-27,,,,,,,12.13,,,8.93,,14.89,12.1 [8.9-14.9],,,EN,2025-04-14T22:00:00.000Z,MDG_0000000025,Births attended by skilled health personnel (%),text,SEAR,South-East Asia,Country,THA,Year,2000,False,,,,,,,,,,,,,99,,,,,,99,,EN,2025-04-06T22:00:00.000Z
Albania,WHOSIS_000003,Neonatal mortality rate (per 1000 live births),text,EUR,Europe,Country,ALB,Year,2000,False,Sex,Both sexes,SEX_BTSX,Age Group,0-27 days,AGEGROUP_DAYS0-27,,,,,,,12.13,,,9.8,,14.75,12.1 [9.8-14.7],,,EN,2025-04-14T22:00:00.000Z,MDG_0000000025,Births attended by skilled health personnel (%),text,EUR,Europe,Country,ALB,Year,2000,False,,,,,,,,,,,,,99,,,,,,99,,EN,2025-04-06T22:00:00.000Z
Panama,WHOSIS_000003,Neonatal mortality rate (per 1000 live births),text,AMR,Americas,Country,PAN,Year,2000,False,Sex,Both sexes,SEX_BTSX,Age Group,0-27 days,AGEGROUP_DAYS0-27,,,,,,,12.18,,,9.63,,14.97,12.2 [9.6-15.0],,,EN,2025-04-14T22:00:00.000Z,MDG_0000000025,Births attended by skilled health personnel (%),text,AMR,Americas,Country,PAN,Year,2000,False,,,,,,,,,,,,,91,,,,,,91,,EN,2025-04-06T22:00:00.000Z
Mauritius,WHOSIS_000003,Neonatal mortality rate (per 1000 live births),text,AFR,Africa,Country,MUS,Year,2000,False,Sex,Both sexes,SEX_BTSX,Age Group,0-27 days,AGEGROUP_DAYS0-27,,,,,,,12.45,,,11.76,,13.17,12.5 [11.8-13.2],,,EN,2025-04-14T22:00:00.000Z,MDG_0000000025,Births attended by skilled health personnel (%),text,AFR,Africa,Country,MUS,Year,2000,False,,,,,,,,,,,,,100,,,,,,100,,EN,2025-04-06T22:00:00.000Z
Dominica,WHOSIS_000003,Neonatal mortality rate (per 1000 live births),text,AMR,Americas,Country,DMA,Year,2000,False,Sex,Both sexes,SEX_BTSX,Age Group,0-27 days,AGEGROUP_DAYS0-27,,,,,,,12.58,,,11.43,,13.79,12.6 [11.4-13.8],,,EN,2025-04-14T22:00:00.000Z,MDG_0000000025,Births attended by skilled health personnel (%),text,AMR,Americas,Country,DMA,Year,2000,False,,,,,,,,,,,,,100,,,,,,100,,EN,2025-04-06T22:00:00.000Z
Saint Vincent and the Grenadines,WHOSIS_000003,Neonatal mortality rate (per 1000 live births),text,AMR,Americas,Country,VCT,Year,2000,False,Sex,Both sexes,SEX_BTSX,Age Group,0-27 days,AGEGROUP_DAYS0-27,,,,,,,13.29,,,12.05,,14.67,13.3 [12.1-14.7],,,EN,2025-04-14T22:00:00.000Z,MDG_0000000025,Births attended by skilled health personnel (%),text,AMR,Americas,Country,VCT,Year,2000,False,,,,,,,,,,,,,100,,,,,,100,,EN,2025-04-06T22:00:00.000Z
Colombia,WHOSIS_000003,Neonatal mortality rate (per 1000 live births),text,AMR,Americas,Country,COL,Year,2000,False,Sex,Both sexes,SEX_BTSX,Age Group,0-27 days,AGEGROUP_DAYS0-27,,,,,,,13.51,,,12.25,,14.99,13.5 [12.2-15.0],,,EN,2025-04-14T22:00:00.000Z,MDG_0000000025,Births attended by skilled health personnel (%),text,AMR,Americas,Country,COL,Year,2000,False,,,,,,,,,,,,,86,,,,,,86,,EN,2025-04-06T22:00:00.000Z
Ecuador,WHOSIS_000003,Neonatal mortality rate (per 1000 live births),text,AMR,Americas,Country,ECU,Year,2000,False,Sex,Both sexes,SEX_BTSX,Age Group,0-27 days,AGEGROUP_DAYS0-27,,,,,,,14.18,,,12.13,,16.56,14.2 [12.1-16.6],,,EN,2025-04-14T22:00:00.000Z,MDG_0000000025,Births attended by skilled health personnel (%),text,AMR,Americas,Country,ECU,Year,2000,False,,,,,,,,,,,,,71,,,,,,71,,EN,2025-04-06T22:00:00.000Z
Mexico,WHOSIS_000003,Neonatal mortality rate (per 1000 live births),text,AMR,Americas,Country,MEX,Year,2000,False,Sex,Both sexes,SEX_BTSX,Age Group,0-27 days,AGEGROUP_DAYS0-27,,,,,,,14.23,,,12.64,,15.99,14.2 [12.6-16.0],,,EN,2025-04-14T22:00:00.000Z,MDG_0000000025,Births attended by skilled health personnel (%),text,AMR,Americas,Country,MEX,Year,2000,False,,,,,,,,,,,,,89,,,,,,89,,EN,2025-04-06T22:00:00.000Z
Palau,WHOSIS_000003,Neonatal mortality rate (per 1000 live births),text,WPR,Western Pacific,Country,PLW,Year,2000,False,Sex,Both sexes,SEX_BTSX,Age Group,0-27 days,AGEGROUP_DAYS0-27,,,,,,,14.24,,,9.45,,19.32,14.2 [9.4-19.3],,,EN,2025-04-14T22:00:00.000Z,MDG_0000000025,Births attended by skilled health personnel (%),text,WPR,Western Pacific,Country,PLW,Year,2000,False,,,,,,,,,,,,,100,,,,,,100,,EN,2025-04-06T22:00:00.000Z
Vanuatu,WHOSIS_000003,Neonatal mortality rate (per 1000 live births),text,WPR,Western Pacific,Country,VUT,Year,2000,False,Sex,Both sexes,SEX_BTSX,Age Group,0-27 days,AGEGROUP_DAYS0-27,,,,,,,14.45,,,11.24,,18.84,14.4 [11.2-18.8],,,EN,2025-04-14T22:00:00.000Z,MDG_0000000025,Births attended by skilled health personnel (%),text,WPR,Western Pacific,Country,VUT,Year,2000,False,,,,,,,,,,,,,88,,,,,,88,,EN,2025-04-06T22:00:00.000Z
Viet Nam,WHOSIS_000003,Neonatal mortality rate (per 1000 live births),text,WPR,Western Pacific,Country,VNM,Year,2000,False,Sex,Both sexes,SEX_BTSX,Age Group,0-27 days,AGEGROUP_DAYS0-27,,,,,,,14.98,,,12.4,,17.68,15.0 [12.4-17.7],,,EN,2025-04-14T22:00:00.000Z,MDG_0000000025,Births attended by skilled health personnel (%),text,WPR,Western Pacific,Country,VNM,Year,2000,False,,,,,,,,,,,,,59,,,,,,59,,EN,2025-04-06T22:00:00.000Z
Saint Kitts and Nevis,WHOSIS_000003,Neonatal mortality rate (per 1000 live births),text,AMR,Americas,Country,KNA,Year,2000,False,Sex,Both sexes,SEX_BTSX,Age Group,0-27 days,AGEGROUP_DAYS0-27,,,,,,,15.24,,,13.22,,17.47,15.2 [13.2-17.5],,,EN,2025-04-14T22:00:00.000Z,MDG_0000000025,Births attended by skilled health personnel (%),text,AMR,Americas,Country,KNA,Year,2000,False,,,,,,,,,,,,,99,,,,,,99,,EN,2025-04-06T22:00:00.000Z
Peru,WHOSIS_000003,Neonatal mortality rate (per 1000 live births),text,AMR,Americas,Country,PER,Year,2000,False,Sex,Both sexes,SEX_BTSX,Age Group,0-27 days,AGEGROUP_DAYS0-27,,,,,,,15.84,,,14.51,,17.18,15.8 [14.5-17.2],,,EN,2025-04-14T22:00:00.000Z,MDG_0000000025,Births attended by skilled health personnel (%),text,AMR,Americas,Country,PER,Year,2000,False,,,,,,,,,,,,,59,,,,,,59,,EN,2025-04-06T22:00:00.000Z
Jamaica,WHOSIS_000003,Neonatal mortality rate (per 1000 live births),text,AMR,Americas,Country,JAM,Year,2000,False,Sex,Both sexes,SEX_BTSX,Age Group,0-27 days,AGEGROUP_DAYS0-27,,,,,,,16.09,,,13.74,,18.96,16.1 [13.7-19.0],,,EN,2025-04-14T22:00:00.000Z,MDG_0000000025,Births attended by skilled health personnel (%),text,AMR,Americas,Country,JAM,Year,2000,False,,,,,,,,,,,,,96,,,,,,96,,EN,2025-04-06T22:00:00.000Z
Armenia,WHOSIS_000003,Neonatal mortality rate (per 1000 live births),text,EUR,Europe,Country,ARM,Year,2000,False,Sex,Both sexes,SEX_BTSX,Age Group,0-27 days,AGEGROUP_DAYS0-27,,,,,,,16.1,,,13.91,,18.45,16.1 [13.9-18.4],,,EN,2025-04-14T22:00:00.000Z,MDG_0000000025,Births attended by skilled health personnel (%),text,EUR,Europe,Country,ARM,Year,2000,False,,,,,,,,,,,,,97,,,,,,97,,EN,2025-04-06T22:00:00.000Z
Philippines,WHOSIS_000003,Neonatal mortality rate (per 1000 live births),text,WPR,Western Pacific,Country,PHL,Year,2000,False,Sex,Both sexes,SEX_BTSX,Age Group,0-27 days,AGEGROUP_DAYS0-27,,,,,,,16.74,,,15.2,,18.42,16.7 [15.2-18.4],,,EN,2025-04-14T22:00:00.000Z,MDG_0000000025,Births attended by skilled health personnel (%),text,WPR,Western Pacific,Country,PHL,Year,2000,False,,,,,,,,,,,,,58,,,,,,58,,EN,2025-04-06T22:00:00.000Z
Suriname,WHOSIS_000003,Neonatal mortality rate (per 1000 live births),text,AMR,Americas,Country,SUR,Year,2000,False,Sex,Both sexes,SEX_BTSX,Age Group,0-27 days,AGEGROUP_DAYS0-27,,,,,,,16.94,,,12.88,,21.25,16.9 [12.9-21.3],,,EN,2025-04-14T22:00:00.000Z,MDG_0000000025,Births attended by skilled health personnel (%),text,AMR,Americas,Country,SUR,Year,2000,False,,,,,,,,,,,,,71,,,,,,71,,EN,2025-04-06T22:00:00.000Z
"occupied Palestinian territory, including east Jerusalem",WHOSIS_000003,Neonatal mortality rate (per 1000 live births),text,EMR,Eastern Mediterranean,Country,PSE,Year,2000,False,Sex,Both sexes,SEX_BTSX,Age Group,0-27 days,AGEGROUP_DAYS0-27,,,,,,,17.03,,,15.29,,18.9,17.0 [15.3-18.9],,,EN,2025-04-14T22:00:00.000Z,MDG_0000000025,Births attended by skilled health personnel (%),text,EMR,Eastern Mediterranean,Country,PSE,Year,2000,False,,,,,,,,,,,,,97,,,,,,97,,EN,2025-04-06T22:00:00.000Z
Tunisia,WHOSIS_000003,Neonatal mortality rate (per 1000 live births),text,EMR,Eastern Mediterranean,Country,TUN,Year,2000,False,Sex,Both sexes,SEX_BTSX,Age Group,0-27 days,AGEGROUP_DAYS0-27,,,,,,,17.19,,,14.82,,19.94,17.2 [14.8-19.9],,,EN,2025-04-14T22:00:00.000Z,MDG_0000000025,Births attended by skilled health personnel (%),text,EMR,Eastern Mediterranean,Country,TUN,Year,2000,False,,,,,,,,,,,,,90,,,,,,90,,EN,2025-04-06T22:00:00.000Z
Niue,WHOSIS_000003,Neonatal mortality rate (per 1000 live births),text,WPR,Western Pacific,Country,NIU,Year,2000,False,Sex,Both sexes,SEX_BTSX,Age Group,0-27 days,AGEGROUP_DAYS0-27,,,,,,,17.52,,,11.11,,25.48,17.5 [11.1-25.5],,,EN,2025-04-14T22:00:00.000Z,MDG_0000000025,Births attended by skilled health personnel (%),text,WPR,Western Pacific,Country,NIU,Year,2000,False,,,,,,,,,,,,,100,,,,,,100,,EN,2025-04-06T22:00:00.000Z
Paraguay,WHOSIS_000003,Neonatal mortality rate (per 1000 live births),text,AMR,Americas,Country,PRY,Year,2000,False,Sex,Both sexes,SEX_BTSX,Age Group,0-27 days,AGEGROUP_DAYS0-27,,,,,,,17.96,,,14.59,,22.33,18.0 [14.6-22.3],,,EN,2025-04-14T22:00:00.000Z,MDG_0000000025,Births attended by skilled health personnel (%),text,AMR,Americas,Country,PRY,Year,2000,False,,,,,,,,,,,,,85,,,,,,85,,EN,2025-04-06T22:00:00.000Z
Brazil,WHOSIS_000003,Neonatal mortality rate (per 1000 live births),text,AMR,Americas,Country,BRA,Year,2000,False,Sex,Both sexes,SEX_BTSX,Age Group,0-27 days,AGEGROUP_DAYS0-27,,,,,,,18.13,,,15.78,,20.64,18.1 [15.8-20.6],,,EN,2025-04-14T22:00:00.000Z,MDG_0000000025,Births attended by skilled health personnel (%),text,AMR,Americas,Country,BRA,Year,2000,False,,,,,,,,,,,,,99,,,,,,99,,EN,2025-04-06T22:00:00.000Z
Iran (Islamic Republic of),WHOSIS_000003,Neonatal mortality rate (per 1000 live births),text,EMR,Eastern Mediterranean,Country,IRN,Year,2000,False,Sex,Both sexes,SEX_BTSX,Age Group,0-27 days,AGEGROUP_DAYS0-27,,,,,,,19.58,,,15.88,,23.22,19.6 [15.9-23.2],,,EN,2025-04-14T22:00:00.000Z,MDG_0000000025,Births attended by skilled health personnel (%),text,EMR,Eastern Mediterranean,Country,IRN,Year,2000,False,,,,,,,,,,,,,90,,,,,,90,,EN,2025-04-06T22:00:00.000Z
Trinidad and Tobago,WHOSIS_000003,Neonatal mortality rate (per 1000 live births),text,AMR,Americas,Country,TTO,Year,2000,False,Sex,Both sexes,SEX_BTSX,Age Group,0-27 days,AGEGROUP_DAYS0-27,,,,,,,19.7,,,16.79,,23.33,19.7 [16.8-23.3],,,EN,2025-04-14T22:00:00.000Z,MDG_0000000025,Births attended by skilled health personnel (%),text,AMR,Americas,Country,TTO,Year,2000,False,,,,,,,,,,,,,96,,,,,,96,,EN,2025-04-06T22:00:00.000Z
Iceland,WHOSIS_000003,Neonatal mortality rate (per 1000 live births),text,EUR,Europe,Country,ISL,Year,2000,False,Sex,Both sexes,SEX_BTSX,Age Group,0-27 days,AGEGROUP_DAYS0-27,,,,,,,2.11,,,1.82,,2.43,2.1 [1.8-2.4],,,EN,2025-04-14T22:00:00.000Z,MDG_0000000025,Births attended by skilled health personnel (%),text,EUR,Europe,Country,ISL,Year,2000,False,,,,,,,,,,,,,99,,,,,,99,,EN,2025-04-06T22:00:00.000Z
Finland,WHOSIS_000003,Neonatal mortality rate (per 1000 live births),text,EUR,Europe,Country,FIN,Year,2000,False,Sex,Both sexes,SEX_BTSX,Age Group,0-27 days,AGEGROUP_DAYS0-27,,,,,,,2.48,,,2.34,,2.62,2.5 [2.3-2.6],,,EN,2025-04-14T22:00:00.000Z,MDG_0000000025,Births attended by skilled health personnel (%),text,EUR,Europe,Country,FIN,Year,2000,False,,,,,,,,,,,,,100,,,,,,100,,EN,2025-04-06T22:00:00.000Z
Norway,WHOSIS_000003,Neonatal mortality rate (per 1000 live births),text,EUR,Europe,Country,NOR,Year,2000,False,Sex,Both sexes,SEX_BTSX,Age Group,0-27 days,AGEGROUP_DAYS0-27,,,,,,,2.68,,,2.53,,2.85,2.7 [2.5-2.9],,,EN,2025-04-14T22:00:00.000Z,MDG_0000000025,Births attended by skilled health personnel (%),text,EUR,Europe,Country,NOR,Year,2000,False,,,,,,,,,,,,,99,,,,,,99,,EN,2025-04-06T22:00:00.000Z
Czechia,WHOSIS_000003,Neonatal mortality rate (per 1000 live births),text,EUR,Europe,Country,CZE,Year,2000,False,Sex,Both sexes,SEX_BTSX,Age Group,0-27 days,AGEGROUP_DAYS0-27,,,,,,,2.7,,,2.55,,2.85,2.7 [2.6-2.9],,,EN,2025-04-14T22:00:00.000Z,MDG_0000000025,Births attended by skilled health personnel (%),text,EUR,Europe,Country,CZE,Year,2000,False,,,,,,,,,,,,,100,,,,,,100,,EN,2025-04-06T22:00:00.000Z
Germany,WHOSIS_000003,Neonatal mortality rate (per 1000 live births),text,EUR,Europe,Country,DEU,Year,2000,False,Sex,Both sexes,SEX_BTSX,Age Group,0-27 days,AGEGROUP_DAYS0-27,,,,,,,2.77,,,2.68,,2.86,2.8 [2.7-2.9],,,EN,2025-04-14T22:00:00.000Z,MDG_0000000025,Births attended by skilled health personnel (%),text,EUR,Europe,Country,DEU,Year,2000,False,,,,,,,,,,,,,99,,,,,,99,,EN,2025-04-06T22:00:00.000Z
Republic of Moldova,WHOSIS_000003,Neonatal mortality rate (per 1000 live births),text,EUR,Europe,Country,MDA,Year,2000,False,Sex,Both sexes,SEX_BTSX,Age Group,0-27 days,AGEGROUP_DAYS0-27,,,,,,,20.23,,,16.48,,24.54,20.2 [16.5-24.5],,,EN,2025-04-14T22:00:00.000Z,MDG_0000000025,Births attended by skilled health personnel (%),text,EUR,Europe,Country,MDA,Year,2000,False,,,,,,,,,,,,,98,,,,,,98,,EN,2025-04-06T22:00:00.000Z
Micronesia (Federated States of),WHOSIS_000003,Neonatal mortality rate (per 1000 live births),text,WPR,Western Pacific,Country,FSM,Year,2000,False,Sex,Both sexes,SEX_BTSX,Age Group,0-27 days,AGEGROUP_DAYS0-27,,,,,,,20.29,,,12.91,,29.5,20.3 [12.9-29.5],,,EN,2025-04-14T22:00:00.000Z,MDG_0000000025,Births attended by skilled health personnel (%),text,WPR,Western Pacific,Country,FSM,Year,2000,False,,,,,,,,,,,,,83,,,,,,83,,EN,2025-04-06T22:00:00.000Z
Kyrgyzstan,WHOSIS_000003,Neonatal mortality rate (per 1000 live births),text,EUR,Europe,Country,KGZ,Year,2000,False,Sex,Both sexes,SEX_BTSX,Age Group,0-27 days,AGEGROUP_DAYS0-27,,,,,,,20.86,,,17.57,,24.06,20.9 [17.6-24.1],,,EN,2025-04-14T22:00:00.000Z,MDG_0000000025,Births attended by skilled health personnel (%),text,EUR,Europe,Country,KGZ,Year,2000,False,,,,,,,,,,,,,99,,,,,,99,,EN,2025-04-06T22:00:00.000Z
Namibia,WHOSIS_000003,Neonatal mortality rate (per 1000 live births),text,AFR,Africa,Country,NAM,Year,2000,False,Sex,Both sexes,SEX_BTSX,Age Group,0-27 days,AGEGROUP_DAYS0-27,,,,,,,20.86,,,18.25,,23.89,20.9 [18.3-23.9],,,EN,2025-04-14T22:00:00.000Z,MDG_0000000025,Births attended by skilled health personnel (%),text,AFR,Africa,Country,NAM,Year,2000,False,,,,,,,,,,,,,76,,,,,,76,,EN,2025-04-06T22:00:00.000Z
Guatemala,WHOSIS_000003,Neonatal mortality rate (per 1000 live births),text,AMR,Americas,Country,GTM,Year,2000,False,Sex,Both sexes,SEX_BTSX,Age Group,0-27 days,AGEGROUP_DAYS0-27,,,,,,,21.33,,,19.11,,23.63,21.3 [19.1-23.6],,,EN,2025-04-14T22:00:00.000Z,MDG_0000000025,Births attended by skilled health personnel (%),text,AMR,Americas,Country,GTM,Year,2000,False,,,,,,,,,,,,,41,,,,,,41,,EN,2025-04-06T22:00:00.000Z
China,WHOSIS_000003,Neonatal mortality rate (per 1000 live births),text,WPR,Western Pacific,Country,CHN,Year,2000,False,Sex,Both sexes,SEX_BTSX,Age Group,0-27 days,AGEGROUP_DAYS0-27,,,,,,,21.38,,,19.76,,23.17,21.4 [19.8-23.2],,,EN,2025-04-14T22:00:00.000Z,MDG_0000000025,Births attended by skilled health personnel (%),text,WPR,Western Pacific,Country,CHN,Year,2000,False,,,,,,,,,,,,,97,,,,,,97,,EN,2025-04-06T22:00:00.000Z
Sao Tome and Principe,WHOSIS_000003,Neonatal mortality rate (per 1000 live births),text,AFR,Africa,Country,STP,Year,2000,False,Sex,Both sexes,SEX_BTSX,Age Group,0-27 days,AGEGROUP_DAYS0-27,,,,,,,22.19,,,17.21,,27.51,22.2 [17.2-27.5],,,EN,2025-04-14T22:00:00.000Z,MDG_0000000025,Births attended by skilled health personnel (%),text,AFR,Africa,Country,STP,Year,2000,False,,,,,,,,,,,,,79,,,,,,79,,EN,2025-04-06T22:00:00.000Z
Egypt,WHOSIS_000003,Neonatal mortality rate (per 1000 live births),text,EMR,Eastern Mediterranean,Country,EGY,Year,2000,False,Sex,Both sexes,SEX_BTSX,Age Group,0-27 days,AGEGROUP_DAYS0-27,,,,,,,22.46,,,20.68,,24.38,22.5 [20.7-24.4],,,EN,2025-04-14T22:00:00.000Z,MDG_0000000025,Births attended by skilled health personnel (%),text,EMR,Eastern Mediterranean,Country,EGY,Year,2000,False,,,,,,,,,,,,,61,,,,,,61,,EN,2025-04-06T22:00:00.000Z
Georgia,WHOSIS_000003,Neonatal mortality rate (per 1000 live births),text,EUR,Europe,Country,GEO,Year,2000,False,Sex,Both sexes,SEX_BTSX,Age Group,0-27 days,AGEGROUP_DAYS0-27,,,,,,,22.64,,,19.51,,26.61,22.6 [19.5-26.6],,,EN,2025-04-14T22:00:00.000Z,MDG_0000000025,Births attended by skilled health personnel (%),text,EUR,Europe,Country,GEO,Year,2000,False,,,,,,,,,,,,,96,,,,,,96,,EN,2025-04-06T22:00:00.000Z
Dominican Republic,WHOSIS_000003,Neonatal mortality rate (per 1000 live births),text,AMR,Americas,Country,DOM,Year,2000,False,Sex,Both sexes,SEX_BTSX,Age Group,0-27 days,AGEGROUP_DAYS0-27,,,,,,,23.03,,,20.92,,25.3,23.0 [20.9-25.3],,,EN,2025-04-14T22:00:00.000Z,MDG_0000000025,Births attended by skilled health personnel (%),text,AMR,Americas,Country,DOM,Year,2000,False,,,,,,,,,,,,,98,,,,,,98,,EN,2025-04-06T22:00:00.000Z
Mongolia,WHOSIS_000003,Neonatal mortality rate (per 1000 live births),text,WPR,Western Pacific,Country,MNG,Year,2000,False,Sex,Both sexes,SEX_BTSX,Age Group,0-27 days,AGEGROUP_DAYS0-27,,,,,,,23.48,,,20.43,,26.95,23.5 [20.4-27.0],,,EN,2025-04-14T22:00:00.000Z,MDG_0000000025,Births attended by skilled health personnel (%),text,WPR,Western Pacific,Country,MNG,Year,2000,False,,,,,,,,,,,,,97,,,,,,97,,EN,2025-04-06T22:00:00.000Z
Kazakhstan,WHOSIS_000003,Neonatal mortality rate (per 1000 live births),text,EUR,Europe,Country,KAZ,Year,2000,False,Sex,Both sexes,SEX_BTSX,Age Group,0-27 days,AGEGROUP_DAYS0-27,,,,,,,23.82,,,20.84,,27.13,23.8 [20.8-27.1],,,EN,2025-04-14T22:00:00.000Z,MDG_0000000025,Births attended by skilled health personnel (%),text,EUR,Europe,Country,KAZ,Year,2000,False,,,,,,,,,,,,,98,,,,,,98,,EN,2025-04-06T22:00:00.000Z
Iraq,WHOSIS_000003,Neonatal mortality rate (per 1000 live births),text,EMR,Eastern Mediterranean,Country,IRQ,Year,2000,False,Sex,Both sexes,SEX_BTSX,Age Group,0-27 days,AGEGROUP_DAYS0-27,,,,,,,23.81,,,21.23,,26.73,23.8 [21.2-26.7],,,EN,2025-04-14T22:00:00.000Z,MDG_0000000025,Births attended by skilled health personnel (%),text,EMR,Eastern Mediterranean,Country,IRQ,Year,2000,False,,,,,,,,,,,,,65,,,,,,65,,EN,2025-04-06T22:00:00.000Z
Tuvalu,WHOSIS_000003,Neonatal mortality rate (per 1000 live births),text,WPR,Western Pacific,Country,TUV,Year,2000,False,Sex,Both sexes,SEX_BTSX,Age Group,0-27 days,AGEGROUP_DAYS0-27,,,,,,,24.65,,,21.37,,28.22,24.6 [21.4-28.2],,,EN,2025-04-14T22:00:00.000Z,MDG_0000000025,Births attended by skilled health personnel (%),text,WPR,Western Pacific,Country,TUV,Year,2000,False,,,,,,,,,,,,,100,,,,,,100,,EN,2025-04-06T22:00:00.000Z
Eswatini,WHOSIS_000003,Neonatal mortality rate (per 1000 live births),text,AFR,Africa,Country,SWZ,Year,2000,False,Sex,Both sexes,SEX_BTSX,Age Group,0-27 days,AGEGROUP_DAYS0-27,,,,,,,25.79,,,22.54,,29.58,25.8 [22.5-29.6],,,EN,2025-04-14T22:00:00.000Z,MDG_0000000025,Births attended by skilled health personnel (%),text,AFR,Africa,Country,SWZ,Year,2000,False,,,,,,,,,,,,,65,,,,,,65,,EN,2025-04-06T22:00:00.000Z
Gabon,WHOSIS_000003,Neonatal mortality rate (per 1000 live births),text,AFR,Africa,Country,GAB,Year,2000,False,Sex,Both sexes,SEX_BTSX,Age Group,0-27 days,AGEGROUP_DAYS0-27,,,,,,,26.61,,,22.78,,30.98,26.6 [22.8-31.0],,,EN,2025-04-14T22:00:00.000Z,MDG_0000000025,Births attended by skilled health personnel (%),text,AFR,Africa,Country,GAB,Year,2000-2001,False,,,,,,,,,,,,,86,,,,,,86,,EN,2025-04-06T22:00:00.000Z
Kenya,WHOSIS_000003,Neonatal mortality rate (per 1000 live births),text,AFR,Africa,Country,KEN,Year,2000,False,Sex,Both sexes,SEX_BTSX,Age Group,0-27 days,AGEGROUP_DAYS0-27,,,,,,,26.65,,,24.19,,29.29,26.6 [24.2-29.3],,,EN,2025-04-14T22:00:00.000Z,MDG_0000000025,Births attended by skilled health personnel (%),text,AFR,Africa,Country,KEN,Year,2000,False,,,,,,,,,,,,,43,,,,,,43,,EN,2025-04-06T22:00:00.000Z
Guyana,WHOSIS_000003,Neonatal mortality rate (per 1000 live births),text,AMR,Americas,Country,GUY,Year,2000,False,Sex,Both sexes,SEX_BTSX,Age Group,0-27 days,AGEGROUP_DAYS0-27,,,,,,,26.98,,,23.7,,30.92,27.0 [23.7-30.9],,,EN,2025-04-14T22:00:00.000Z,MDG_0000000025,Births attended by skilled health personnel (%),text,AMR,Americas,Country,GUY,Year,2000,False,,,,,,,,,,,,,83,,,,,,83,,EN,2025-04-06T22:00:00.000Z
Kiribati,WHOSIS_000003,Neonatal mortality rate (per 1000 live births),text,WPR,Western Pacific,Country,KIR,Year,2000,False,Sex,Both sexes,SEX_BTSX,Age Group,0-27 days,AGEGROUP_DAYS0-27,,,,,,,27.21,,,22.11,,33.2,27.2 [22.1-33.2],,,EN,2025-04-14T22:00:00.000Z,MDG_0000000025,Births attended by skilled health personnel (%),text,WPR,Western Pacific,Country,KIR,Year,2000,False,,,,,,,,,,,,,85,,,,,,85,,EN,2025-04-06T22:00:00.000Z
Tajikistan,WHOSIS_000003,Neonatal mortality rate (per 1000 live births),text,EUR,Europe,Country,TJK,Year,2000,False,Sex,Both sexes,SEX_BTSX,Age Group,0-27 days,AGEGROUP_DAYS0-27,,,,,,,28.21,,,24.06,,33.17,28.2 [24.1-33.2],,,EN,2025-04-14T22:00:00.000Z,MDG_0000000025,Births attended by skilled health personnel (%),text,EUR,Europe,Country,TJK,Year,2000,False,,,,,,,,,,,,,71,,,,,,71,,EN,2025-04-06T22:00:00.000Z
Uzbekistan,WHOSIS_000003,Neonatal mortality rate (per 1000 live births),text,EUR,Europe,Country,UZB,Year,2000,False,Sex,Both sexes,SEX_BTSX,Age Group,0-27 days,AGEGROUP_DAYS0-27,,,,,,,28.45,,,24.41,,33.0,28.4 [24.4-33.0],,"The most recent official national estimates of neonatal, infant and under-five mortality rates in Uzbekistan are from the vital registration system, with a rate of 4.5, 8.7 and 11.4 deaths per 1,000 live births for both sexes, respectively, in 2022. The most recent official sex-specific estimates from the vital registration system for infant and under-five mortality for males are 9.6 and 12.4 deaths per 1,000 live births and 7.7 and 10.2 deaths per 1,000 live births for females, respectively, in 2022.",EN,2025-04-14T22:00:00.000Z,MDG_0000000025,Births attended by skilled health personnel (%),text,EUR,Europe,Country,UZB,Year,2000,False,,,,,,,,,,,,,95,,,,,,95,,EN,2025-04-06T22:00:00.000Z
Turkmenistan,WHOSIS_000003,Neonatal mortality rate (per 1000 live births),text,EUR,Europe,Country,TKM,Year,2000,False,Sex,Both sexes,SEX_BTSX,Age Group,0-27 days,AGEGROUP_DAYS0-27,,,,,,,29.72,,,24.77,,35.53,29.7 [24.8-35.5],,,EN,2025-04-14T22:00:00.000Z,MDG_0000000025,Births attended by skilled health personnel (%),text,EUR,Europe,Country,TKM,Year,2000,False,,,,,,,,,,,,,97,,,,,,97,,EN,2025-04-06T22:00:00.000Z
Haiti,WHOSIS_000003,Neonatal mortality rate (per 1000 live births),text,AMR,Americas,Country,HTI,Year,2000,False,Sex,Both sexes,SEX_BTSX,Age Group,0-27 days,AGEGROUP_DAYS0-27,,,,,,,29.74,,,26.13,,33.64,29.7 [26.1-33.6],,,EN,2025-04-14T22:00:00.000Z,MDG_0000000025,Births attended by skilled health personnel (%),text,AMR,Americas,Country,HTI,Year,2000,False,,,,,,,,,,,,,24,,,,,,24,,EN,2025-04-06T22:00:00.000Z
Bolivia (Plurinational State of),WHOSIS_000003,Neonatal mortality rate (per 1000 live births),text,AMR,Americas,Country,BOL,Year,2000,False,Sex,Both sexes,SEX_BTSX,Age Group,0-27 days,AGEGROUP_DAYS0-27,,,,,,,29.66,,,26.16,,32.95,29.7 [26.2-32.9],,,EN,2025-04-14T22:00:00.000Z,MDG_0000000025,Births attended by skilled health personnel (%),text,AMR,Americas,Country,BOL,Year,2000,False,,,,,,,,,,,,,67,,,,,,67,,EN,2025-04-06T22:00:00.000Z
Austria,WHOSIS_000003,Neonatal mortality rate (per 1000 live births),text,EUR,Europe,Country,AUT,Year,2000,False,Sex,Both sexes,SEX_BTSX,Age Group,0-27 days,AGEGROUP_DAYS0-27,,,,,,,3.08,,,2.93,,3.24,3.1 [2.9-3.2],,,EN,2025-04-14T22:00:00.000Z,MDG_0000000025,Births attended by skilled health personnel (%),text,EUR,Europe,Country,AUT,Year,2000,False,,,,,,,,,,,,,98,,,,,,98,,EN,2025-04-06T22:00:00.000Z
Slovenia,WHOSIS_000003,Neonatal mortality rate (per 1000 live births),text,EUR,Europe,Country,SVN,Year,2000,False,Sex,Both sexes,SEX_BTSX,Age Group,0-27 days,AGEGROUP_DAYS0-27,,,,,,,3.23,,,2.99,,3.51,3.2 [3.0-3.5],,,EN,2025-04-14T22:00:00.000Z,MDG_0000000025,Births attended by skilled health personnel (%),text,EUR,Europe,Country,SVN,Year,2000,False,,,,,,,,,,,,,100,,,,,,100,,EN,2025-04-06T22:00:00.000Z
Republic of Korea,WHOSIS_000003,Neonatal mortality rate (per 1000 live births),text,WPR,Western Pacific,Country,KOR,Year,2000,False,Sex,Both sexes,SEX_BTSX,Age Group,0-27 days,AGEGROUP_DAYS0-27,,,,,,,3.39,,,3.14,,3.65,3.4 [3.1-3.6],,,EN,2025-04-14T22:00:00.000Z,MDG_0000000025,Births attended by skilled health personnel (%),text,WPR,Western Pacific,Country,KOR,Year,2000,False,,,,,,,,,,,,,100,,,,,,100,,EN,2025-04-06T22:00:00.000Z
Denmark,WHOSIS_000003,Neonatal mortality rate (per 1000 live births),text,EUR,Europe,Country,DNK,Year,2000,False,Sex,Both sexes,SEX_BTSX,Age Group,0-27 days,AGEGROUP_DAYS0-27,,,,,,,3.5,,,3.28,,3.72,3.5 [3.3-3.7],,,EN,2025-04-14T22:00:00.000Z,MDG_0000000025,Births attended by skilled health personnel (%),text,EUR,Europe,Country,DNK,Year,2000,False,,,,,,,,,,,,,99,,,,,,99,,EN,2025-04-06T22:00:00.000Z
New Zealand,WHOSIS_000003,Neonatal mortality rate (per 1000 live births),text,WPR,Western Pacific,Country,NZL,Year,2000,False,Sex,Both sexes,SEX_BTSX,Age Group,0-27 days,AGEGROUP_DAYS0-27,,,,,,,3.5,,,3.3,,3.7,3.5 [3.3-3.7],,,EN,2025-04-14T22:00:00.000Z,MDG_0000000025,Births attended by skilled health personnel (%),text,WPR,Western Pacific,Country,NZL,Year,2000,False,,,,,,,,,,,,,97,,,,,,97,,EN,2025-04-06T22:00:00.000Z
Australia,WHOSIS_000003,Neonatal mortality rate (per 1000 live births),text,WPR,Western Pacific,Country,AUS,Year,2000,False,Sex,Both sexes,SEX_BTSX,Age Group,0-27 days,AGEGROUP_DAYS0-27,,,,,,,3.52,,,3.41,,3.63,3.5 [3.4-3.6],,,EN,2025-04-14T22:00:00.000Z,MDG_0000000025,Births attended by skilled health personnel (%),text,WPR,Western Pacific,Country,AUS,Year,2000,False,,,,,,,,,,,,,99,,,,,,99,,EN,2025-04-06T22:00:00.000Z
Italy,WHOSIS_000003,Neonatal mortality rate (per 1000 live births),text,EUR,Europe,Country,ITA,Year,2000,False,Sex,Both sexes,SEX_BTSX,Age Group,0-27 days,AGEGROUP_DAYS0-27,,,,,,,3.48,,,3.37,,3.58,3.5 [3.4-3.6],,,EN,2025-04-14T22:00:00.000Z,MDG_0000000025,Births attended by skilled health personnel (%),text,EUR,Europe,Country,ITA,Year,1999-2000,False,,,,,,,,,,,,,100,,,,,,100,,EN,2025-04-06T22:00:00.000Z
Cyprus,WHOSIS_000003,Neonatal mortality rate (per 1000 live births),text,EUR,Europe,Country,CYP,Year,2000,False,Sex,Both sexes,SEX_BTSX,Age Group,0-27 days,AGEGROUP_DAYS0-27,,,,,,,3.67,,,3.08,,4.21,3.7 [3.1-4.2],,"Some UN IGME indicators are calculated using population and live birth numbers from the World Population Prospects: The 2024 revision (WPP). The WPP numbers for Cyprus refer to the entire country. However, the underlying data used to calculate mortality rates estimates, provided by the Health Monitoring Unit of the Cyprus Ministry of Health, cover only the government-controlled areas, whereas according to Eurostat, the number of live births in 2023 was 10,295 (https://ec.europa.eu/eurostat/databrowser/view/tps00204/), the population on 1 January 2023 was 920,701 (https://ec.europa.eu/eurostat/databrowser/view/tps00001/), the population under 5 was 49,326,  adolescent population was 99,207 and the number of women of reproductive age was 235,268 (https://doi.org/10.2908/DEMO_PJAN).",EN,2025-04-14T22:00:00.000Z,MDG_0000000025,Births attended by skilled health personnel (%),text,EUR,Europe,Country,CYP,Year,2000,False,,,,,,,,,,,,,98,,,,,,98,,EN,2025-04-06T22:00:00.000Z
Canada,WHOSIS_000003,Neonatal mortality rate (per 1000 live births),text,AMR,Americas,Country,CAN,Year,2000,False,Sex,Both sexes,SEX_BTSX,Age Group,0-27 days,AGEGROUP_DAYS0-27,,,,,,,3.76,,,3.65,,3.86,3.8 [3.6-3.9],,,EN,2025-04-14T22:00:00.000Z,MDG_0000000025,Births attended by skilled health personnel (%),text,AMR,Americas,Country,CAN,Year,2000,False,,,,,,,,,,,,,99,,,,,,99,,EN,2025-04-06T22:00:00.000Z
Greece,WHOSIS_000003,Neonatal mortality rate (per 1000 live births),text,EUR,Europe,Country,GRC,Year,2000,False,Sex,Both sexes,SEX_BTSX,Age Group,0-27 days,AGEGROUP_DAYS0-27,,,,,,,3.93,,,3.76,,4.11,3.9 [3.8-4.1],,,EN,2025-04-14T22:00:00.000Z,MDG_0000000025,Births attended by skilled health personnel (%),text,EUR,Europe,Country,GRC,Year,2000,False,,,,,,,,,,,,,100,,,,,,100,,EN,2025-04-06T22:00:00.000Z
Madagascar,WHOSIS_000003,Neonatal mortality rate (per 1000 live births),text,AFR,Africa,Country,MDG,Year,2000,False,Sex,Both sexes,SEX_BTSX,Age Group,0-27 days,AGEGROUP_DAYS0-27,,,,,,,31.18,,,28.29,,34.35,31.2 [28.3-34.3],,,EN,2025-04-14T22:00:00.000Z,MDG_0000000025,Births attended by skilled health personnel (%),text,AFR,Africa,Country,MDG,Year,2000,False,,,,,,,,,,,,,47,,,,,,47,,EN,2025-04-06T22:00:00.000Z
Bhutan,WHOSIS_000003,Neonatal mortality rate (per 1000 live births),text,SEAR,South-East Asia,Country,BTN,Year,2000,False,Sex,Both sexes,SEX_BTSX,Age Group,0-27 days,AGEGROUP_DAYS0-27,,,,,,,32.11,,,26.01,,38.46,32.1 [26.0-38.5],,,EN,2025-04-14T22:00:00.000Z,MDG_0000000025,Births attended by skilled health personnel (%),text,SEAR,South-East Asia,Country,BTN,Year,2000,False,,,,,,,,,,,,,27,,,,,,27,,EN,2025-04-06T22:00:00.000Z
Uganda,WHOSIS_000003,Neonatal mortality rate (per 1000 live births),text,AFR,Africa,Country,UGA,Year,2000,False,Sex,Both sexes,SEX_BTSX,Age Group,0-27 days,AGEGROUP_DAYS0-27,,,,,,,32.39,,,28.72,,36.18,32.4 [28.7-36.2],,,EN,2025-04-14T22:00:00.000Z,MDG_0000000025,Births attended by skilled health personnel (%),text,AFR,Africa,Country,UGA,Year,2000-2001,False,,,,,,,,,,,,,39,,,,,,39,,EN,2025-04-06T22:00:00.000Z
Azerbaijan,WHOSIS_000003,Neonatal mortality rate (per 1000 live births),text,EUR,Europe,Country,AZE,Year,2000,False,Sex,Both sexes,SEX_BTSX,Age Group,0-27 days,AGEGROUP_DAYS0-27,,,,,,,34.36,,,29.13,,40.65,34.4 [29.1-40.6],,,EN,2025-04-14T22:00:00.000Z,MDG_0000000025,Births attended by skilled health personnel (%),text,EUR,Europe,Country,AZE,Year,2000,False,,,,,,,,,,,,,81,,,,,,81,,EN,2025-04-06T22:00:00.000Z
Comoros,WHOSIS_000003,Neonatal mortality rate (per 1000 live births),text,AFR,Africa,Country,COM,Year,2000,False,Sex,Both sexes,SEX_BTSX,Age Group,0-27 days,AGEGROUP_DAYS0-27,,,,,,,34.67,,,26.69,,42.55,34.7 [26.7-42.5],,,EN,2025-04-14T22:00:00.000Z,MDG_0000000025,Births attended by skilled health personnel (%),text,AFR,Africa,Country,COM,Year,2000,False,,,,,,,,,,,,,62,,,,,,62,,EN,2025-04-06T22:00:00.000Z
Cambodia,WHOSIS_000003,Neonatal mortality rate (per 1000 live births),text,WPR,Western Pacific,Country,KHM,Year,2000,False,Sex,Both sexes,SEX_BTSX,Age Group,0-27 days,AGEGROUP_DAYS0-27,,,,,,,35.26,,,31.21,,39.51,35.3 [31.2-39.5],,,EN,2025-04-14T22:00:00.000Z,MDG_0000000025,Births attended by skilled health personnel (%),text,WPR,Western Pacific,Country,KHM,Year,2000,False,,,,,,,,,,,,,32,,,,,,32,,EN,2025-04-06T22:00:00.000Z
Cameroon,WHOSIS_000003,Neonatal mortality rate (per 1000 live births),text,AFR,Africa,Country,CMR,Year,2000,False,Sex,Both sexes,SEX_BTSX,Age Group,0-27 days,AGEGROUP_DAYS0-27,,,,,,,35.64,,,31.75,,39.71,35.6 [31.7-39.7],,,EN,2025-04-14T22:00:00.000Z,MDG_0000000025,Births attended by skilled health personnel (%),text,AFR,Africa,Country,CMR,Year,2000,False,,,,,,,,,,,,,56,,,,,,56,,EN,2025-04-06T22:00:00.000Z
Burundi,WHOSIS_000003,Neonatal mortality rate (per 1000 live births),text,AFR,Africa,Country,BDI,Year,2000,False,Sex,Both sexes,SEX_BTSX,Age Group,0-27 days,AGEGROUP_DAYS0-27,,,,,,,36.56,,,31.5,,41.95,36.6 [31.5-41.9],,,EN,2025-04-14T22:00:00.000Z,MDG_0000000025,Births attended by skilled health personnel (%),text,AFR,Africa,Country,BDI,Year,2000,False,,,,,,,,,,,,,25,,,,,,25,,EN,2025-04-06T22:00:00.000Z
Togo,WHOSIS_000003,Neonatal mortality rate (per 1000 live births),text,AFR,Africa,Country,TGO,Year,2000,False,Sex,Both sexes,SEX_BTSX,Age Group,0-27 days,AGEGROUP_DAYS0-27,,,,,,,36.68,,,32.75,,40.87,36.7 [32.8-40.9],,,EN,2025-04-14T22:00:00.000Z,MDG_0000000025,Births attended by skilled health personnel (%),text,AFR,Africa,Country,TGO,Year,2000,False,,,,,,,,,,,,,35,,,,,,35,,EN,2025-04-06T22:00:00.000Z
Lesotho,WHOSIS_000003,Neonatal mortality rate (per 1000 live births),text,AFR,Africa,Country,LSO,Year,2000,False,Sex,Both sexes,SEX_BTSX,Age Group,0-27 days,AGEGROUP_DAYS0-27,,,,,,,37.23,,,33.64,,41.12,37.2 [33.6-41.1],,,EN,2025-04-14T22:00:00.000Z,MDG_0000000025,Births attended by skilled health personnel (%),text,AFR,Africa,Country,LSO,Year,2000,False,,,,,,,,,,,,,48,,,,,,48,,EN,2025-04-06T22:00:00.000Z
Democratic People's Republic of Korea,WHOSIS_000003,Neonatal mortality rate (per 1000 live births),text,SEAR,South-East Asia,Country,PRK,Year,2000,False,Sex,Both sexes,SEX_BTSX,Age Group,0-27 days,AGEGROUP_DAYS0-27,,,,,,,37.48,,,21.55,,59.18,37.5 [21.5-59.2],,The UN IGME estimates are not the official statistics of the Democratic People's Republic of Korea.,EN,2025-04-14T22:00:00.000Z,MDG_0000000025,Births attended by skilled health personnel (%),text,SEAR,South-East Asia,Country,PRK,Year,2000,False,,,,,,,,,,,,,97,,,,,,97,,EN,2025-04-06T22:00:00.000Z
Senegal,WHOSIS_000003,Neonatal mortality rate (per 1000 live births),text,AFR,Africa,Country,SEN,Year,2000,False,Sex,Both sexes,SEX_BTSX,Age Group,0-27 days,AGEGROUP_DAYS0-27,,,,,,,37.64,,,34.3,,41.27,37.6 [34.3-41.3],,,EN,2025-04-14T22:00:00.000Z,MDG_0000000025,Births attended by skilled health personnel (%),text,AFR,Africa,Country,SEN,Year,2000,False,,,,,,,,,,,,,58,,,,,,58,,EN,2025-04-06T22:00:00.000Z
Lao People's Democratic Republic,WHOSIS_000003,Neonatal mortality rate (per 1000 live births),text,WPR,Western Pacific,Country,LAO,Year,2000,False,Sex,Both sexes,SEX_BTSX,Age Group,0-27 days,AGEGROUP_DAYS0-27,,,,,,,38.38,,,34.06,,43.15,38.4 [34.1-43.2],,,EN,2025-04-14T22:00:00.000Z,MDG_0000000025,Births attended by skilled health personnel (%),text,WPR,Western Pacific,Country,LAO,Year,2000,False,,,,,,,,,,,,,17,,,,,,17,,EN,2025-04-06T22:00:00.000Z
Malawi,WHOSIS_000003,Neonatal mortality rate (per 1000 live births),text,AFR,Africa,Country,MWI,Year,2000,False,Sex,Both sexes,SEX_BTSX,Age Group,0-27 days,AGEGROUP_DAYS0-27,,,,,,,38.67,,,34.74,,42.47,38.7 [34.7-42.5],,,EN,2025-04-14T22:00:00.000Z,MDG_0000000025,Births attended by skilled health personnel (%),text,AFR,Africa,Country,MWI,Year,2000,False,,,,,,,,,,,,,56,,,,,,56,,EN,2025-04-06T22:00:00.000Z
Mauritania,WHOSIS_000003,Neonatal mortality rate (per 1000 live births),text,AFR,Africa,Country,MRT,Year,2000,False,Sex,Both sexes,SEX_BTSX,Age Group,0-27 days,AGEGROUP_DAYS0-27,,,,,,,38.96,,,34.63,,43.82,39.0 [34.6-43.8],,,EN,2025-04-14T22:00:00.000Z,MDG_0000000025,Births attended by skilled health personnel (%),text,AFR,Africa,Country,MRT,Year,2000-2001,False,,,,,,,,,,,,,53,,,,,,53,,EN,2025-04-06T22:00:00.000Z
Ireland,WHOSIS_000003,Neonatal mortality rate (per 1000 live births),text,EUR,Europe,Country,IRL,Year,2000,False,Sex,Both sexes,SEX_BTSX,Age Group,0-27 days,AGEGROUP_DAYS0-27,,,,,,,4.03,,,3.81,,4.26,4.0 [3.8-4.3],,,EN,2025-04-14T22:00:00.000Z,MDG_0000000025,Births attended by skilled health personnel (%),text,EUR,Europe,Country,IRL,Year,2000,False,,,,,,,,,,,,,100,,,,,,100,,EN,2025-04-06T22:00:00.000Z
Cuba,WHOSIS_000003,Neonatal mortality rate (per 1000 live births),text,AMR,Americas,Country,CUB,Year,2000,False,Sex,Both sexes,SEX_BTSX,Age Group,0-27 days,AGEGROUP_DAYS0-27,,,,,,,4.13,,,3.66,,4.68,4.1 [3.7-4.7],,,EN,2025-04-14T22:00:00.000Z,MDG_0000000025,Births attended by skilled health personnel (%),text,AMR,Americas,Country,CUB,Year,2000,False,,,,,,,,,,,,,100,,,,,,100,,EN,2025-04-06T22:00:00.000Z
Lithuania,WHOSIS_000003,Neonatal mortality rate (per 1000 live births),text,EUR,Europe,Country,LTU,Year,2000,False,Sex,Both sexes,SEX_BTSX,Age Group,0-27 days,AGEGROUP_DAYS0-27,,,,,,,4.52,,,4.15,,4.92,4.5 [4.2-4.9],,,EN,2025-04-14T22:00:00.000Z,MDG_0000000025,Births attended by skilled health personnel (%),text,EUR,Europe,Country,LTU,Year,2000,False,,,,,,,,,,,,,100,,,,,,100,,EN,2025-04-06T22:00:00.000Z
United States of America,WHOSIS_000003,Neonatal mortality rate (per 1000 live births),text,AMR,Americas,Country,USA,Year,2000,False,Sex,Both sexes,SEX_BTSX,Age Group,0-27 days,AGEGROUP_DAYS0-27,,,,,,,4.64,,,4.52,,4.76,4.6 [4.5-4.8],,,EN,2025-04-14T22:00:00.000Z,MDG_0000000025,Births attended by skilled health personnel (%),text,AMR,Americas,Country,USA,Year,2000,False,,,,,,,,,,,,,99,,,,,,99,,EN,2025-04-06T22:00:00.000Z
Malaysia,WHOSIS_000003,Neonatal mortality rate (per 1000 live births),text,WPR,Western Pacific,Country,MYS,Year,2000,False,Sex,Both sexes,SEX_BTSX,Age Group,0-27 days,AGEGROUP_DAYS0-27,,,,,,,4.95,,,4.33,,5.71,4.9 [4.3-5.7],,,EN,2025-04-14T22:00:00.000Z,MDG_0000000025,Births attended by skilled health personnel (%),text,WPR,Western Pacific,Country,MYS,Year,2000,False,,,,,,,,,,,,,97,,,,,,97,,EN,2025-04-06T22:00:00.000Z
Nepal,WHOSIS_000003,Neonatal mortality rate (per 1000 live births),text,SEAR,South-East Asia,Country,NPL,Year,2000,False,Sex,Both sexes,SEX_BTSX,Age Group,0-27 days,AGEGROUP_DAYS0-27,,,,,,,39.95,,,36.88,,43.19,40.0 [36.9-43.2],,,EN,2025-04-14T22:00:00.000Z,MDG_0000000025,Births attended by skilled health personnel (%),text,SEAR,South-East Asia,Country,NPL,Year,2000,False,,,,,,,,,,,,,12,,,,,,12,,EN,2025-04-06T22:00:00.000Z
Gambia,WHOSIS_000003,Neonatal mortality rate (per 1000 live births),text,AFR,Africa,Country,GMB,Year,2000,False,Sex,Both sexes,SEX_BTSX,Age Group,0-27 days,AGEGROUP_DAYS0-27,,,,,,,40.39,,,34.99,,45.85,40.4 [35.0-45.9],,,EN,2025-04-14T22:00:00.000Z,MDG_0000000025,Births attended by skilled health personnel (%),text,AFR,Africa,Country,GMB,Year,2000,False,,,,,,,,,,,,,52,,,,,,52,,EN,2025-04-06T22:00:00.000Z
Cote d'Ivoire,WHOSIS_000003,Neonatal mortality rate (per 1000 live births),text,AFR,Africa,Country,CIV,Year,2000,False,Sex,Both sexes,SEX_BTSX,Age Group,0-27 days,AGEGROUP_DAYS0-27,,,,,,,40.81,,,36.53,,45.35,40.8 [36.5-45.3],,,EN,2025-04-14T22:00:00.000Z,MDG_0000000025,Births attended by skilled health personnel (%),text,AFR,Africa,Country,CIV,Year,2000,False,,,,,,,,,,,,,63,,,,,,63,,EN,2025-04-06T22:00:00.000Z
Central African Republic,WHOSIS_000003,Neonatal mortality rate (per 1000 live births),text,AFR,Africa,Country,CAF,Year,2000,False,Sex,Both sexes,SEX_BTSX,Age Group,0-27 days,AGEGROUP_DAYS0-27,,,,,,,42.96,,,36.71,,49.8,43.0 [36.7-49.8],,,EN,2025-04-14T22:00:00.000Z,MDG_0000000025,Births attended by skilled health personnel (%),text,AFR,Africa,Country,CAF,Year,2000,False,,,,,,,,,,,,,32,,,,,,32,,EN,2025-04-06T22:00:00.000Z
Rwanda,WHOSIS_000003,Neonatal mortality rate (per 1000 live births),text,AFR,Africa,Country,RWA,Year,2000,False,Sex,Both sexes,SEX_BTSX,Age Group,0-27 days,AGEGROUP_DAYS0-27,,,,,,,43.15,,,39.04,,47.62,43.2 [39.0-47.6],,,EN,2025-04-14T22:00:00.000Z,MDG_0000000025,Births attended by skilled health personnel (%),text,AFR,Africa,Country,RWA,Year,2000,False,,,,,,,,,,,,,31,,,,,,31,,EN,2025-04-06T22:00:00.000Z
Bangladesh,WHOSIS_000003,Neonatal mortality rate (per 1000 live births),text,SEAR,South-East Asia,Country,BGD,Year,2000,False,Sex,Both sexes,SEX_BTSX,Age Group,0-27 days,AGEGROUP_DAYS0-27,,,,,,,43.22,,,41.04,,45.49,43.2 [41.0-45.5],,,EN,2025-04-14T22:00:00.000Z,MDG_0000000025,Births attended by skilled health personnel (%),text,SEAR,South-East Asia,Country,BGD,Year,1999-2000,False,,,,,,,,,,,,,12,,,,,,12,,EN,2025-04-06T22:00:00.000Z
Chad,WHOSIS_000003,Neonatal mortality rate (per 1000 live births),text,AFR,Africa,Country,TCD,Year,2000,False,Sex,Both sexes,SEX_BTSX,Age Group,0-27 days,AGEGROUP_DAYS0-27,,,,,,,44.0,,,38.89,,49.54,44.0 [38.9-49.5],,,EN,2025-04-14T22:00:00.000Z,MDG_0000000025,Births attended by skilled health personnel (%),text,AFR,Africa,Country,TCD,Year,2000,False,,,,,,,,,,,,,14,,,,,,14,,EN,2025-04-06T22:00:00.000Z
Niger,WHOSIS_000003,Neonatal mortality rate (per 1000 live births),text,AFR,Africa,Country,NER,Year,2000,False,Sex,Both sexes,SEX_BTSX,Age Group,0-27 days,AGEGROUP_DAYS0-27,,,,,,,44.14,,,38.52,,49.97,44.1 [38.5-50.0],,,EN,2025-04-14T22:00:00.000Z,MDG_0000000025,Births attended by skilled health personnel (%),text,AFR,Africa,Country,NER,Year,2000,False,,,,,,,,,,,,,16,,,,,,16,,EN,2025-04-06T22:00:00.000Z
India,WHOSIS_000003,Neonatal mortality rate (per 1000 live births),text,SEAR,South-East Asia,Country,IND,Year,2000,False,Sex,Both sexes,SEX_BTSX,Age Group,0-27 days,AGEGROUP_DAYS0-27,,,,,,,44.61,,,41.99,,47.3,44.6 [42.0-47.3],,The UN IGME estimates are not the official statistics of India. The Sample Registration System (SRS) of ORGI is the official data source of India for all mortality estimates.,EN,2025-04-14T22:00:00.000Z,MDG_0000000025,Births attended by skilled health personnel (%),text,SEAR,South-East Asia,Country,IND,Year,2000,False,,,,,,,,,,,,,43,,,,,,43,,EN,2025-04-06T22:00:00.000Z
Somalia,WHOSIS_000003,Neonatal mortality rate (per 1000 live births),text,EMR,Eastern Mediterranean,Country,SOM,Year,2000,False,Sex,Both sexes,SEX_BTSX,Age Group,0-27 days,AGEGROUP_DAYS0-27,,,,,,,44.92,,,32.67,,61.46,44.9 [32.7-61.5],,,EN,2025-04-14T22:00:00.000Z,MDG_0000000025,Births attended by skilled health personnel (%),text,EMR,Eastern Mediterranean,Country,SOM,Year,2000,False,,,,,,,,,,,,,19,,,,,,19,,EN,2025-04-06T22:00:00.000Z
Equatorial Guinea,WHOSIS_000003,Neonatal mortality rate (per 1000 live births),text,AFR,Africa,Country,GNQ,Year,2000,False,Sex,Both sexes,SEX_BTSX,Age Group,0-27 days,AGEGROUP_DAYS0-27,,,,,,,46.21,,,37.49,,58.21,46.2 [37.5-58.2],,,EN,2025-04-14T22:00:00.000Z,MDG_0000000025,Births attended by skilled health personnel (%),text,AFR,Africa,Country,GNQ,Year,2000,False,,,,,,,,,,,,,65,,,,,,65,,EN,2025-04-06T22:00:00.000Z
Ethiopia,WHOSIS_000003,Neonatal mortality rate (per 1000 live births),text,AFR,Africa,Country,ETH,Year,2000,False,Sex,Both sexes,SEX_BTSX,Age Group,0-27 days,AGEGROUP_DAYS0-27,,,,,,,47.75,,,43.07,,52.45,47.8 [43.1-52.4],,,EN,2025-04-14T22:00:00.000Z,MDG_0000000025,Births attended by skilled health personnel (%),text,AFR,Africa,Country,ETH,Year,2000,False,,,,,,,,,,,,,6,,,,,,6,,EN,2025-04-06T22:00:00.000Z
Sierra Leone,WHOSIS_000003,Neonatal mortality rate (per 1000 live births),text,AFR,Africa,Country,SLE,Year,2000,False,Sex,Both sexes,SEX_BTSX,Age Group,0-27 days,AGEGROUP_DAYS0-27,,,,,,,48.1,,,42.75,,54.24,48.1 [42.8-54.2],,,EN,2025-04-14T22:00:00.000Z,MDG_0000000025,Births attended by skilled health personnel (%),text,AFR,Africa,Country,SLE,Year,2000,False,,,,,,,,,,,,,37,,,,,,37,,EN,2025-04-06T22:00:00.000Z
Liberia,WHOSIS_000003,Neonatal mortality rate (per 1000 live births),text,AFR,Africa,Country,LBR,Year,2000,False,Sex,Both sexes,SEX_BTSX,Age Group,0-27 days,AGEGROUP_DAYS0-27,,,,,,,48.91,,,43.22,,55.0,48.9 [43.2-55.0],,,EN,2025-04-14T22:00:00.000Z,MDG_0000000025,Births attended by skilled health personnel (%),text,AFR,Africa,Country,LBR,Year,1999-2000,False,,,,,,,,,,,,,51,,,,,,51,,EN,2025-04-06T22:00:00.000Z
Bahrain,WHOSIS_000003,Neonatal mortality rate (per 1000 live births),text,EMR,Eastern Mediterranean,Country,BHR,Year,2000,False,Sex,Both sexes,SEX_BTSX,Age Group,0-27 days,AGEGROUP_DAYS0-27,,,,,,,4.98,,,4.53,,5.44,5.0 [4.5-5.4],,,EN,2025-04-14T22:00:00.000Z,MDG_0000000025,Births attended by skilled health personnel (%),text,EMR,Eastern Mediterranean,Country,BHR,Year,2000,False,,,,,,,,,,,,,98,,,,,,98,,EN,2025-04-06T22:00:00.000Z
Brunei Darussalam,WHOSIS_000003,Neonatal mortality rate (per 1000 live births),text,WPR,Western Pacific,Country,BRN,Year,2000,False,Sex,Both sexes,SEX_BTSX,Age Group,0-27 days,AGEGROUP_DAYS0-27,,,,,,,4.97,,,4.48,,5.5,5.0 [4.5-5.5],,,EN,2025-04-14T22:00:00.000Z,MDG_0000000025,Births attended by skilled health personnel (%),text,WPR,Western Pacific,Country,BRN,Year,2000,False,,,,,,,,,,,,,99,,,,,,99,,EN,2025-04-06T22:00:00.000Z
Slovakia,WHOSIS_000003,Neonatal mortality rate (per 1000 live births),text,EUR,Europe,Country,SVK,Year,2000,False,Sex,Both sexes,SEX_BTSX,Age Group,0-27 days,AGEGROUP_DAYS0-27,,,,,,,4.98,,,4.74,,5.24,5.0 [4.7-5.2],,,EN,2025-04-14T22:00:00.000Z,MDG_0000000025,Births attended by skilled health personnel (%),text,EUR,Europe,Country,SVK,Year,2000,False,,,,,,,,,,,,,100,,,,,,100,,EN,2025-04-06T22:00:00.000Z
Belarus,WHOSIS_000003,Neonatal mortality rate (per 1000 live births),text,EUR,Europe,Country,BLR,Year,2000,False,Sex,Both sexes,SEX_BTSX,Age Group,0-27 days,AGEGROUP_DAYS0-27,,,,,,,5.22,,,4.14,,6.3,5.2 [4.1-6.3],,,EN,2025-04-14T22:00:00.000Z,MDG_0000000025,Births attended by skilled health personnel (%),text,EUR,Europe,Country,BLR,Year,2000,False,,,,,,,,,,,,,100,,,,,,100,,EN,2025-04-06T22:00:00.000Z
Estonia,WHOSIS_000003,Neonatal mortality rate (per 1000 live births),text,EUR,Europe,Country,EST,Year,2000,False,Sex,Both sexes,SEX_BTSX,Age Group,0-27 days,AGEGROUP_DAYS0-27,,,,,,,5.32,,,4.83,,5.81,5.3 [4.8-5.8],,,EN,2025-04-14T22:00:00.000Z,MDG_0000000025,Births attended by skilled health personnel (%),text,EUR,Europe,Country,EST,Year,2000,False,,,,,,,,,,,,,100,,,,,,100,,EN,2025-04-06T22:00:00.000Z
Croatia,WHOSIS_000003,Neonatal mortality rate (per 1000 live births),text,EUR,Europe,Country,HRV,Year,2000,False,Sex,Both sexes,SEX_BTSX,Age Group,0-27 days,AGEGROUP_DAYS0-27,,,,,,,5.55,,,5.26,,5.86,5.5 [5.3-5.9],,,EN,2025-04-14T22:00:00.000Z,MDG_0000000025,Births attended by skilled health personnel (%),text,EUR,Europe,Country,HRV,Year,2000,False,,,,,,,,,,,,,100,,,,,,100,,EN,2025-04-06T22:00:00.000Z
Hungary,WHOSIS_000003,Neonatal mortality rate (per 1000 live births),text,EUR,Europe,Country,HUN,Year,2000,False,Sex,Both sexes,SEX_BTSX,Age Group,0-27 days,AGEGROUP_DAYS0-27,,,,,,,5.73,,,5.49,,5.97,5.7 [5.5-6.0],,,EN,2025-04-14T22:00:00.000Z,MDG_0000000025,Births attended by skilled health personnel (%),text,EUR,Europe,Country,HUN,Year,2000,False,,,,,,,,,,,,,100,,,,,,100,,EN,2025-04-06T22:00:00.000Z
Chile,WHOSIS_000003,Neonatal mortality rate (per 1000 live births),text,AMR,Americas,Country,CHL,Year,2000,False,Sex,Both sexes,SEX_BTSX,Age Group,0-27 days,AGEGROUP_DAYS0-27,,,,,,,5.75,,,5.52,,5.98,5.8 [5.5-6.0],,,EN,2025-04-14T22:00:00.000Z,MDG_0000000025,Births attended by skilled health personnel (%),text,AMR,Americas,Country,CHL,Year,2000,False,,,,,,,,,,,,,100,,,,,,100,,EN,2025-04-06T22:00:00.000Z
Poland,WHOSIS_000003,Neonatal mortality rate (per 1000 live births),text,EUR,Europe,Country,POL,Year,2000,False,Sex,Both sexes,SEX_BTSX,Age Group,0-27 days,AGEGROUP_DAYS0-27,,,,,,,5.78,,,5.6,,5.96,5.8 [5.6-6.0],,,EN,2025-04-14T22:00:00.000Z,MDG_0000000025,Births attended by skilled health personnel (%),text,EUR,Europe,Country,POL,Year,2000,False,,,,,,,,,,,,,99,,,,,,99,,EN,2025-04-06T22:00:00.000Z
Guinea-Bissau,WHOSIS_000003,Neonatal mortality rate (per 1000 live births),text,AFR,Africa,Country,GNB,Year,2000,False,Sex,Both sexes,SEX_BTSX,Age Group,0-27 days,AGEGROUP_DAYS0-27,,,,,,,55.16,,,47.0,,64.07,55.2 [47.0-64.1],,,EN,2025-04-14T22:00:00.000Z,MDG_0000000025,Births attended by skilled health personnel (%),text,AFR,Africa,Country,GNB,Year,2000,False,,,,,,,,,,,,,32,,,,,,32,,EN,2025-04-06T22:00:00.000Z
Qatar,WHOSIS_000003,Neonatal mortality rate (per 1000 live births),text,EMR,Eastern Mediterranean,Country,QAT,Year,2000,False,Sex,Both sexes,SEX_BTSX,Age Group,0-27 days,AGEGROUP_DAYS0-27,,,,,,,6.61,,,5.99,,7.23,6.6 [6.0-7.2],,"The most recent official national estimates of neonatal, infant and under-five mortality rates in Qatar are from the vital registration system, with a rate of 3.6, 5.0 and 6.4 deaths per 1,000 live births for both sexes, respectively, in 2021.",EN,2025-04-14T22:00:00.000Z,MDG_0000000025,Births attended by skilled health personnel (%),text,EMR,Eastern Mediterranean,Country,QAT,Year,2000,False,,,,,,,,,,,,,100,,,,,,100,,EN,2025-04-06T22:00:00.000Z
Bosnia and Herzegovina,WHOSIS_000003,Neonatal mortality rate (per 1000 live births),text,EUR,Europe,Country,BIH,Year,2000,False,Sex,Both sexes,SEX_BTSX,Age Group,0-27 days,AGEGROUP_DAYS0-27,,,,,,,6.56,,,6.24,,6.89,6.6 [6.2-6.9],,,EN,2025-04-14T22:00:00.000Z,MDG_0000000025,Births attended by skilled health personnel (%),text,EUR,Europe,Country,BIH,Year,2000,False,,,,,,,,,,,,,99,,,,,,99,,EN,2025-04-06T22:00:00.000Z
Tonga,WHOSIS_000003,Neonatal mortality rate (per 1000 live births),text,WPR,Western Pacific,Country,TON,Year,2000,False,Sex,Both sexes,SEX_BTSX,Age Group,0-27 days,AGEGROUP_DAYS0-27,,,,,,,7.2,,,5.76,,8.8,7.2 [5.8-8.8],,,EN,2025-04-14T22:00:00.000Z,MDG_0000000025,Births attended by skilled health personnel (%),text,WPR,Western Pacific,Country,TON,Year,2000,False,,,,,,,,,,,,,95,,,,,,95,,EN,2025-04-06T22:00:00.000Z
Oman,WHOSIS_000003,Neonatal mortality rate (per 1000 live births),text,EMR,Eastern Mediterranean,Country,OMN,Year,2000,False,Sex,Both sexes,SEX_BTSX,Age Group,0-27 days,AGEGROUP_DAYS0-27,,,,,,,7.37,,,5.41,,9.31,7.4 [5.4-9.3],,,EN,2025-04-14T22:00:00.000Z,MDG_0000000025,Births attended by skilled health personnel (%),text,EMR,Eastern Mediterranean,Country,OMN,Year,2000,False,,,,,,,,,,,,,95,,,,,,95,,EN,2025-04-06T22:00:00.000Z
Costa Rica,WHOSIS_000003,Neonatal mortality rate (per 1000 live births),text,AMR,Americas,Country,CRI,Year,2000,False,Sex,Both sexes,SEX_BTSX,Age Group,0-27 days,AGEGROUP_DAYS0-27,,,,,,,7.62,,,7.28,,7.98,7.6 [7.3-8.0],,,EN,2025-04-14T22:00:00.000Z,MDG_0000000025,Births attended by skilled health personnel (%),text,AMR,Americas,Country,CRI,Year,1999-2000,False,,,,,,,,,,,,,97,,,,,,97,,EN,2025-04-06T22:00:00.000Z
Serbia,WHOSIS_000003,Neonatal mortality rate (per 1000 live births),text,EUR,Europe,Country,SRB,Year,2000,False,Sex,Both sexes,SEX_BTSX,Age Group,0-27 days,AGEGROUP_DAYS0-27,,,,,,,7.72,,,7.35,,8.08,7.7 [7.3-8.1],,,EN,2025-04-14T22:00:00.000Z,MDG_0000000025,Births attended by skilled health personnel (%),text,EUR,Europe,Country,SRB,Year,2000,False,,,,,,,,,,,,,98,,,,,,98,,EN,2025-04-06T22:00:00.000Z
Grenada,WHOSIS_000003,Neonatal mortality rate (per 1000 live births),text,AMR,Americas,Country,GRD,Year,2000,False,Sex,Both sexes,SEX_BTSX,Age Group,0-27 days,AGEGROUP_DAYS0-27,,,,,,,7.79,,,6.8,,8.91,7.8 [6.8-8.9],,,EN,2025-04-14T22:00:00.000Z,MDG_0000000025,Births attended by skilled health personnel (%),text,AMR,Americas,Country,GRD,Year,2000,False,,,,,,,,,,,,,100,,,,,,100,,EN,2025-04-06T22:00:00.000Z
Bahamas,WHOSIS_000003,Neonatal mortality rate (per 1000 live births),text,AMR,Americas,Country,BHS,Year,2000,False,Sex,Both sexes,SEX_BTSX,Age Group,0-27 days,AGEGROUP_DAYS0-27,,,,,,,7.87,,,7.11,,8.68,7.9 [7.1-8.7],,,EN,2025-04-14T22:00:00.000Z,MDG_0000000025,Births attended by skilled health personnel (%),text,AMR,Americas,Country,BHS,Year,2000,False,,,,,,,,,,,,,99,,,,,,99,,EN,2025-04-06T22:00:00.000Z
Bulgaria,WHOSIS_000003,Neonatal mortality rate (per 1000 live births),text,EUR,Europe,Country,BGR,Year,2000,False,Sex,Both sexes,SEX_BTSX,Age Group,0-27 days,AGEGROUP_DAYS0-27,,,,,,,7.9,,,7.54,,8.26,7.9 [7.5-8.3],,,EN,2025-04-14T22:00:00.000Z,MDG_0000000025,Births attended by skilled health personnel (%),text,EUR,Europe,Country,BGR,Year,2000,False,,,,,,,,,,,,,99,,,,,,99,,EN,2025-04-06T22:00:00.000Z
Uruguay,WHOSIS_000003,Neonatal mortality rate (per 1000 live births),text,AMR,Americas,Country,URY,Year,2000,False,Sex,Both sexes,SEX_BTSX,Age Group,0-27 days,AGEGROUP_DAYS0-27,,,,,,,8.42,,,7.78,,9.11,8.4 [7.8-9.1],,,EN,2025-04-14T22:00:00.000Z,MDG_0000000025,Births attended by skilled health personnel (%),text,AMR,Americas,Country,URY,Year,2000,False,,,,,,,,,,,,,100,,,,,,100,,EN,2025-04-06T22:00:00.000Z
Montenegro,WHOSIS_000003,Neonatal mortality rate (per 1000 live births),text,EUR,Europe,Country,MNE,Year,2000,False,Sex,Both sexes,SEX_BTSX,Age Group,0-27 days,AGEGROUP_DAYS0-27,,,,,,,8.49,,,7.58,,9.37,8.5 [7.6-9.4],,,EN,2025-04-14T22:00:00.000Z,MDG_0000000025,Births attended by skilled health personnel (%),text,EUR,Europe,Country,MNE,Year,2000,False,,,,,,,,,,,,,99,,,,,,99,,EN,2025-04-06T22:00:00.000Z
Seychelles,WHOSIS_000003,Neonatal mortality rate (per 1000 live births),text,AFR,Africa,Country,SYC,Year,2000,False,Sex,Both sexes,SEX_BTSX,Age Group,0-27 days,AGEGROUP_DAYS0-27,,,,,,,8.72,,,7.65,,9.85,8.7 [7.6-9.8],,,EN,2025-04-14T22:00:00.000Z,MDG_0000000025,Births attended by skilled health personnel (%),text,AFR,Africa,Country,SYC,Year,2000,False,,,,,,,,,,,,,99,,,,,,99,,EN,2025-04-06T22:00:00.000Z
Samoa,WHOSIS_000003,Neonatal mortality rate (per 1000 live births),text,WPR,Western Pacific,Country,WSM,Year,2000,False,Sex,Both sexes,SEX_BTSX,Age Group,0-27 days,AGEGROUP_DAYS0-27,,,,,,,8.76,,,6.96,,10.71,8.8 [7.0-10.7],,,EN,2025-04-14T22:00:00.000Z,MDG_0000000025,Births attended by skilled health personnel (%),text,WPR,Western Pacific,Country,WSM,Year,2000,False,,,,,,,,,,,,,80,,,,,,80,,EN,2025-04-06T22:00:00.000Z
Russian Federation,WHOSIS_000003,Neonatal mortality rate (per 1000 live births),text,EUR,Europe,Country,RUS,Year,2000,False,Sex,Both sexes,SEX_BTSX,Age Group,0-27 days,AGEGROUP_DAYS0-27,,,,,,,9.01,,,7.96,,9.99,9.0 [8.0-10.0],,,EN,2025-04-14T22:00:00.000Z,MDG_0000000025,Births attended by skilled health personnel (%),text,EUR,Europe,Country,RUS,Year,2000,False,,,,,,,,,,,,,99,,,,,,99,,EN,2025-04-06T22:00:00.000Z
Barbados,WHOSIS_000003,Neonatal mortality rate (per 1000 live births),text,AMR,Americas,Country,BRB,Year,2000,False,Sex,Both sexes,SEX_BTSX,Age Group,0-27 days,AGEGROUP_DAYS0-27,,,,,,,8.97,,,8.11,,9.87,9.0 [8.1-9.9],,,EN,2025-04-14T22:00:00.000Z,MDG_0000000025,Births attended by skilled health personnel (%),text,AMR,Americas,Country,BRB,Year,2000,False,,,,,,,,,,,,,98,,,,,,98,,EN,2025-04-06T22:00:00.000Z
North Macedonia,WHOSIS_000003,Neonatal mortality rate (per 1000 live births),text,EUR,Europe,Country,MKD,Year,2000,False,Sex,Both sexes,SEX_BTSX,Age Group,0-27 days,AGEGROUP_DAYS0-27,,,,,,,9.03,,,8.44,,9.65,9.0 [8.4-9.6],,,EN,2025-04-14T22:00:00.000Z,MDG_0000000025,Births attended by skilled health personnel (%),text,EUR,Europe,Country,MKD,Year,2000,False,,,,,,,,,,,,,98,,,,,,98,,EN,2025-04-06T22:00:00.000Z
Sri Lanka,WHOSIS_000003,Neonatal mortality rate (per 1000 live births),text,SEAR,South-East Asia,Country,LKA,Year,2000,False,Sex,Both sexes,SEX_BTSX,Age Group,0-27 days,AGEGROUP_DAYS0-27,,,,,,,9.7,,,9.36,,10.04,9.7 [9.4-10.0],,,EN,2025-04-14T22:00:00.000Z,MDG_0000000025,Births attended by skilled health personnel (%),text,SEAR,South-East Asia,Country,LKA,Year,2000,False,,,,,,,,,,,,,96,,,,,,96,,EN,2025-04-06T22:00:00.000Z
