Location,IndicatorCode,Indicator,ValueType,ParentLocationCode,ParentLocation,Location type,SpatialDimValueCode,Period type,Period,IsLatestYear,Dim1 type,Dim1,Dim1ValueCode,Dim2 type,Dim2,Dim2ValueCode,Dim3 type,Dim3,Dim3ValueCode,DataSourceDimValueCode,DataSource,FactValueNumericPrefix,FactValueNumeric,FactValueUoM,FactValueNumericLowPrefix,FactValueNumericLow,FactValueNumericHighPrefix,FactValueNumericHigh,Value,FactValueTranslationID,FactComments,Language,DateModified,IndicatorCoder,Indicatorr,ValueTyper,ParentLocationCoder,ParentLocationr,Location typer,SpatialDimValueCoder,Period typer,Periodr,IsLatestYearr,Dim1 typer,Dim1r,Dim1ValueCoder,Dim2 typer,Dim2r,Dim2ValueCoder,Dim3 typer,Dim3r,Dim3ValueCoder,DataSourceDimValueCoder,DataSourcer,FactValueNumericPrefixr,FactValueNumericr,FactValueUoMr,FactValueNumericLowPrefixr,FactValueNumericLowr,FactValueNumericHighPrefixr,FactValueNumericHighr,Valuer,FactValueTranslationIDr,FactCommentsr,Languager,DateModifiedr
Brazil,NCD_DTH_TOT,Total NCD Deaths,numeric,AMR,Americas,Country,BRA,Year,2019,False,Sex,Both sexes,SEX_BTSX,Causes,Noncommunicable diseases,GHECAUSES_GHE060,,,,,,,1045019,,,843224,,1189410,1 050 000 [843 000-1 190 000],,,EN,2025-03-18T23:00:00.000Z,AIR_41,Ambient air pollution attributable deaths,numeric,AMR,Americas,Country,BRA,Year,2019,True,Sex,Both sexes,SEX_BTSX,GHE cause of death codes,ALL CAUSES,GHECAUSE_GHE000000,,,,,,,55094.0,,,38033.0,,73790.0,55 094 [38 033-73 790],,,EN,2024-10-02T22:00:00.000Z
Japan,NCD_DTH_TOT,Total NCD Deaths,numeric,WPR,Western Pacific,Country,JPN,Year,2019,False,Sex,Both sexes,SEX_BTSX,Causes,Noncommunicable diseases,GHECAUSES_GHE060,,,,,,,1107468,,,846428,,1511136,1 110 000 [846 000-1 510 000],,,EN,2025-03-18T23:00:00.000Z,AIR_41,Ambient air pollution attributable deaths,numeric,WPR,Western Pacific,Country,JPN,Year,2019,True,Sex,Both sexes,SEX_BTSX,GHE cause of death codes,ALL CAUSES,GHECAUSE_GHE000000,,,,,,,61366.0,,,43690.0,,82067.0,61 366 [43 690-82 067],,,EN,2024-10-02T22:00:00.000Z
Indonesia,NCD_DTH_TOT,Total NCD Deaths,numeric,SEAR,South-East Asia,Country,IDN,Year,2019,False,Sex,Both sexes,SEX_BTSX,Causes,Noncommunicable diseases,GHECAUSES_GHE060,,,,,,,1487277,,,1010864,,2103153,1 490 000 [1 010 000-2 100 000],,,EN,2025-03-18T23:00:00.000Z,AIR_41,Ambient air pollution attributable deaths,numeric,SEAR,South-East Asia,Country,IDN,Year,2019,True,Sex,Both sexes,SEX_BTSX,GHE cause of death codes,ALL CAUSES,GHECAUSE_GHE000000,,,,,,,119869.0,,,87647.0,,155411.0,119 869 [87 647-155 411],,,EN,2024-10-02T22:00:00.000Z
Russian Federation,NCD_DTH_TOT,Total NCD Deaths,numeric,EUR,Europe,Country,RUS,Year,2019,False,Sex,Both sexes,SEX_BTSX,Causes,Noncommunicable diseases,GHECAUSES_GHE060,,,,,,,1592998,,,1419953,,1755015,1 590 000 [1 420 000-1 760 000],,,EN,2025-03-18T23:00:00.000Z,AIR_41,Ambient air pollution attributable deaths,numeric,EUR,Europe,Country,RUS,Year,2019,True,Sex,Both sexes,SEX_BTSX,GHE cause of death codes,ALL CAUSES,GHECAUSE_GHE000000,,,,,,,108638.0,,,65275.0,,154012.0,108 638 [65 275-154 012],,,EN,2024-10-02T22:00:00.000Z
Mauritania,NCD_DTH_TOT,Total NCD Deaths,numeric,AFR,Africa,Country,MRT,Year,2019,False,Sex,Both sexes,SEX_BTSX,Causes,Noncommunicable diseases,GHECAUSES_GHE060,,,,,,,10752,,,5522,,18449,10 800 [5520-18 400],,,EN,2025-03-18T23:00:00.000Z,AIR_41,Ambient air pollution attributable deaths,numeric,AFR,Africa,Country,MRT,Year,2019,True,Sex,Both sexes,SEX_BTSX,GHE cause of death codes,ALL CAUSES,GHECAUSE_GHE000000,,,,,,,1479.0,,,871.7,,2079.0,1479 [872-2079],,,EN,2024-10-02T22:00:00.000Z
Czechia,NCD_DTH_TOT,Total NCD Deaths,numeric,EUR,Europe,Country,CZE,Year,2019,False,Sex,Both sexes,SEX_BTSX,Causes,Noncommunicable diseases,GHECAUSES_GHE060,,,,,,,100098,,,80768,,122221,100 000 [80 800-122 000],,,EN,2025-03-18T23:00:00.000Z,AIR_41,Ambient air pollution attributable deaths,numeric,EUR,Europe,Country,CZE,Year,2019,True,Sex,Both sexes,SEX_BTSX,GHE cause of death codes,ALL CAUSES,GHECAUSE_GHE000000,,,,,,,8199.0,,,5786.0,,10347.0,8199 [5786-10 347],,,EN,2024-10-02T22:00:00.000Z
Portugal,NCD_DTH_TOT,Total NCD Deaths,numeric,EUR,Europe,Country,PRT,Year,2019,False,Sex,Both sexes,SEX_BTSX,Causes,Noncommunicable diseases,GHECAUSES_GHE060,,,,,,,101646,,,73389,,132642,102 000 [73 400-133 000],,,EN,2025-03-18T23:00:00.000Z,AIR_41,Ambient air pollution attributable deaths,numeric,EUR,Europe,Country,PRT,Year,2019,True,Sex,Both sexes,SEX_BTSX,GHE cause of death codes,ALL CAUSES,GHECAUSE_GHE000000,,,,,,,3252.0,,,2185.0,,4513.0,3252 [2185-4513],,,EN,2024-10-02T22:00:00.000Z
Bulgaria,NCD_DTH_TOT,Total NCD Deaths,numeric,EUR,Europe,Country,BGR,Year,2019,False,Sex,Both sexes,SEX_BTSX,Causes,Noncommunicable diseases,GHECAUSES_GHE060,,,,,,,103080,,,92373,,129454,103 000 [92 400-129 000],,,EN,2025-03-18T23:00:00.000Z,AIR_41,Ambient air pollution attributable deaths,numeric,EUR,Europe,Country,BGR,Year,2019,True,Sex,Both sexes,SEX_BTSX,GHE cause of death codes,ALL CAUSES,GHECAUSE_GHE000000,,,,,,,10865.0,,,7694.0,,13714.0,10 865 [7694-13 714],,,EN,2024-10-02T22:00:00.000Z
Belize,NCD_DTH_TOT,Total NCD Deaths,numeric,AMR,Americas,Country,BLZ,Year,2019,False,Sex,Both sexes,SEX_BTSX,Causes,Noncommunicable diseases,GHECAUSES_GHE060,,,,,,,1033,,,843,,1416,1030 [840-1420],,,EN,2025-03-18T23:00:00.000Z,AIR_41,Ambient air pollution attributable deaths,numeric,AMR,Americas,Country,BLZ,Year,2019,True,Sex,Both sexes,SEX_BTSX,GHE cause of death codes,ALL CAUSES,GHECAUSE_GHE000000,,,,,,,54.88,,,7.3,,92.62,55 [7-93],,,EN,2024-10-02T22:00:00.000Z
Iraq,NCD_DTH_TOT,Total NCD Deaths,numeric,EMR,Eastern Mediterranean,Country,IRQ,Year,2019,False,Sex,Both sexes,SEX_BTSX,Causes,Noncommunicable diseases,GHECAUSES_GHE060,,,,,,,107256,,,69316,,165477,107 000 [69 300-165 000],,,EN,2025-03-18T23:00:00.000Z,AIR_41,Ambient air pollution attributable deaths,numeric,EMR,Eastern Mediterranean,Country,IRQ,Year,2019,True,Sex,Both sexes,SEX_BTSX,GHE cause of death codes,ALL CAUSES,GHECAUSE_GHE000000,,,,,,,15074.0,,,11559.0,,18451.0,15 074 [11 559-18 451],,,EN,2024-10-02T22:00:00.000Z
Belarus,NCD_DTH_TOT,Total NCD Deaths,numeric,EUR,Europe,Country,BLR,Year,2019,False,Sex,Both sexes,SEX_BTSX,Causes,Noncommunicable diseases,GHECAUSES_GHE060,,,,,,,107986,,,98578,,136600,108 000 [98 600-137 000],,,EN,2025-03-18T23:00:00.000Z,AIR_41,Ambient air pollution attributable deaths,numeric,EUR,Europe,Country,BLR,Year,2019,True,Sex,Both sexes,SEX_BTSX,GHE cause of death codes,ALL CAUSES,GHECAUSE_GHE000000,,,,,,,12648.0,,,8348.0,,16241.0,12 648 [8348-16 241],,,EN,2024-10-02T22:00:00.000Z
Nepal,NCD_DTH_TOT,Total NCD Deaths,numeric,SEAR,South-East Asia,Country,NPL,Year,2019,False,Sex,Both sexes,SEX_BTSX,Causes,Noncommunicable diseases,GHECAUSES_GHE060,,,,,,,109269,,,62922,,180861,109 000 [62 900-181 000],,,EN,2025-03-18T23:00:00.000Z,AIR_41,Ambient air pollution attributable deaths,numeric,SEAR,South-East Asia,Country,NPL,Year,2019,True,Sex,Both sexes,SEX_BTSX,GHE cause of death codes,ALL CAUSES,GHECAUSE_GHE000000,,,,,,,14662.0,,,10717.0,,19661.0,14 662 [10 717-19 661],,,EN,2024-10-02T22:00:00.000Z
Oman,NCD_DTH_TOT,Total NCD Deaths,numeric,EMR,Eastern Mediterranean,Country,OMN,Year,2019,False,Sex,Both sexes,SEX_BTSX,Causes,Noncommunicable diseases,GHECAUSES_GHE060,,,,,,,11011,,,6802,,16396,11 000 [6800-16 400],,,EN,2025-03-18T23:00:00.000Z,AIR_41,Ambient air pollution attributable deaths,numeric,EMR,Eastern Mediterranean,Country,OMN,Year,2019,True,Sex,Both sexes,SEX_BTSX,GHE cause of death codes,ALL CAUSES,GHECAUSE_GHE000000,,,,,,,1815.0,,,1267.0,,2297.0,1815 [1267-2297],,,EN,2024-10-02T22:00:00.000Z
Grenada,NCD_DTH_TOT,Total NCD Deaths,numeric,AMR,Americas,Country,GRD,Year,2019,False,Sex,Both sexes,SEX_BTSX,Causes,Noncommunicable diseases,GHECAUSES_GHE060,,,,,,,1101,,,804,,1305,1100 [800-1310],,,EN,2025-03-18T23:00:00.000Z,AIR_41,Ambient air pollution attributable deaths,numeric,AMR,Americas,Country,GRD,Year,2019,True,Sex,Both sexes,SEX_BTSX,GHE cause of death codes,ALL CAUSES,GHECAUSE_GHE000000,,,,,,,41.95,,,27.17,,56.5,42 [27-56],,,EN,2024-10-02T22:00:00.000Z
Peru,NCD_DTH_TOT,Total NCD Deaths,numeric,AMR,Americas,Country,PER,Year,2019,False,Sex,Both sexes,SEX_BTSX,Causes,Noncommunicable diseases,GHECAUSES_GHE060,,,,,,,114365,,,64444,,165530,114 000 [64 400-166 000],,,EN,2025-03-18T23:00:00.000Z,AIR_41,Ambient air pollution attributable deaths,numeric,AMR,Americas,Country,PER,Year,2019,True,Sex,Both sexes,SEX_BTSX,GHE cause of death codes,ALL CAUSES,GHECAUSE_GHE000000,,,,,,,8890.0,,,6786.0,,11075.0,8890 [6786-11 075],,,EN,2024-10-02T22:00:00.000Z
Samoa,NCD_DTH_TOT,Total NCD Deaths,numeric,WPR,Western Pacific,Country,WSM,Year,2019,False,Sex,Both sexes,SEX_BTSX,Causes,Noncommunicable diseases,GHECAUSES_GHE060,,,,,,,1147,,,682,,1704,1150 [680-1700],,,EN,2025-03-18T23:00:00.000Z,AIR_41,Ambient air pollution attributable deaths,numeric,WPR,Western Pacific,Country,WSM,Year,2019,True,Sex,Both sexes,SEX_BTSX,GHE cause of death codes,ALL CAUSES,GHECAUSE_GHE000000,,,,,,,43.17,,,0.0,,91.11,43 [0-91],,,EN,2024-10-02T22:00:00.000Z
Sri Lanka,NCD_DTH_TOT,Total NCD Deaths,numeric,SEAR,South-East Asia,Country,LKA,Year,2019,False,Sex,Both sexes,SEX_BTSX,Causes,Noncommunicable diseases,GHECAUSES_GHE060,,,,,,,115872,,,70013,,172187,116 000 [70 000-172 000],,,EN,2025-03-18T23:00:00.000Z,AIR_41,Ambient air pollution attributable deaths,numeric,SEAR,South-East Asia,Country,LKA,Year,2019,True,Sex,Both sexes,SEX_BTSX,GHE cause of death codes,ALL CAUSES,GHECAUSE_GHE000000,,,,,,,9523.0,,,6798.0,,12329.0,9523 [6798-12 329],,,EN,2024-10-02T22:00:00.000Z
Greece,NCD_DTH_TOT,Total NCD Deaths,numeric,EUR,Europe,Country,GRC,Year,2019,False,Sex,Both sexes,SEX_BTSX,Causes,Noncommunicable diseases,GHECAUSES_GHE060,,,,,,,115537,,,83783,,139789,116 000 [83 800-140 000],,,EN,2025-03-18T23:00:00.000Z,AIR_41,Ambient air pollution attributable deaths,numeric,EUR,Europe,Country,GRC,Year,2019,True,Sex,Both sexes,SEX_BTSX,GHE cause of death codes,ALL CAUSES,GHECAUSE_GHE000000,,,,,,,7871.0,,,5914.0,,9926.0,7871 [5914-9926],,,EN,2024-10-02T22:00:00.000Z
Afghanistan,NCD_DTH_TOT,Total NCD Deaths,numeric,EMR,Eastern Mediterranean,Country,AFG,Year,2019,False,Sex,Both sexes,SEX_BTSX,Causes,Noncommunicable diseases,GHECAUSES_GHE060,,,,,,,118581,,,60201,,208945,119 000 [60 200-209 000],,,EN,2025-03-18T23:00:00.000Z,AIR_41,Ambient air pollution attributable deaths,numeric,EMR,Eastern Mediterranean,Country,AFG,Year,2019,True,Sex,Both sexes,SEX_BTSX,GHE cause of death codes,ALL CAUSES,GHECAUSE_GHE000000,,,,,,,21992.0,,,17456.0,,27046.0,21 992 [17 456-27 046],,,EN,2024-10-02T22:00:00.000Z
Sudan,NCD_DTH_TOT,Total NCD Deaths,numeric,EMR,Eastern Mediterranean,Country,SDN,Year,2019,False,Sex,Both sexes,SEX_BTSX,Causes,Noncommunicable diseases,GHECAUSES_GHE060,,,,,,,119215,,,62524,,193157,119 000 [62 500-193 000],,,EN,2025-03-18T23:00:00.000Z,AIR_41,Ambient air pollution attributable deaths,numeric,EMR,Eastern Mediterranean,Country,SDN,Year,2019,True,Sex,Both sexes,SEX_BTSX,GHE cause of death codes,ALL CAUSES,GHECAUSE_GHE000000,,,,,,,14669.0,,,8954.0,,20387.0,14 669 [8954-20 387],,,EN,2024-10-02T22:00:00.000Z
Kazakhstan,NCD_DTH_TOT,Total NCD Deaths,numeric,EUR,Europe,Country,KAZ,Year,2019,False,Sex,Both sexes,SEX_BTSX,Causes,Noncommunicable diseases,GHECAUSES_GHE060,,,,,,,119427,,,92960,,139700,119 000 [93 000-140 000],,,EN,2025-03-18T23:00:00.000Z,AIR_41,Ambient air pollution attributable deaths,numeric,EUR,Europe,Country,KAZ,Year,2019,True,Sex,Both sexes,SEX_BTSX,GHE cause of death codes,ALL CAUSES,GHECAUSE_GHE000000,,,,,,,12489.0,,,9138.0,,15911.0,12 489 [9138-15 911],,,EN,2024-10-02T22:00:00.000Z
Lesotho,NCD_DTH_TOT,Total NCD Deaths,numeric,AFR,Africa,Country,LSO,Year,2019,False,Sex,Both sexes,SEX_BTSX,Causes,Noncommunicable diseases,GHECAUSES_GHE060,,,,,,,12114,,,6879,,23035,12 100 [6880-23 000],,,EN,2025-03-18T23:00:00.000Z,AIR_41,Ambient air pollution attributable deaths,numeric,AFR,Africa,Country,LSO,Year,2019,True,Sex,Both sexes,SEX_BTSX,GHE cause of death codes,ALL CAUSES,GHECAUSE_GHE000000,,,,,,,1458.0,,,969.9,,1947.0,1458 [970-1947],,,EN,2024-10-02T22:00:00.000Z
Hungary,NCD_DTH_TOT,Total NCD Deaths,numeric,EUR,Europe,Country,HUN,Year,2019,False,Sex,Both sexes,SEX_BTSX,Causes,Noncommunicable diseases,GHECAUSES_GHE060,,,,,,,121502,,,100679,,147004,122 000 [101 000-147 000],,,EN,2025-03-18T23:00:00.000Z,AIR_41,Ambient air pollution attributable deaths,numeric,EUR,Europe,Country,HUN,Year,2019,True,Sex,Both sexes,SEX_BTSX,GHE cause of death codes,ALL CAUSES,GHECAUSE_GHE000000,,,,,,,9636.0,,,6715.0,,12244.0,9636 [6715-12 244],,,EN,2024-10-02T22:00:00.000Z
Netherlands (Kingdom of the),NCD_DTH_TOT,Total NCD Deaths,numeric,EUR,Europe,Country,NLD,Year,2019,False,Sex,Both sexes,SEX_BTSX,Causes,Noncommunicable diseases,GHECAUSES_GHE060,,,,,,,124906,,,94558,,163035,125 000 [94 600-163 000],,,EN,2025-03-18T23:00:00.000Z,AIR_41,Ambient air pollution attributable deaths,numeric,EUR,Europe,Country,NLD,Year,2019,True,Sex,Both sexes,SEX_BTSX,GHE cause of death codes,ALL CAUSES,GHECAUSE_GHE000000,,,,,,,5734.0,,,4066.0,,7591.0,5734 [4066-7591],,,EN,2024-10-02T22:00:00.000Z
Eritrea,NCD_DTH_TOT,Total NCD Deaths,numeric,AFR,Africa,Country,ERI,Year,2019,False,Sex,Both sexes,SEX_BTSX,Causes,Noncommunicable diseases,GHECAUSES_GHE060,,,,,,,13538,,,7530,,25102,13 500 [7530-25 100],,,EN,2025-03-18T23:00:00.000Z,AIR_41,Ambient air pollution attributable deaths,numeric,AFR,Africa,Country,ERI,Year,2019,True,Sex,Both sexes,SEX_BTSX,GHE cause of death codes,ALL CAUSES,GHECAUSE_GHE000000,,,,,,,1542.0,,,769.8,,2453.0,1542 [770-2453],,,EN,2024-10-02T22:00:00.000Z
Liberia,NCD_DTH_TOT,Total NCD Deaths,numeric,AFR,Africa,Country,LBR,Year,2019,False,Sex,Both sexes,SEX_BTSX,Causes,Noncommunicable diseases,GHECAUSES_GHE060,,,,,,,13553,,,7288,,24268,13 600 [7290-24 300],,,EN,2025-03-18T23:00:00.000Z,AIR_41,Ambient air pollution attributable deaths,numeric,AFR,Africa,Country,LBR,Year,2019,True,Sex,Both sexes,SEX_BTSX,GHE cause of death codes,ALL CAUSES,GHECAUSE_GHE000000,,,,,,,1513.0,,,1007.0,,2032.0,1513 [1007-2032],,,EN,2024-10-02T22:00:00.000Z
Kenya,NCD_DTH_TOT,Total NCD Deaths,numeric,AFR,Africa,Country,KEN,Year,2019,False,Sex,Both sexes,SEX_BTSX,Causes,Noncommunicable diseases,GHECAUSES_GHE060,,,,,,,130019,,,76446,,216370,130 000 [76 400-216 000],,,EN,2025-03-18T23:00:00.000Z,AIR_41,Ambient air pollution attributable deaths,numeric,AFR,Africa,Country,KEN,Year,2019,True,Sex,Both sexes,SEX_BTSX,GHE cause of death codes,ALL CAUSES,GHECAUSE_GHE000000,,,,,,,6693.0,,,3865.0,,9812.0,6693 [3865-9812],,,EN,2024-10-02T22:00:00.000Z
United Republic of Tanzania,NCD_DTH_TOT,Total NCD Deaths,numeric,AFR,Africa,Country,TZA,Year,2019,False,Sex,Both sexes,SEX_BTSX,Causes,Noncommunicable diseases,GHECAUSES_GHE060,,,,,,,131377,,,69978,,238893,131 000 [70 000-239 000],,,EN,2025-03-18T23:00:00.000Z,AIR_41,Ambient air pollution attributable deaths,numeric,AFR,Africa,Country,TZA,Year,2019,True,Sex,Both sexes,SEX_BTSX,GHE cause of death codes,ALL CAUSES,GHECAUSE_GHE000000,,,,,,,8623.0,,,5386.0,,12417.0,8623 [5386-12 417],,,EN,2024-10-02T22:00:00.000Z
Venezuela (Bolivarian Republic of),NCD_DTH_TOT,Total NCD Deaths,numeric,AMR,Americas,Country,VEN,Year,2019,False,Sex,Both sexes,SEX_BTSX,Causes,Noncommunicable diseases,GHECAUSES_GHE060,,,,,,,139091,,,96026,,181912,139 000 [96 000-182 000],,,EN,2025-03-18T23:00:00.000Z,AIR_41,Ambient air pollution attributable deaths,numeric,AMR,Americas,Country,VEN,Year,2019,True,Sex,Both sexes,SEX_BTSX,GHE cause of death codes,ALL CAUSES,GHECAUSE_GHE000000,,,,,,,8639.0,,,5965.0,,11166.0,8639 [5965-11 166],,,EN,2024-10-02T22:00:00.000Z
Estonia,NCD_DTH_TOT,Total NCD Deaths,numeric,EUR,Europe,Country,EST,Year,2019,False,Sex,Both sexes,SEX_BTSX,Causes,Noncommunicable diseases,GHECAUSES_GHE060,,,,,,,13983,,,10976,,17704,14 000 [11 000-17 700],,,EN,2025-03-18T23:00:00.000Z,AIR_41,Ambient air pollution attributable deaths,numeric,EUR,Europe,Country,EST,Year,2019,True,Sex,Both sexes,SEX_BTSX,GHE cause of death codes,ALL CAUSES,GHECAUSE_GHE000000,,,,,,,460.6,,,258.5,,655.8,461 [259-656],,,EN,2024-10-02T22:00:00.000Z
Central African Republic,NCD_DTH_TOT,Total NCD Deaths,numeric,AFR,Africa,Country,CAF,Year,2019,False,Sex,Both sexes,SEX_BTSX,Causes,Noncommunicable diseases,GHECAUSES_GHE060,,,,,,,14571,,,7725,,30471,14 600 [7720-30 500],,,EN,2025-03-18T23:00:00.000Z,AIR_41,Ambient air pollution attributable deaths,numeric,AFR,Africa,Country,CAF,Year,2019,True,Sex,Both sexes,SEX_BTSX,GHE cause of death codes,ALL CAUSES,GHECAUSE_GHE000000,,,,,,,2259.0,,,630.9,,4080.0,2259 [631-4080],,,EN,2024-10-02T22:00:00.000Z
Malaysia,NCD_DTH_TOT,Total NCD Deaths,numeric,WPR,Western Pacific,Country,MYS,Year,2019,False,Sex,Both sexes,SEX_BTSX,Causes,Noncommunicable diseases,GHECAUSES_GHE060,,,,,,,140099,,,93575,,207813,140 000 [93 600-208 000],,,EN,2025-03-18T23:00:00.000Z,AIR_41,Ambient air pollution attributable deaths,numeric,WPR,Western Pacific,Country,MYS,Year,2019,True,Sex,Both sexes,SEX_BTSX,GHE cause of death codes,ALL CAUSES,GHECAUSE_GHE000000,,,,,,,16792.0,,,12945.0,,20668.0,16 792 [12 945-20 668],,,EN,2024-10-02T22:00:00.000Z
Panama,NCD_DTH_TOT,Total NCD Deaths,numeric,AMR,Americas,Country,PAN,Year,2019,False,Sex,Both sexes,SEX_BTSX,Causes,Noncommunicable diseases,GHECAUSES_GHE060,,,,,,,15176,,,12005,,20571,15 200 [12 000-20 600],,,EN,2025-03-18T23:00:00.000Z,AIR_41,Ambient air pollution attributable deaths,numeric,AMR,Americas,Country,PAN,Year,2019,True,Sex,Both sexes,SEX_BTSX,GHE cause of death codes,ALL CAUSES,GHECAUSE_GHE000000,,,,,,,819.7,,,535.4,,1109.0,820 [535-1109],,,EN,2024-10-02T22:00:00.000Z
Congo,NCD_DTH_TOT,Total NCD Deaths,numeric,AFR,Africa,Country,COG,Year,2019,False,Sex,Both sexes,SEX_BTSX,Causes,Noncommunicable diseases,GHECAUSES_GHE060,,,,,,,15190,,,7709,,25033,15 200 [7710-25 000],,,EN,2025-03-18T23:00:00.000Z,AIR_41,Ambient air pollution attributable deaths,numeric,AFR,Africa,Country,COG,Year,2019,True,Sex,Both sexes,SEX_BTSX,GHE cause of death codes,ALL CAUSES,GHECAUSE_GHE000000,,,,,,,1467.0,,,453.8,,2717.0,1467 [454-2717],,,EN,2024-10-02T22:00:00.000Z
Mongolia,NCD_DTH_TOT,Total NCD Deaths,numeric,WPR,Western Pacific,Country,MNG,Year,2019,False,Sex,Both sexes,SEX_BTSX,Causes,Noncommunicable diseases,GHECAUSES_GHE060,,,,,,,15886,,,10332,,22670,15 900 [10 300-22 700],,,EN,2025-03-18T23:00:00.000Z,AIR_41,Ambient air pollution attributable deaths,numeric,WPR,Western Pacific,Country,MNG,Year,2019,True,Sex,Both sexes,SEX_BTSX,GHE cause of death codes,ALL CAUSES,GHECAUSE_GHE000000,,,,,,,2346.0,,,1795.0,,2911.0,2346 [1795-2911],,,EN,2024-10-02T22:00:00.000Z
Australia,NCD_DTH_TOT,Total NCD Deaths,numeric,WPR,Western Pacific,Country,AUS,Year,2019,False,Sex,Both sexes,SEX_BTSX,Causes,Noncommunicable diseases,GHECAUSES_GHE060,,,,,,,151510,,,112745,,199873,152 000 [113 000-200 000],,,EN,2025-03-18T23:00:00.000Z,AIR_41,Ambient air pollution attributable deaths,numeric,WPR,Western Pacific,Country,AUS,Year,2019,True,Sex,Both sexes,SEX_BTSX,GHE cause of death codes,ALL CAUSES,GHECAUSE_GHE000000,,,,,,,5314.0,,,3559.0,,7097.0,5314 [3559-7097],,,EN,2024-10-02T22:00:00.000Z
Brunei Darussalam,NCD_DTH_TOT,Total NCD Deaths,numeric,WPR,Western Pacific,Country,BRN,Year,2019,False,Sex,Both sexes,SEX_BTSX,Causes,Noncommunicable diseases,GHECAUSES_GHE060,,,,,,,1548,,,979,,2229,1550 [980-2230],,,EN,2025-03-18T23:00:00.000Z,AIR_41,Ambient air pollution attributable deaths,numeric,WPR,Western Pacific,Country,BRN,Year,2019,True,Sex,Both sexes,SEX_BTSX,GHE cause of death codes,ALL CAUSES,GHECAUSE_GHE000000,,,,,,,59.86,,,35.84,,87.75,60 [36-88],,,EN,2024-10-02T22:00:00.000Z
Vanuatu,NCD_DTH_TOT,Total NCD Deaths,numeric,WPR,Western Pacific,Country,VUT,Year,2019,False,Sex,Both sexes,SEX_BTSX,Causes,Noncommunicable diseases,GHECAUSES_GHE060,,,,,,,1580,,,957,,2515,1580 [960-2520],,,EN,2025-03-18T23:00:00.000Z,AIR_41,Ambient air pollution attributable deaths,numeric,WPR,Western Pacific,Country,VUT,Year,2019,True,Sex,Both sexes,SEX_BTSX,GHE cause of death codes,ALL CAUSES,GHECAUSE_GHE000000,,,,,,,90.1,,,0.0,,176.2,90 [0-176],,,EN,2024-10-02T22:00:00.000Z
Jamaica,NCD_DTH_TOT,Total NCD Deaths,numeric,AMR,Americas,Country,JAM,Year,2019,False,Sex,Both sexes,SEX_BTSX,Causes,Noncommunicable diseases,GHECAUSES_GHE060,,,,,,,16407,,,11196,,21881,16 400 [11 200-21 900],,,EN,2025-03-18T23:00:00.000Z,AIR_41,Ambient air pollution attributable deaths,numeric,AMR,Americas,Country,JAM,Year,2019,True,Sex,Both sexes,SEX_BTSX,GHE cause of death codes,ALL CAUSES,GHECAUSE_GHE000000,,,,,,,733.9,,,523.3,,969.3,734 [523-969],,,EN,2024-10-02T22:00:00.000Z
Nicaragua,NCD_DTH_TOT,Total NCD Deaths,numeric,AMR,Americas,Country,NIC,Year,2019,False,Sex,Both sexes,SEX_BTSX,Causes,Noncommunicable diseases,GHECAUSES_GHE060,,,,,,,16502,,,10541,,24234,16 500 [10 500-24 200],,,EN,2025-03-18T23:00:00.000Z,AIR_41,Ambient air pollution attributable deaths,numeric,AMR,Americas,Country,NIC,Year,2019,True,Sex,Both sexes,SEX_BTSX,GHE cause of death codes,ALL CAUSES,GHECAUSE_GHE000000,,,,,,,1770.0,,,1183.0,,2283.0,1770 [1183-2283],,,EN,2024-10-02T22:00:00.000Z
Singapore,NCD_DTH_TOT,Total NCD Deaths,numeric,WPR,Western Pacific,Country,SGP,Year,2019,False,Sex,Both sexes,SEX_BTSX,Causes,Noncommunicable diseases,GHECAUSES_GHE060,,,,,,,16617,,,14435,,24583,16 600 [14 400-24 600],,,EN,2025-03-18T23:00:00.000Z,AIR_41,Ambient air pollution attributable deaths,numeric,WPR,Western Pacific,Country,SGP,Year,2019,True,Sex,Both sexes,SEX_BTSX,GHE cause of death codes,ALL CAUSES,GHECAUSE_GHE000000,,,,,,,1984.0,,,1339.0,,2658.0,1984 [1339-2658],,,EN,2024-10-02T22:00:00.000Z
Algeria,NCD_DTH_TOT,Total NCD Deaths,numeric,AFR,Africa,Country,DZA,Year,2019,False,Sex,Both sexes,SEX_BTSX,Causes,Noncommunicable diseases,GHECAUSES_GHE060,,,,,,,161312,,,97359,,250203,161 000 [97 400-250 000],,,EN,2025-03-18T23:00:00.000Z,AIR_41,Ambient air pollution attributable deaths,numeric,AFR,Africa,Country,DZA,Year,2019,True,Sex,Both sexes,SEX_BTSX,GHE cause of death codes,ALL CAUSES,GHECAUSE_GHE000000,,,,,,,17408.0,,,11758.0,,22990.0,17 408 [11 758-22 990],,,EN,2024-10-02T22:00:00.000Z
Uzbekistan,NCD_DTH_TOT,Total NCD Deaths,numeric,EUR,Europe,Country,UZB,Year,2019,False,Sex,Both sexes,SEX_BTSX,Causes,Noncommunicable diseases,GHECAUSES_GHE060,,,,,,,170625,,,130711,,191635,171 000 [131 000-192 000],,,EN,2025-03-18T23:00:00.000Z,AIR_41,Ambient air pollution attributable deaths,numeric,EUR,Europe,Country,UZB,Year,2019,True,Sex,Both sexes,SEX_BTSX,GHE cause of death codes,ALL CAUSES,GHECAUSE_GHE000000,,,,,,,23681.0,,,17571.0,,29646.0,23 681 [17 571-29 646],,,EN,2024-10-02T22:00:00.000Z
Slovenia,NCD_DTH_TOT,Total NCD Deaths,numeric,EUR,Europe,Country,SVN,Year,2019,False,Sex,Both sexes,SEX_BTSX,Causes,Noncommunicable diseases,GHECAUSES_GHE060,,,,,,,18004,,,13954,,23648,18 000 [14 000-23 600],,,EN,2025-03-18T23:00:00.000Z,AIR_41,Ambient air pollution attributable deaths,numeric,EUR,Europe,Country,SVN,Year,2019,True,Sex,Both sexes,SEX_BTSX,GHE cause of death codes,ALL CAUSES,GHECAUSE_GHE000000,,,,,,,1102.0,,,797.8,,1389.0,1102 [798-1389],,,EN,2024-10-02T22:00:00.000Z
Morocco,NCD_DTH_TOT,Total NCD Deaths,numeric,EMR,Eastern Mediterranean,Country,MAR,Year,2019,False,Sex,Both sexes,SEX_BTSX,Causes,Noncommunicable diseases,GHECAUSES_GHE060,,,,,,,180357,,,109336,,282466,180 000 [109 000-282 000],,,EN,2025-03-18T23:00:00.000Z,AIR_41,Ambient air pollution attributable deaths,numeric,EMR,Eastern Mediterranean,Country,MAR,Year,2019,True,Sex,Both sexes,SEX_BTSX,GHE cause of death codes,ALL CAUSES,GHECAUSE_GHE000000,,,,,,,19344.0,,,13363.0,,25118.0,19 344 [13 363-25 118],,,EN,2024-10-02T22:00:00.000Z
Colombia,NCD_DTH_TOT,Total NCD Deaths,numeric,AMR,Americas,Country,COL,Year,2019,False,Sex,Both sexes,SEX_BTSX,Causes,Noncommunicable diseases,GHECAUSES_GHE060,,,,,,,184963,,,145163,,236852,185 000 [145 000-237 000],,,EN,2025-03-18T23:00:00.000Z,AIR_41,Ambient air pollution attributable deaths,numeric,AMR,Americas,Country,COL,Year,2019,True,Sex,Both sexes,SEX_BTSX,GHE cause of death codes,ALL CAUSES,GHECAUSE_GHE000000,,,,,,,13108.0,,,9222.0,,17156.0,13 108 [9222-17 156],,,EN,2024-10-02T22:00:00.000Z
Jordan,NCD_DTH_TOT,Total NCD Deaths,numeric,EMR,Eastern Mediterranean,Country,JOR,Year,2019,False,Sex,Both sexes,SEX_BTSX,Causes,Noncommunicable diseases,GHECAUSES_GHE060,,,,,,,19788,,,12316,,28309,19 800 [12 300-28 300],,,EN,2025-03-18T23:00:00.000Z,AIR_41,Ambient air pollution attributable deaths,numeric,EMR,Eastern Mediterranean,Country,JOR,Year,2019,True,Sex,Both sexes,SEX_BTSX,GHE cause of death codes,ALL CAUSES,GHECAUSE_GHE000000,,,,,,,1938.0,,,1484.0,,2355.0,1938 [1484-2355],,,EN,2024-10-02T22:00:00.000Z
United States of America,NCD_DTH_TOT,Total NCD Deaths,numeric,AMR,Americas,Country,USA,Year,2019,False,Sex,Both sexes,SEX_BTSX,Causes,Noncommunicable diseases,GHECAUSES_GHE060,,,,,,,2514181,,,2051912,,3050768,2 510 000 [2 050 000-3 050 000],,,EN,2025-03-18T23:00:00.000Z,AIR_41,Ambient air pollution attributable deaths,numeric,AMR,Americas,Country,USA,Year,2019,True,Sex,Both sexes,SEX_BTSX,GHE cause of death codes,ALL CAUSES,GHECAUSE_GHE000000,,,,,,,93886.0,,,58076.0,,131769.0,93 886 [58 076-131 769],,,EN,2024-10-02T22:00:00.000Z
Costa Rica,NCD_DTH_TOT,Total NCD Deaths,numeric,AMR,Americas,Country,CRI,Year,2019,False,Sex,Both sexes,SEX_BTSX,Causes,Noncommunicable diseases,GHECAUSES_GHE060,,,,,,,20629,,,14952,,25853,20 600 [15 000-25 900],,,EN,2025-03-18T23:00:00.000Z,AIR_41,Ambient air pollution attributable deaths,numeric,AMR,Americas,Country,CRI,Year,2019,True,Sex,Both sexes,SEX_BTSX,GHE cause of death codes,ALL CAUSES,GHECAUSE_GHE000000,,,,,,,941.5,,,671.1,,1228.0,942 [671-1228],,,EN,2024-10-02T22:00:00.000Z
Cabo Verde,NCD_DTH_TOT,Total NCD Deaths,numeric,AFR,Africa,Country,CPV,Year,2019,False,Sex,Both sexes,SEX_BTSX,Causes,Noncommunicable diseases,GHECAUSES_GHE060,,,,,,,2037,,,1442,,3800,2040 [1440-3800],,,EN,2025-03-18T23:00:00.000Z,AIR_41,Ambient air pollution attributable deaths,numeric,AFR,Africa,Country,CPV,Year,2019,True,Sex,Both sexes,SEX_BTSX,GHE cause of death codes,ALL CAUSES,GHECAUSE_GHE000000,,,,,,,226.1,,,151.1,,307.1,226 [151-307],,,EN,2024-10-02T22:00:00.000Z
Iceland,NCD_DTH_TOT,Total NCD Deaths,numeric,EUR,Europe,Country,ISL,Year,2019,False,Sex,Both sexes,SEX_BTSX,Causes,Noncommunicable diseases,GHECAUSES_GHE060,,,,,,,2053,,,1512,,2739,2050 [1510-2740],,,EN,2025-03-18T23:00:00.000Z,AIR_41,Ambient air pollution attributable deaths,numeric,EUR,Europe,Country,ISL,Year,2019,True,Sex,Both sexes,SEX_BTSX,GHE cause of death codes,ALL CAUSES,GHECAUSE_GHE000000,,,,,,,56.64,,,32.51,,84.74,57 [33-85],,,EN,2024-10-02T22:00:00.000Z
North Macedonia,NCD_DTH_TOT,Total NCD Deaths,numeric,EUR,Europe,Country,MKD,Year,2019,False,Sex,Both sexes,SEX_BTSX,Causes,Noncommunicable diseases,GHECAUSES_GHE060,,,,,,,21845,,,16156,,28963,21 800 [16 200-29 000],,,EN,2025-03-18T23:00:00.000Z,AIR_41,Ambient air pollution attributable deaths,numeric,EUR,Europe,Country,MKD,Year,2019,True,Sex,Both sexes,SEX_BTSX,GHE cause of death codes,ALL CAUSES,GHECAUSE_GHE000000,,,,,,,2085.0,,,1576.0,,2637.0,2085 [1576-2637],,,EN,2024-10-02T22:00:00.000Z
Democratic People's Republic of Korea,NCD_DTH_TOT,Total NCD Deaths,numeric,SEAR,South-East Asia,Country,PRK,Year,2019,False,Sex,Both sexes,SEX_BTSX,Causes,Noncommunicable diseases,GHECAUSES_GHE060,,,,,,,211200,,,125791,,334484,211 000 [126 000-334 000],,,EN,2025-03-18T23:00:00.000Z,AIR_41,Ambient air pollution attributable deaths,numeric,SEAR,South-East Asia,Country,PRK,Year,2019,True,Sex,Both sexes,SEX_BTSX,GHE cause of death codes,ALL CAUSES,GHECAUSE_GHE000000,,,,,,,26499.0,,,19547.0,,34340.0,26 499 [19 547-34 340],,,EN,2024-10-02T22:00:00.000Z
Lebanon,NCD_DTH_TOT,Total NCD Deaths,numeric,EMR,Eastern Mediterranean,Country,LBN,Year,2019,False,Sex,Both sexes,SEX_BTSX,Causes,Noncommunicable diseases,GHECAUSES_GHE060,,,,,,,22813,,,14828,,35854,22 800 [14 800-35 900],,,EN,2025-03-18T23:00:00.000Z,AIR_41,Ambient air pollution attributable deaths,numeric,EMR,Eastern Mediterranean,Country,LBN,Year,2019,True,Sex,Both sexes,SEX_BTSX,GHE cause of death codes,ALL CAUSES,GHECAUSE_GHE000000,,,,,,,3716.0,,,2633.0,,4752.0,3716 [2633-4752],,,EN,2024-10-02T22:00:00.000Z
Republic of Korea,NCD_DTH_TOT,Total NCD Deaths,numeric,WPR,Western Pacific,Country,KOR,Year,2019,False,Sex,Both sexes,SEX_BTSX,Causes,Noncommunicable diseases,GHECAUSES_GHE060,,,,,,,229274,,,143616,,345605,229 000 [144 000-346 000],,,EN,2025-03-18T23:00:00.000Z,AIR_41,Ambient air pollution attributable deaths,numeric,WPR,Western Pacific,Country,KOR,Year,2019,True,Sex,Both sexes,SEX_BTSX,GHE cause of death codes,ALL CAUSES,GHECAUSE_GHE000000,,,,,,,19285.0,,,15396.0,,23347.0,19 285 [15 396-23 347],,,EN,2024-10-02T22:00:00.000Z
Sierra Leone,NCD_DTH_TOT,Total NCD Deaths,numeric,AFR,Africa,Country,SLE,Year,2019,False,Sex,Both sexes,SEX_BTSX,Causes,Noncommunicable diseases,GHECAUSES_GHE060,,,,,,,23539,,,13008,,42202,23 500 [13 000-42 200],,,EN,2025-03-18T23:00:00.000Z,AIR_41,Ambient air pollution attributable deaths,numeric,AFR,Africa,Country,SLE,Year,2019,True,Sex,Both sexes,SEX_BTSX,GHE cause of death codes,ALL CAUSES,GHECAUSE_GHE000000,,,,,,,3890.0,,,2459.0,,5367.0,3890 [2459-5367],,,EN,2024-10-02T22:00:00.000Z
Paraguay,NCD_DTH_TOT,Total NCD Deaths,numeric,AMR,Americas,Country,PRY,Year,2019,False,Sex,Both sexes,SEX_BTSX,Causes,Noncommunicable diseases,GHECAUSES_GHE060,,,,,,,23755,,,15439,,36348,23 800 [15 400-36 300],,,EN,2025-03-18T23:00:00.000Z,AIR_41,Ambient air pollution attributable deaths,numeric,AMR,Americas,Country,PRY,Year,2019,True,Sex,Both sexes,SEX_BTSX,GHE cause of death codes,ALL CAUSES,GHECAUSE_GHE000000,,,,,,,1404.0,,,930.2,,1950.0,1404 [930-1950],,,EN,2024-10-02T22:00:00.000Z
Romania,NCD_DTH_TOT,Total NCD Deaths,numeric,EUR,Europe,Country,ROU,Year,2019,False,Sex,Both sexes,SEX_BTSX,Causes,Noncommunicable diseases,GHECAUSES_GHE060,,,,,,,230704,,,189727,,280170,231 000 [190 000-280 000],,,EN,2025-03-18T23:00:00.000Z,AIR_41,Ambient air pollution attributable deaths,numeric,EUR,Europe,Country,ROU,Year,2019,True,Sex,Both sexes,SEX_BTSX,GHE cause of death codes,ALL CAUSES,GHECAUSE_GHE000000,,,,,,,20885.0,,,14825.0,,26733.0,20 885 [14 825-26 733],,,EN,2024-10-02T22:00:00.000Z
Barbados,NCD_DTH_TOT,Total NCD Deaths,numeric,AMR,Americas,Country,BRB,Year,2019,False,Sex,Both sexes,SEX_BTSX,Causes,Noncommunicable diseases,GHECAUSES_GHE060,,,,,,,2333,,,1757,,3099,2330 [1760-3100],,,EN,2025-03-18T23:00:00.000Z,AIR_41,Ambient air pollution attributable deaths,numeric,AMR,Americas,Country,BRB,Year,2019,True,Sex,Both sexes,SEX_BTSX,GHE cause of death codes,ALL CAUSES,GHECAUSE_GHE000000,,,,,,,119.2,,,73.25,,173.1,119 [73-173],,,EN,2024-10-02T22:00:00.000Z
Maldives,NCD_DTH_TOT,Total NCD Deaths,numeric,SEAR,South-East Asia,Country,MDV,Year,2019,False,Sex,Both sexes,SEX_BTSX,Causes,Noncommunicable diseases,GHECAUSES_GHE060,,,,,,,2366,,,1845,,4296,2370 [1840-4300],,,EN,2025-03-18T23:00:00.000Z,AIR_41,Ambient air pollution attributable deaths,numeric,SEAR,South-East Asia,Country,MDV,Year,2019,True,Sex,Both sexes,SEX_BTSX,GHE cause of death codes,ALL CAUSES,GHECAUSE_GHE000000,,,,,,,80.42,,,54.02,,107.4,80 [54-107],,,EN,2024-10-02T22:00:00.000Z
Armenia,NCD_DTH_TOT,Total NCD Deaths,numeric,EUR,Europe,Country,ARM,Year,2019,False,Sex,Both sexes,SEX_BTSX,Causes,Noncommunicable diseases,GHECAUSES_GHE060,,,,,,,24411,,,20232,,28482,24 400 [20 200-28 500],,,EN,2025-03-18T23:00:00.000Z,AIR_41,Ambient air pollution attributable deaths,numeric,EUR,Europe,Country,ARM,Year,2019,True,Sex,Both sexes,SEX_BTSX,GHE cause of death codes,ALL CAUSES,GHECAUSE_GHE000000,,,,,,,3165.0,,,2334.0,,3954.0,3165 [2334-3954],,,EN,2024-10-02T22:00:00.000Z
El Salvador,NCD_DTH_TOT,Total NCD Deaths,numeric,AMR,Americas,Country,SLV,Year,2019,False,Sex,Both sexes,SEX_BTSX,Causes,Noncommunicable diseases,GHECAUSES_GHE060,,,,,,,24875,,,17905,,39858,24 900 [17 900-39 900],,,EN,2025-03-18T23:00:00.000Z,AIR_41,Ambient air pollution attributable deaths,numeric,AMR,Americas,Country,SLV,Year,2019,True,Sex,Both sexes,SEX_BTSX,GHE cause of death codes,ALL CAUSES,GHECAUSE_GHE000000,,,,,,,2206.0,,,1513.0,,2858.0,2206 [1513-2858],,,EN,2024-10-02T22:00:00.000Z
Ethiopia,NCD_DTH_TOT,Total NCD Deaths,numeric,AFR,Africa,Country,ETH,Year,2019,False,Sex,Both sexes,SEX_BTSX,Causes,Noncommunicable diseases,GHECAUSES_GHE060,,,,,,,246626,,,148336,,392147,247 000 [148 000-392 000],,,EN,2025-03-18T23:00:00.000Z,AIR_41,Ambient air pollution attributable deaths,numeric,AFR,Africa,Country,ETH,Year,2019,True,Sex,Both sexes,SEX_BTSX,GHE cause of death codes,ALL CAUSES,GHECAUSE_GHE000000,,,,,,,26714.0,,,17357.0,,35835.0,26 714 [17 357-35 835],,,EN,2024-10-02T22:00:00.000Z
Tajikistan,NCD_DTH_TOT,Total NCD Deaths,numeric,EUR,Europe,Country,TJK,Year,2019,False,Sex,Both sexes,SEX_BTSX,Causes,Noncommunicable diseases,GHECAUSES_GHE060,,,,,,,25092,,,16102,,36768,25 100 [16 100-36 800],,,EN,2025-03-18T23:00:00.000Z,AIR_41,Ambient air pollution attributable deaths,numeric,EUR,Europe,Country,TJK,Year,2019,True,Sex,Both sexes,SEX_BTSX,GHE cause of death codes,ALL CAUSES,GHECAUSE_GHE000000,,,,,,,6591.0,,,5047.0,,8220.0,6591 [5047-8220],,,EN,2024-10-02T22:00:00.000Z
Latvia,NCD_DTH_TOT,Total NCD Deaths,numeric,EUR,Europe,Country,LVA,Year,2019,False,Sex,Both sexes,SEX_BTSX,Causes,Noncommunicable diseases,GHECAUSES_GHE060,,,,,,,25350,,,21384,,32334,25 300 [21 400-32 300],,,EN,2025-03-18T23:00:00.000Z,AIR_41,Ambient air pollution attributable deaths,numeric,EUR,Europe,Country,LVA,Year,2019,True,Sex,Both sexes,SEX_BTSX,GHE cause of death codes,ALL CAUSES,GHECAUSE_GHE000000,,,,,,,2109.0,,,1434.0,,2754.0,2109 [1434-2754],,,EN,2024-10-02T22:00:00.000Z
Libya,NCD_DTH_TOT,Total NCD Deaths,numeric,EMR,Eastern Mediterranean,Country,LBY,Year,2019,False,Sex,Both sexes,SEX_BTSX,Causes,Noncommunicable diseases,GHECAUSES_GHE060,,,,,,,25613,,,13948,,40632,25 600 [13 900-40 600],,,EN,2025-03-18T23:00:00.000Z,AIR_41,Ambient air pollution attributable deaths,numeric,EMR,Eastern Mediterranean,Country,LBY,Year,2019,True,Sex,Both sexes,SEX_BTSX,GHE cause of death codes,ALL CAUSES,GHECAUSE_GHE000000,,,,,,,2269.0,,,1495.0,,2982.0,2269 [1495-2982],,,EN,2024-10-02T22:00:00.000Z
Canada,NCD_DTH_TOT,Total NCD Deaths,numeric,AMR,Americas,Country,CAN,Year,2019,False,Sex,Both sexes,SEX_BTSX,Causes,Noncommunicable diseases,GHECAUSES_GHE060,,,,,,,256300,,,192469,,330433,256 000 [192 000-330 000],,,EN,2025-03-18T23:00:00.000Z,AIR_41,Ambient air pollution attributable deaths,numeric,AMR,Americas,Country,CAN,Year,2019,True,Sex,Both sexes,SEX_BTSX,GHE cause of death codes,ALL CAUSES,GHECAUSE_GHE000000,,,,,,,6904.0,,,4215.0,,9427.0,6904 [4215-9427],,,EN,2024-10-02T22:00:00.000Z
South Sudan,NCD_DTH_TOT,Total NCD Deaths,numeric,AFR,Africa,Country,SSD,Year,2019,False,Sex,Both sexes,SEX_BTSX,Causes,Noncommunicable diseases,GHECAUSES_GHE060,,,,,,,26121,,,12806,,47925,26 100 [12 800-47 900],,,EN,2025-03-18T23:00:00.000Z,AIR_41,Ambient air pollution attributable deaths,numeric,AFR,Africa,Country,SSD,Year,2019,True,Sex,Both sexes,SEX_BTSX,GHE cause of death codes,ALL CAUSES,GHECAUSE_GHE000000,,,,,,,3024.0,,,1603.0,,4671.0,3024 [1603-4671],,,EN,2024-10-02T22:00:00.000Z
Togo,NCD_DTH_TOT,Total NCD Deaths,numeric,AFR,Africa,Country,TGO,Year,2019,False,Sex,Both sexes,SEX_BTSX,Causes,Noncommunicable diseases,GHECAUSES_GHE060,,,,,,,26944,,,13827,,46132,26 900 [13 800-46 100],,,EN,2025-03-18T23:00:00.000Z,AIR_41,Ambient air pollution attributable deaths,numeric,AFR,Africa,Country,TGO,Year,2019,True,Sex,Both sexes,SEX_BTSX,GHE cause of death codes,ALL CAUSES,GHECAUSE_GHE000000,,,,,,,3336.0,,,2357.0,,4328.0,3336 [2357-4328],,,EN,2024-10-02T22:00:00.000Z
Argentina,NCD_DTH_TOT,Total NCD Deaths,numeric,AMR,Americas,Country,ARG,Year,2019,False,Sex,Both sexes,SEX_BTSX,Causes,Noncommunicable diseases,GHECAUSES_GHE060,,,,,,,260044,,,205207,,336003,260 000 [205 000-336 000],,,EN,2025-03-18T23:00:00.000Z,AIR_41,Ambient air pollution attributable deaths,numeric,AMR,Americas,Country,ARG,Year,2019,True,Sex,Both sexes,SEX_BTSX,GHE cause of death codes,ALL CAUSES,GHECAUSE_GHE000000,,,,,,,18144.0,,,11901.0,,24748.0,18 144 [11 901-24 748],,,EN,2024-10-02T22:00:00.000Z
Comoros,NCD_DTH_TOT,Total NCD Deaths,numeric,AFR,Africa,Country,COM,Year,2019,False,Sex,Both sexes,SEX_BTSX,Causes,Noncommunicable diseases,GHECAUSES_GHE060,,,,,,,2675,,,1345,,4618,2680 [1350-4620],,,EN,2025-03-18T23:00:00.000Z,AIR_41,Ambient air pollution attributable deaths,numeric,AFR,Africa,Country,COM,Year,2019,True,Sex,Both sexes,SEX_BTSX,GHE cause of death codes,ALL CAUSES,GHECAUSE_GHE000000,,,,,,,196.2,,,100.2,,303.7,196 [100-304],,,EN,2024-10-02T22:00:00.000Z
Democratic Republic of the Congo,NCD_DTH_TOT,Total NCD Deaths,numeric,AFR,Africa,Country,COD,Year,2019,False,Sex,Both sexes,SEX_BTSX,Causes,Noncommunicable diseases,GHECAUSES_GHE060,,,,,,,275681,,,126303,,495025,276 000 [126 000-495 000],,,EN,2025-03-18T23:00:00.000Z,AIR_41,Ambient air pollution attributable deaths,numeric,AFR,Africa,Country,COD,Year,2019,True,Sex,Both sexes,SEX_BTSX,GHE cause of death codes,ALL CAUSES,GHECAUSE_GHE000000,,,,,,,31219.0,,,9654.0,,56645.0,31 219 [9654-56 645],,,EN,2024-10-02T22:00:00.000Z
Turkmenistan,NCD_DTH_TOT,Total NCD Deaths,numeric,EUR,Europe,Country,TKM,Year,2019,False,Sex,Both sexes,SEX_BTSX,Causes,Noncommunicable diseases,GHECAUSES_GHE060,,,,,,,28068,,,20555,,37297,28 100 [20 600-37 300],,,EN,2025-03-18T23:00:00.000Z,AIR_41,Ambient air pollution attributable deaths,numeric,EUR,Europe,Country,TKM,Year,2019,True,Sex,Both sexes,SEX_BTSX,GHE cause of death codes,ALL CAUSES,GHECAUSE_GHE000000,,,,,,,3285.0,,,2344.0,,4247.0,3285 [2344-4247],,,EN,2024-10-02T22:00:00.000Z
Kyrgyzstan,NCD_DTH_TOT,Total NCD Deaths,numeric,EUR,Europe,Country,KGZ,Year,2019,False,Sex,Both sexes,SEX_BTSX,Causes,Noncommunicable diseases,GHECAUSES_GHE060,,,,,,,28483,,,19099,,29222,28 500 [19 100-29 200],,,EN,2025-03-18T23:00:00.000Z,AIR_41,Ambient air pollution attributable deaths,numeric,EUR,Europe,Country,KGZ,Year,2019,True,Sex,Both sexes,SEX_BTSX,GHE cause of death codes,ALL CAUSES,GHECAUSE_GHE000000,,,,,,,3455.0,,,2620.0,,4393.0,3455 [2620-4393],,,EN,2024-10-02T22:00:00.000Z
Bhutan,NCD_DTH_TOT,Total NCD Deaths,numeric,SEAR,South-East Asia,Country,BTN,Year,2019,False,Sex,Both sexes,SEX_BTSX,Causes,Noncommunicable diseases,GHECAUSES_GHE060,,,,,,,2807,,,1528,,4925,2810 [1530-4930],,,EN,2025-03-18T23:00:00.000Z,AIR_41,Ambient air pollution attributable deaths,numeric,SEAR,South-East Asia,Country,BTN,Year,2019,True,Sex,Both sexes,SEX_BTSX,GHE cause of death codes,ALL CAUSES,GHECAUSE_GHE000000,,,,,,,342.0,,,251.4,,444.6,342 [251-445],,,EN,2024-10-02T22:00:00.000Z
Myanmar,NCD_DTH_TOT,Total NCD Deaths,numeric,SEAR,South-East Asia,Country,MMR,Year,2019,False,Sex,Both sexes,SEX_BTSX,Causes,Noncommunicable diseases,GHECAUSES_GHE060,,,,,,,283620,,,172380,,440259,284 000 [172 000-440 000],,,EN,2025-03-18T23:00:00.000Z,AIR_41,Ambient air pollution attributable deaths,numeric,SEAR,South-East Asia,Country,MMR,Year,2019,True,Sex,Both sexes,SEX_BTSX,GHE cause of death codes,ALL CAUSES,GHECAUSE_GHE000000,,,,,,,27930.0,,,20872.0,,35825.0,27 930 [20 872-35 825],,,EN,2024-10-02T22:00:00.000Z
Bahamas,NCD_DTH_TOT,Total NCD Deaths,numeric,AMR,Americas,Country,BHS,Year,2019,False,Sex,Both sexes,SEX_BTSX,Causes,Noncommunicable diseases,GHECAUSES_GHE060,,,,,,,2838,,,1735,,3062,2840 [1740-3060],,,EN,2025-03-18T23:00:00.000Z,AIR_41,Ambient air pollution attributable deaths,numeric,AMR,Americas,Country,BHS,Year,2019,True,Sex,Both sexes,SEX_BTSX,GHE cause of death codes,ALL CAUSES,GHECAUSE_GHE000000,,,,,,,39.12,,,0.0,,78.15,39 [0-78],,,EN,2024-10-02T22:00:00.000Z
South Africa,NCD_DTH_TOT,Total NCD Deaths,numeric,AFR,Africa,Country,ZAF,Year,2019,False,Sex,Both sexes,SEX_BTSX,Causes,Noncommunicable diseases,GHECAUSES_GHE060,,,,,,,286982,,,203907,,343592,287 000 [204 000-344 000],,,EN,2025-03-18T23:00:00.000Z,AIR_41,Ambient air pollution attributable deaths,numeric,AFR,Africa,Country,ZAF,Year,2019,True,Sex,Both sexes,SEX_BTSX,GHE cause of death codes,ALL CAUSES,GHECAUSE_GHE000000,,,,,,,20025.0,,,15311.0,,25128.0,20 025 [15 311-25 128],,,EN,2024-10-02T22:00:00.000Z
Suriname,NCD_DTH_TOT,Total NCD Deaths,numeric,AMR,Americas,Country,SUR,Year,2019,False,Sex,Both sexes,SEX_BTSX,Causes,Noncommunicable diseases,GHECAUSES_GHE060,,,,,,,2866,,,1902,,4360,2870 [1900-4360],,,EN,2025-03-18T23:00:00.000Z,AIR_41,Ambient air pollution attributable deaths,numeric,AMR,Americas,Country,SUR,Year,2019,True,Sex,Both sexes,SEX_BTSX,GHE cause of death codes,ALL CAUSES,GHECAUSE_GHE000000,,,,,,,205.4,,,109.2,,298.7,205 [109-299],,,EN,2024-10-02T22:00:00.000Z
Burundi,NCD_DTH_TOT,Total NCD Deaths,numeric,AFR,Africa,Country,BDI,Year,2019,False,Sex,Both sexes,SEX_BTSX,Causes,Noncommunicable diseases,GHECAUSES_GHE060,,,,,,,29028,,,14442,,51092,29 000 [14 400-51 100],,,EN,2025-03-18T23:00:00.000Z,AIR_41,Ambient air pollution attributable deaths,numeric,AFR,Africa,Country,BDI,Year,2019,True,Sex,Both sexes,SEX_BTSX,GHE cause of death codes,ALL CAUSES,GHECAUSE_GHE000000,,,,,,,3453.0,,,1715.0,,5577.0,3453 [1715-5577],,,EN,2024-10-02T22:00:00.000Z
Uruguay,NCD_DTH_TOT,Total NCD Deaths,numeric,AMR,Americas,Country,URY,Year,2019,False,Sex,Both sexes,SEX_BTSX,Causes,Noncommunicable diseases,GHECAUSES_GHE060,,,,,,,29029,,,23145,,37996,29 000 [23 100-38 000],,,EN,2025-03-18T23:00:00.000Z,AIR_41,Ambient air pollution attributable deaths,numeric,AMR,Americas,Country,URY,Year,2019,True,Sex,Both sexes,SEX_BTSX,GHE cause of death codes,ALL CAUSES,GHECAUSE_GHE000000,,,,,,,1115.0,,,707.9,,1544.0,1115 [708-1544],,,EN,2024-10-02T22:00:00.000Z
Ireland,NCD_DTH_TOT,Total NCD Deaths,numeric,EUR,Europe,Country,IRL,Year,2019,False,Sex,Both sexes,SEX_BTSX,Causes,Noncommunicable diseases,GHECAUSES_GHE060,,,,,,,29247,,,21391,,38118,29 200 [21 400-38 100],,,EN,2025-03-18T23:00:00.000Z,AIR_41,Ambient air pollution attributable deaths,numeric,EUR,Europe,Country,IRL,Year,2019,True,Sex,Both sexes,SEX_BTSX,GHE cause of death codes,ALL CAUSES,GHECAUSE_GHE000000,,,,,,,1116.0,,,737.1,,1516.0,1116 [737-1516],,,EN,2024-10-02T22:00:00.000Z
Lao People's Democratic Republic,NCD_DTH_TOT,Total NCD Deaths,numeric,WPR,Western Pacific,Country,LAO,Year,2019,False,Sex,Both sexes,SEX_BTSX,Causes,Noncommunicable diseases,GHECAUSES_GHE060,,,,,,,29536,,,17330,,47760,29 500 [17 300-47 800],,,EN,2025-03-18T23:00:00.000Z,AIR_41,Ambient air pollution attributable deaths,numeric,WPR,Western Pacific,Country,LAO,Year,2019,True,Sex,Both sexes,SEX_BTSX,GHE cause of death codes,ALL CAUSES,GHECAUSE_GHE000000,,,,,,,2717.0,,,2046.0,,3448.0,2717 [2046-3448],,,EN,2024-10-02T22:00:00.000Z
New Zealand,NCD_DTH_TOT,Total NCD Deaths,numeric,WPR,Western Pacific,Country,NZL,Year,2019,False,Sex,Both sexes,SEX_BTSX,Causes,Noncommunicable diseases,GHECAUSES_GHE060,,,,,,,30240,,,22929,,38756,30 200 [22 900-38 800],,,EN,2025-03-18T23:00:00.000Z,AIR_41,Ambient air pollution attributable deaths,numeric,WPR,Western Pacific,Country,NZL,Year,2019,True,Sex,Both sexes,SEX_BTSX,GHE cause of death codes,ALL CAUSES,GHECAUSE_GHE000000,,,,,,,1205.0,,,792.6,,1606.0,1205 [793-1606],,,EN,2024-10-02T22:00:00.000Z
Honduras,NCD_DTH_TOT,Total NCD Deaths,numeric,AMR,Americas,Country,HND,Year,2019,False,Sex,Both sexes,SEX_BTSX,Causes,Noncommunicable diseases,GHECAUSES_GHE060,,,,,,,30810,,,17451,,53252,30 800 [17 500-53 300],,,EN,2025-03-18T23:00:00.000Z,AIR_41,Ambient air pollution attributable deaths,numeric,AMR,Americas,Country,HND,Year,2019,True,Sex,Both sexes,SEX_BTSX,GHE cause of death codes,ALL CAUSES,GHECAUSE_GHE000000,,,,,,,3032.0,,,2169.0,,3942.0,3032 [2169-3942],,,EN,2024-10-02T22:00:00.000Z
Republic of Moldova,NCD_DTH_TOT,Total NCD Deaths,numeric,EUR,Europe,Country,MDA,Year,2019,False,Sex,Both sexes,SEX_BTSX,Causes,Noncommunicable diseases,GHECAUSES_GHE060,,,,,,,30921,,,23564,,35660,30 900 [23 600-35 700],,,EN,2025-03-18T23:00:00.000Z,AIR_41,Ambient air pollution attributable deaths,numeric,EUR,Europe,Country,MDA,Year,2019,True,Sex,Both sexes,SEX_BTSX,GHE cause of death codes,ALL CAUSES,GHECAUSE_GHE000000,,,,,,,3361.0,,,2202.0,,4442.0,3361 [2202-4442],,,EN,2024-10-02T22:00:00.000Z
Qatar,NCD_DTH_TOT,Total NCD Deaths,numeric,EMR,Eastern Mediterranean,Country,QAT,Year,2019,False,Sex,Both sexes,SEX_BTSX,Causes,Noncommunicable diseases,GHECAUSES_GHE060,,,,,,,3012,,,1783,,4840,3010 [1780-4840],,,EN,2025-03-18T23:00:00.000Z,AIR_41,Ambient air pollution attributable deaths,numeric,EMR,Eastern Mediterranean,Country,QAT,Year,2019,True,Sex,Both sexes,SEX_BTSX,GHE cause of death codes,ALL CAUSES,GHECAUSE_GHE000000,,,,,,,428.9,,,332.2,,516.6,429 [332-517],,,EN,2024-10-02T22:00:00.000Z
Albania,NCD_DTH_TOT,Total NCD Deaths,numeric,EUR,Europe,Country,ALB,Year,2019,False,Sex,Both sexes,SEX_BTSX,Causes,Noncommunicable diseases,GHECAUSES_GHE060,,,,,,,31562,,,23041,,47935,31 600 [23 000-47 900],,,EN,2025-03-18T23:00:00.000Z,AIR_41,Ambient air pollution attributable deaths,numeric,EUR,Europe,Country,ALB,Year,2019,True,Sex,Both sexes,SEX_BTSX,GHE cause of death codes,ALL CAUSES,GHECAUSE_GHE000000,,,,,,,3037.0,,,2183.0,,3909.0,3037 [2183-3909],,,EN,2024-10-02T22:00:00.000Z
Iran (Islamic Republic of),NCD_DTH_TOT,Total NCD Deaths,numeric,EMR,Eastern Mediterranean,Country,IRN,Year,2019,False,Sex,Both sexes,SEX_BTSX,Causes,Noncommunicable diseases,GHECAUSES_GHE060,,,,,,,313065,,,236964,,384066,313 000 [237 000-384 000],,,EN,2025-03-18T23:00:00.000Z,AIR_41,Ambient air pollution attributable deaths,numeric,EMR,Eastern Mediterranean,Country,IRN,Year,2019,True,Sex,Both sexes,SEX_BTSX,GHE cause of death codes,ALL CAUSES,GHECAUSE_GHE000000,,,,,,,33910.0,,,25816.0,,41439.0,33 910 [25 816-41 439],,,EN,2024-10-02T22:00:00.000Z
Papua New Guinea,NCD_DTH_TOT,Total NCD Deaths,numeric,WPR,Western Pacific,Country,PNG,Year,2019,False,Sex,Both sexes,SEX_BTSX,Causes,Noncommunicable diseases,GHECAUSES_GHE060,,,,,,,32813,,,18241,,52944,32 800 [18 200-52 900],,,EN,2025-03-18T23:00:00.000Z,AIR_41,Ambient air pollution attributable deaths,numeric,WPR,Western Pacific,Country,PNG,Year,2019,True,Sex,Both sexes,SEX_BTSX,GHE cause of death codes,ALL CAUSES,GHECAUSE_GHE000000,,,,,,,1691.0,,,103.2,,3383.0,1691 [103-3383],,,EN,2024-10-02T22:00:00.000Z
Malta,NCD_DTH_TOT,Total NCD Deaths,numeric,EUR,Europe,Country,MLT,Year,2019,False,Sex,Both sexes,SEX_BTSX,Causes,Noncommunicable diseases,GHECAUSES_GHE060,,,,,,,3368,,,2568,,4655,3370 [2570-4660],,,EN,2025-03-18T23:00:00.000Z,AIR_41,Ambient air pollution attributable deaths,numeric,EUR,Europe,Country,MLT,Year,2019,True,Sex,Both sexes,SEX_BTSX,GHE cause of death codes,ALL CAUSES,GHECAUSE_GHE000000,,,,,,,241.0,,,170.5,,308.5,241 [171-309],,,EN,2024-10-02T22:00:00.000Z
Lithuania,NCD_DTH_TOT,Total NCD Deaths,numeric,EUR,Europe,Country,LTU,Year,2019,False,Sex,Both sexes,SEX_BTSX,Causes,Noncommunicable diseases,GHECAUSES_GHE060,,,,,,,34842,,,29759,,44549,34 800 [29 800-44 500],,,EN,2025-03-18T23:00:00.000Z,AIR_41,Ambient air pollution attributable deaths,numeric,EUR,Europe,Country,LTU,Year,2019,True,Sex,Both sexes,SEX_BTSX,GHE cause of death codes,ALL CAUSES,GHECAUSE_GHE000000,,,,,,,3177.0,,,2040.0,,4191.0,3177 [2040-4191],,,EN,2024-10-02T22:00:00.000Z
Benin,NCD_DTH_TOT,Total NCD Deaths,numeric,AFR,Africa,Country,BEN,Year,2019,False,Sex,Both sexes,SEX_BTSX,Causes,Noncommunicable diseases,GHECAUSES_GHE060,,,,,,,35218,,,18762,,58778,35 200 [18 800-58 800],,,EN,2025-03-18T23:00:00.000Z,AIR_41,Ambient air pollution attributable deaths,numeric,AFR,Africa,Country,BEN,Year,2019,True,Sex,Both sexes,SEX_BTSX,GHE cause of death codes,ALL CAUSES,GHECAUSE_GHE000000,,,,,,,5006.0,,,3593.0,,6553.0,5006 [3593-6553],,,EN,2024-10-02T22:00:00.000Z
Norway,NCD_DTH_TOT,Total NCD Deaths,numeric,EUR,Europe,Country,NOR,Year,2019,False,Sex,Both sexes,SEX_BTSX,Causes,Noncommunicable diseases,GHECAUSES_GHE060,,,,,,,35175,,,27715,,44006,35 200 [27 700-44 000],,,EN,2025-03-18T23:00:00.000Z,AIR_41,Ambient air pollution attributable deaths,numeric,EUR,Europe,Country,NOR,Year,2019,True,Sex,Both sexes,SEX_BTSX,GHE cause of death codes,ALL CAUSES,GHECAUSE_GHE000000,,,,,,,972.9,,,607.3,,1415.0,973 [607-1415],,,EN,2024-10-02T22:00:00.000Z
Poland,NCD_DTH_TOT,Total NCD Deaths,numeric,EUR,Europe,Country,POL,Year,2019,False,Sex,Both sexes,SEX_BTSX,Causes,Noncommunicable diseases,GHECAUSES_GHE060,,,,,,,359704,,,320423,,423918,360 000 [320 000-424 000],,,EN,2025-03-18T23:00:00.000Z,AIR_41,Ambient air pollution attributable deaths,numeric,EUR,Europe,Country,POL,Year,2019,True,Sex,Both sexes,SEX_BTSX,GHE cause of death codes,ALL CAUSES,GHECAUSE_GHE000000,,,,,,,35974.0,,,26549.0,,44522.0,35 974 [26 549-44 522],,,EN,2024-10-02T22:00:00.000Z
Luxembourg,NCD_DTH_TOT,Total NCD Deaths,numeric,EUR,Europe,Country,LUX,Year,2019,False,Sex,Both sexes,SEX_BTSX,Causes,Noncommunicable diseases,GHECAUSES_GHE060,,,,,,,3667,,,2814,,4701,3670 [2810-4700],,,EN,2025-03-18T23:00:00.000Z,AIR_41,Ambient air pollution attributable deaths,numeric,EUR,Europe,Country,LUX,Year,2019,True,Sex,Both sexes,SEX_BTSX,GHE cause of death codes,ALL CAUSES,GHECAUSE_GHE000000,,,,,,,157.4,,,102.3,,210.8,157 [102-211],,,EN,2024-10-02T22:00:00.000Z
Solomon Islands,NCD_DTH_TOT,Total NCD Deaths,numeric,WPR,Western Pacific,Country,SLB,Year,2019,False,Sex,Both sexes,SEX_BTSX,Causes,Noncommunicable diseases,GHECAUSES_GHE060,,,,,,,3676,,,1951,,4961,3680 [1950-4960],,,EN,2025-03-18T23:00:00.000Z,AIR_41,Ambient air pollution attributable deaths,numeric,WPR,Western Pacific,Country,SLB,Year,2019,True,Sex,Both sexes,SEX_BTSX,GHE cause of death codes,ALL CAUSES,GHECAUSE_GHE000000,,,,,,,193.5,,,0.0,,362.7,193 [0-363],,,EN,2024-10-02T22:00:00.000Z
Rwanda,NCD_DTH_TOT,Total NCD Deaths,numeric,AFR,Africa,Country,RWA,Year,2019,False,Sex,Both sexes,SEX_BTSX,Causes,Noncommunicable diseases,GHECAUSES_GHE060,,,,,,,37530,,,17476,,67209,37 500 [17 500-67 200],,,EN,2025-03-18T23:00:00.000Z,AIR_41,Ambient air pollution attributable deaths,numeric,AFR,Africa,Country,RWA,Year,2019,True,Sex,Both sexes,SEX_BTSX,GHE cause of death codes,ALL CAUSES,GHECAUSE_GHE000000,,,,,,,3397.0,,,1771.0,,5001.0,3397 [1771-5001],,,EN,2024-10-02T22:00:00.000Z
Chad,NCD_DTH_TOT,Total NCD Deaths,numeric,AFR,Africa,Country,TCD,Year,2019,False,Sex,Both sexes,SEX_BTSX,Causes,Noncommunicable diseases,GHECAUSES_GHE060,,,,,,,37612,,,17908,,65232,37 600 [17 900-65 200],,,EN,2025-03-18T23:00:00.000Z,AIR_41,Ambient air pollution attributable deaths,numeric,AFR,Africa,Country,TCD,Year,2019,True,Sex,Both sexes,SEX_BTSX,GHE cause of death codes,ALL CAUSES,GHECAUSE_GHE000000,,,,,,,9419.0,,,6240.0,,13002.0,9419 [6240-13 002],,,EN,2024-10-02T22:00:00.000Z
Zambia,NCD_DTH_TOT,Total NCD Deaths,numeric,AFR,Africa,Country,ZMB,Year,2019,False,Sex,Both sexes,SEX_BTSX,Causes,Noncommunicable diseases,GHECAUSES_GHE060,,,,,,,37840,,,18341,,68239,37 800 [18 300-68 200],,,EN,2025-03-18T23:00:00.000Z,AIR_41,Ambient air pollution attributable deaths,numeric,AFR,Africa,Country,ZMB,Year,2019,True,Sex,Both sexes,SEX_BTSX,GHE cause of death codes,ALL CAUSES,GHECAUSE_GHE000000,,,,,,,3434.0,,,1694.0,,5491.0,3434 [1694-5491],,,EN,2024-10-02T22:00:00.000Z
Israel,NCD_DTH_TOT,Total NCD Deaths,numeric,EUR,Europe,Country,ISR,Year,2019,False,Sex,Both sexes,SEX_BTSX,Causes,Noncommunicable diseases,GHECAUSES_GHE060,,,,,,,38280,,,27571,,51129,38 300 [27 600-51 100],,,EN,2025-03-18T23:00:00.000Z,AIR_41,Ambient air pollution attributable deaths,numeric,EUR,Europe,Country,ISR,Year,2019,True,Sex,Both sexes,SEX_BTSX,GHE cause of death codes,ALL CAUSES,GHECAUSE_GHE000000,,,,,,,2054.0,,,1599.0,,2545.0,2054 [1599-2545],,,EN,2024-10-02T22:00:00.000Z
Spain,NCD_DTH_TOT,Total NCD Deaths,numeric,EUR,Europe,Country,ESP,Year,2019,False,Sex,Both sexes,SEX_BTSX,Causes,Noncommunicable diseases,GHECAUSES_GHE060,,,,,,,382016,,,277986,,511101,382 000 [278 000-511 000],,,EN,2025-03-18T23:00:00.000Z,AIR_41,Ambient air pollution attributable deaths,numeric,EUR,Europe,Country,ESP,Year,2019,True,Sex,Both sexes,SEX_BTSX,GHE cause of death codes,ALL CAUSES,GHECAUSE_GHE000000,,,,,,,13911.0,,,9622.0,,18429.0,13 911 [9622-18 429],,,EN,2024-10-02T22:00:00.000Z
Thailand,NCD_DTH_TOT,Total NCD Deaths,numeric,SEAR,South-East Asia,Country,THA,Year,2019,False,Sex,Both sexes,SEX_BTSX,Causes,Noncommunicable diseases,GHECAUSES_GHE060,,,,,,,398900,,,260858,,652199,399 000 [261 000-652 000],,,EN,2025-03-18T23:00:00.000Z,AIR_41,Ambient air pollution attributable deaths,numeric,SEAR,South-East Asia,Country,THA,Year,2019,True,Sex,Both sexes,SEX_BTSX,GHE cause of death codes,ALL CAUSES,GHECAUSE_GHE000000,,,,,,,31100.0,,,24663.0,,37976.0,31 100 [24 663-37 976],,,EN,2024-10-02T22:00:00.000Z
Guinea,NCD_DTH_TOT,Total NCD Deaths,numeric,AFR,Africa,Country,GIN,Year,2019,False,Sex,Both sexes,SEX_BTSX,Causes,Noncommunicable diseases,GHECAUSES_GHE060,,,,,,,40094,,,21088,,67146,40 100 [21 100-67 100],,,EN,2025-03-18T23:00:00.000Z,AIR_41,Ambient air pollution attributable deaths,numeric,AFR,Africa,Country,GIN,Year,2019,True,Sex,Both sexes,SEX_BTSX,GHE cause of death codes,ALL CAUSES,GHECAUSE_GHE000000,,,,,,,6145.0,,,4107.0,,8409.0,6145 [4107-8409],,,EN,2024-10-02T22:00:00.000Z
Djibouti,NCD_DTH_TOT,Total NCD Deaths,numeric,EMR,Eastern Mediterranean,Country,DJI,Year,2019,False,Sex,Both sexes,SEX_BTSX,Causes,Noncommunicable diseases,GHECAUSES_GHE060,,,,,,,4044,,,2005,,7128,4040 [2000-7130],,,EN,2025-03-18T23:00:00.000Z,AIR_41,Ambient air pollution attributable deaths,numeric,EMR,Eastern Mediterranean,Country,DJI,Year,2019,True,Sex,Both sexes,SEX_BTSX,GHE cause of death codes,ALL CAUSES,GHECAUSE_GHE000000,,,,,,,364.1,,,175.1,,561.4,364 [175-561],,,EN,2024-10-02T22:00:00.000Z
Bosnia and Herzegovina,NCD_DTH_TOT,Total NCD Deaths,numeric,EUR,Europe,Country,BIH,Year,2019,False,Sex,Both sexes,SEX_BTSX,Causes,Noncommunicable diseases,GHECAUSES_GHE060,,,,,,,41920,,,25817,,48139,41 900 [25 800-48 100],,,EN,2025-03-18T23:00:00.000Z,AIR_41,Ambient air pollution attributable deaths,numeric,EUR,Europe,Country,BIH,Year,2019,True,Sex,Both sexes,SEX_BTSX,GHE cause of death codes,ALL CAUSES,GHECAUSE_GHE000000,,,,,,,3766.0,,,2882.0,,4653.0,3766 [2882-4653],,,EN,2024-10-02T22:00:00.000Z
Bahrain,NCD_DTH_TOT,Total NCD Deaths,numeric,EMR,Eastern Mediterranean,Country,BHR,Year,2019,False,Sex,Both sexes,SEX_BTSX,Causes,Noncommunicable diseases,GHECAUSES_GHE060,,,,,,,4102,,,2540,,5907,4100 [2540-5910],,,EN,2025-03-18T23:00:00.000Z,AIR_41,Ambient air pollution attributable deaths,numeric,EMR,Eastern Mediterranean,Country,BHR,Year,2019,True,Sex,Both sexes,SEX_BTSX,GHE cause of death codes,ALL CAUSES,GHECAUSE_GHE000000,,,,,,,405.2,,,316.9,,486.2,405 [317-486],,,EN,2024-10-02T22:00:00.000Z
Georgia,NCD_DTH_TOT,Total NCD Deaths,numeric,EUR,Europe,Country,GEO,Year,2019,False,Sex,Both sexes,SEX_BTSX,Causes,Noncommunicable diseases,GHECAUSES_GHE060,,,,,,,42405,,,33405,,49213,42 400 [33 400-49 200],,,EN,2025-03-18T23:00:00.000Z,AIR_41,Ambient air pollution attributable deaths,numeric,EUR,Europe,Country,GEO,Year,2019,True,Sex,Both sexes,SEX_BTSX,GHE cause of death codes,ALL CAUSES,GHECAUSE_GHE000000,,,,,,,5221.0,,,3699.0,,6701.0,5221 [3699-6701],,,EN,2024-10-02T22:00:00.000Z
Dominican Republic,NCD_DTH_TOT,Total NCD Deaths,numeric,AMR,Americas,Country,DOM,Year,2019,False,Sex,Both sexes,SEX_BTSX,Causes,Noncommunicable diseases,GHECAUSES_GHE060,,,,,,,42729,,,27165,,67993,42 700 [27 200-68 000],,,EN,2025-03-18T23:00:00.000Z,AIR_41,Ambient air pollution attributable deaths,numeric,AMR,Americas,Country,DOM,Year,2019,True,Sex,Both sexes,SEX_BTSX,GHE cause of death codes,ALL CAUSES,GHECAUSE_GHE000000,,,,,,,2741.0,,,776.0,,4267.0,2741 [776-4267],,,EN,2024-10-02T22:00:00.000Z
Guyana,NCD_DTH_TOT,Total NCD Deaths,numeric,AMR,Americas,Country,GUY,Year,2019,False,Sex,Both sexes,SEX_BTSX,Causes,Noncommunicable diseases,GHECAUSES_GHE060,,,,,,,4245,,,3007,,5842,4250 [3010-5840],,,EN,2025-03-18T23:00:00.000Z,AIR_41,Ambient air pollution attributable deaths,numeric,AMR,Americas,Country,GUY,Year,2019,True,Sex,Both sexes,SEX_BTSX,GHE cause of death codes,ALL CAUSES,GHECAUSE_GHE000000,,,,,,,360.1,,,182.7,,531.0,360 [183-531],,,EN,2024-10-02T22:00:00.000Z
Nigeria,NCD_DTH_TOT,Total NCD Deaths,numeric,AFR,Africa,Country,NGA,Year,2019,False,Sex,Both sexes,SEX_BTSX,Causes,Noncommunicable diseases,GHECAUSES_GHE060,,,,,,,426590,,,245392,,657253,427 000 [245 000-657 000],,,EN,2025-03-18T23:00:00.000Z,AIR_41,Ambient air pollution attributable deaths,numeric,AFR,Africa,Country,NGA,Year,2019,True,Sex,Both sexes,SEX_BTSX,GHE cause of death codes,ALL CAUSES,GHECAUSE_GHE000000,,,,,,,100997.0,,,77396.0,,125062.0,100 997 [77 396-125 062],,,EN,2024-10-02T22:00:00.000Z
Trkiye,NCD_DTH_TOT,Total NCD Deaths,numeric,EUR,Europe,Country,TUR,Year,2019,False,Sex,Both sexes,SEX_BTSX,Causes,Noncommunicable diseases,GHECAUSES_GHE060,,,,,,,426597,,,256157,,555640,427 000 [256 000-556 000],,,EN,2025-03-18T23:00:00.000Z,AIR_41,Ambient air pollution attributable deaths,numeric,EUR,Europe,Country,TUR,Year,2019,True,Sex,Both sexes,SEX_BTSX,GHE cause of death codes,ALL CAUSES,GHECAUSE_GHE000000,,,,,,,35337.0,,,27096.0,,43285.0,35 337 [27 096-43 285],,,EN,2024-10-02T22:00:00.000Z
Bolivia (Plurinational State of),NCD_DTH_TOT,Total NCD Deaths,numeric,AMR,Americas,Country,BOL,Year,2019,False,Sex,Both sexes,SEX_BTSX,Causes,Noncommunicable diseases,GHECAUSES_GHE060,,,,,,,44489,,,21033,,64906,44 500 [21 000-64 900],,,EN,2025-03-18T23:00:00.000Z,AIR_41,Ambient air pollution attributable deaths,numeric,AMR,Americas,Country,BOL,Year,2019,True,Sex,Both sexes,SEX_BTSX,GHE cause of death codes,ALL CAUSES,GHECAUSE_GHE000000,,,,,,,5956.0,,,4285.0,,7618.0,5956 [4285-7618],,,EN,2024-10-02T22:00:00.000Z
Philippines,NCD_DTH_TOT,Total NCD Deaths,numeric,WPR,Western Pacific,Country,PHL,Year,2019,False,Sex,Both sexes,SEX_BTSX,Causes,Noncommunicable diseases,GHECAUSES_GHE060,,,,,,,454447,,,396915,,616720,454 000 [397 000-617 000],,,EN,2025-03-18T23:00:00.000Z,AIR_41,Ambient air pollution attributable deaths,numeric,WPR,Western Pacific,Country,PHL,Year,2019,True,Sex,Both sexes,SEX_BTSX,GHE cause of death codes,ALL CAUSES,GHECAUSE_GHE000000,,,,,,,63322.0,,,47946.0,,78924.0,63 322 [47 946-78 924],,,EN,2024-10-02T22:00:00.000Z
Croatia,NCD_DTH_TOT,Total NCD Deaths,numeric,EUR,Europe,Country,HRV,Year,2019,False,Sex,Both sexes,SEX_BTSX,Causes,Noncommunicable diseases,GHECAUSES_GHE060,,,,,,,46377,,,39056,,59826,46 400 [39 100-59 800],,,EN,2025-03-18T23:00:00.000Z,AIR_41,Ambient air pollution attributable deaths,numeric,EUR,Europe,Country,HRV,Year,2019,True,Sex,Both sexes,SEX_BTSX,GHE cause of death codes,ALL CAUSES,GHECAUSE_GHE000000,,,,,,,3625.0,,,2613.0,,4576.0,3625 [2613-4576],,,EN,2024-10-02T22:00:00.000Z
Slovakia,NCD_DTH_TOT,Total NCD Deaths,numeric,EUR,Europe,Country,SVK,Year,2019,False,Sex,Both sexes,SEX_BTSX,Causes,Noncommunicable diseases,GHECAUSES_GHE060,,,,,,,46520,,,33772,,63900,46 500 [33 800-63 900],,,EN,2025-03-18T23:00:00.000Z,AIR_41,Ambient air pollution attributable deaths,numeric,EUR,Europe,Country,SVK,Year,2019,True,Sex,Both sexes,SEX_BTSX,GHE cause of death codes,ALL CAUSES,GHECAUSE_GHE000000,,,,,,,3158.0,,,2302.0,,3955.0,3158 [2302-3955],,,EN,2024-10-02T22:00:00.000Z
Azerbaijan,NCD_DTH_TOT,Total NCD Deaths,numeric,EUR,Europe,Country,AZE,Year,2019,False,Sex,Both sexes,SEX_BTSX,Causes,Noncommunicable diseases,GHECAUSES_GHE060,,,,,,,46759,,,32820,,62193,46 800 [32 800-62 200],,,EN,2025-03-18T23:00:00.000Z,AIR_41,Ambient air pollution attributable deaths,numeric,EUR,Europe,Country,AZE,Year,2019,True,Sex,Both sexes,SEX_BTSX,GHE cause of death codes,ALL CAUSES,GHECAUSE_GHE000000,,,,,,,10025.0,,,6727.0,,13059.0,10 025 [6727-13 059],,,EN,2024-10-02T22:00:00.000Z
Timor-Leste,NCD_DTH_TOT,Total NCD Deaths,numeric,SEAR,South-East Asia,Country,TLS,Year,2019,False,Sex,Both sexes,SEX_BTSX,Causes,Noncommunicable diseases,GHECAUSES_GHE060,,,,,,,4662,,,2601,,7610,4660 [2600-7610],,,EN,2025-03-18T23:00:00.000Z,AIR_41,Ambient air pollution attributable deaths,numeric,SEAR,South-East Asia,Country,TLS,Year,2019,True,Sex,Both sexes,SEX_BTSX,GHE cause of death codes,ALL CAUSES,GHECAUSE_GHE000000,,,,,,,447.3,,,236.4,,702.5,447 [236-702],,,EN,2024-10-02T22:00:00.000Z
Senegal,NCD_DTH_TOT,Total NCD Deaths,numeric,AFR,Africa,Country,SEN,Year,2019,False,Sex,Both sexes,SEX_BTSX,Causes,Noncommunicable diseases,GHECAUSES_GHE060,,,,,,,47444,,,23773,,72806,47 400 [23 800-72 800],,,EN,2025-03-18T23:00:00.000Z,AIR_41,Ambient air pollution attributable deaths,numeric,AFR,Africa,Country,SEN,Year,2019,True,Sex,Both sexes,SEX_BTSX,GHE cause of death codes,ALL CAUSES,GHECAUSE_GHE000000,,,,,,,4779.0,,,3398.0,,6094.0,4779 [3398-6094],,,EN,2024-10-02T22:00:00.000Z
Denmark,NCD_DTH_TOT,Total NCD Deaths,numeric,EUR,Europe,Country,DNK,Year,2019,False,Sex,Both sexes,SEX_BTSX,Causes,Noncommunicable diseases,GHECAUSES_GHE060,,,,,,,47857,,,36524,,62277,47 900 [36 500-62 300],,,EN,2025-03-18T23:00:00.000Z,AIR_41,Ambient air pollution attributable deaths,numeric,EUR,Europe,Country,DNK,Year,2019,True,Sex,Both sexes,SEX_BTSX,GHE cause of death codes,ALL CAUSES,GHECAUSE_GHE000000,,,,,,,1871.0,,,1280.0,,2588.0,1871 [1280-2588],,,EN,2024-10-02T22:00:00.000Z
Egypt,NCD_DTH_TOT,Total NCD Deaths,numeric,EMR,Eastern Mediterranean,Country,EGY,Year,2019,False,Sex,Both sexes,SEX_BTSX,Causes,Noncommunicable diseases,GHECAUSES_GHE060,,,,,,,489591,,,349690,,684907,490 000 [350 000-685 000],,,EN,2025-03-18T23:00:00.000Z,AIR_41,Ambient air pollution attributable deaths,numeric,EMR,Eastern Mediterranean,Country,EGY,Year,2019,True,Sex,Both sexes,SEX_BTSX,GHE cause of death codes,ALL CAUSES,GHECAUSE_GHE000000,,,,,,,69891.0,,,53051.0,,86630.0,69 891 [53 051-86 630],,,EN,2024-10-02T22:00:00.000Z
Equatorial Guinea,NCD_DTH_TOT,Total NCD Deaths,numeric,AFR,Africa,Country,GNQ,Year,2019,False,Sex,Both sexes,SEX_BTSX,Causes,Noncommunicable diseases,GHECAUSES_GHE060,,,,,,,4931,,,2029,,8060,4930 [2030-8060],,,EN,2025-03-18T23:00:00.000Z,AIR_41,Ambient air pollution attributable deaths,numeric,AFR,Africa,Country,GNQ,Year,2019,True,Sex,Both sexes,SEX_BTSX,GHE cause of death codes,ALL CAUSES,GHECAUSE_GHE000000,,,,,,,349.1,,,98.17,,633.5,349 [98-634],,,EN,2024-10-02T22:00:00.000Z
France,NCD_DTH_TOT,Total NCD Deaths,numeric,EUR,Europe,Country,FRA,Year,2019,False,Sex,Both sexes,SEX_BTSX,Causes,Noncommunicable diseases,GHECAUSES_GHE060,,,,,,,498892,,,361795,,663153,499 000 [362 000-663 000],,,EN,2025-03-18T23:00:00.000Z,AIR_41,Ambient air pollution attributable deaths,numeric,EUR,Europe,Country,FRA,Year,2019,True,Sex,Both sexes,SEX_BTSX,GHE cause of death codes,ALL CAUSES,GHECAUSE_GHE000000,,,,,,,18918.0,,,13629.0,,24472.0,18 918 [13 629-24 472],,,EN,2024-10-02T22:00:00.000Z
Finland,NCD_DTH_TOT,Total NCD Deaths,numeric,EUR,Europe,Country,FIN,Year,2019,False,Sex,Both sexes,SEX_BTSX,Causes,Noncommunicable diseases,GHECAUSES_GHE060,,,,,,,50487,,,37484,,66394,50 500 [37 500-66 400],,,EN,2025-03-18T23:00:00.000Z,AIR_41,Ambient air pollution attributable deaths,numeric,EUR,Europe,Country,FIN,Year,2019,True,Sex,Both sexes,SEX_BTSX,GHE cause of death codes,ALL CAUSES,GHECAUSE_GHE000000,,,,,,,1185.0,,,642.1,,1703.0,1185 [642-1703],,,EN,2024-10-02T22:00:00.000Z
Guatemala,NCD_DTH_TOT,Total NCD Deaths,numeric,AMR,Americas,Country,GTM,Year,2019,False,Sex,Both sexes,SEX_BTSX,Causes,Noncommunicable diseases,GHECAUSES_GHE060,,,,,,,50923,,,43318,,71746,50 900 [43 300-71 700],,,EN,2025-03-18T23:00:00.000Z,AIR_41,Ambient air pollution attributable deaths,numeric,AMR,Americas,Country,GTM,Year,2019,True,Sex,Both sexes,SEX_BTSX,GHE cause of death codes,ALL CAUSES,GHECAUSE_GHE000000,,,,,,,4792.0,,,3468.0,,6134.0,4792 [3468-6134],,,EN,2024-10-02T22:00:00.000Z
Tunisia,NCD_DTH_TOT,Total NCD Deaths,numeric,EMR,Eastern Mediterranean,Country,TUN,Year,2019,False,Sex,Both sexes,SEX_BTSX,Causes,Noncommunicable diseases,GHECAUSES_GHE060,,,,,,,51376,,,31380,,94130,51 400 [31 400-94 100],,,EN,2025-03-18T23:00:00.000Z,AIR_41,Ambient air pollution attributable deaths,numeric,EMR,Eastern Mediterranean,Country,TUN,Year,2019,True,Sex,Both sexes,SEX_BTSX,GHE cause of death codes,ALL CAUSES,GHECAUSE_GHE000000,,,,,,,6894.0,,,4984.0,,8781.0,6894 [4984-8781],,,EN,2024-10-02T22:00:00.000Z
Somalia,NCD_DTH_TOT,Total NCD Deaths,numeric,EMR,Eastern Mediterranean,Country,SOM,Year,2019,False,Sex,Both sexes,SEX_BTSX,Causes,Noncommunicable diseases,GHECAUSES_GHE060,,,,,,,51803,,,23136,,102305,51 800 [23 100-102 000],,,EN,2025-03-18T23:00:00.000Z,AIR_41,Ambient air pollution attributable deaths,numeric,EMR,Eastern Mediterranean,Country,SOM,Year,2019,True,Sex,Both sexes,SEX_BTSX,GHE cause of death codes,ALL CAUSES,GHECAUSE_GHE000000,,,,,,,5552.0,,,2651.0,,8809.0,5552 [2651-8809],,,EN,2024-10-02T22:00:00.000Z
Niger,NCD_DTH_TOT,Total NCD Deaths,numeric,AFR,Africa,Country,NER,Year,2019,False,Sex,Both sexes,SEX_BTSX,Causes,Noncommunicable diseases,GHECAUSES_GHE060,,,,,,,52605,,,24144,,101673,52 600 [24 100-102 000],,,EN,2025-03-18T23:00:00.000Z,AIR_41,Ambient air pollution attributable deaths,numeric,AFR,Africa,Country,NER,Year,2019,True,Sex,Both sexes,SEX_BTSX,GHE cause of death codes,ALL CAUSES,GHECAUSE_GHE000000,,,,,,,10827.0,,,6806.0,,15132.0,10 827 [6806-15 132],,,EN,2024-10-02T22:00:00.000Z
Mali,NCD_DTH_TOT,Total NCD Deaths,numeric,AFR,Africa,Country,MLI,Year,2019,False,Sex,Both sexes,SEX_BTSX,Causes,Noncommunicable diseases,GHECAUSES_GHE060,,,,,,,52885,,,26106,,94051,52 900 [26 100-94 100],,,EN,2025-03-18T23:00:00.000Z,AIR_41,Ambient air pollution attributable deaths,numeric,AFR,Africa,Country,MLI,Year,2019,True,Sex,Both sexes,SEX_BTSX,GHE cause of death codes,ALL CAUSES,GHECAUSE_GHE000000,,,,,,,6902.0,,,3995.0,,10152.0,6902 [3995-10 152],,,EN,2024-10-02T22:00:00.000Z
Mexico,NCD_DTH_TOT,Total NCD Deaths,numeric,AMR,Americas,Country,MEX,Year,2019,False,Sex,Both sexes,SEX_BTSX,Causes,Noncommunicable diseases,GHECAUSES_GHE060,,,,,,,527154,,,493652,,664937,527 000 [494 000-665 000],,,EN,2025-03-18T23:00:00.000Z,AIR_41,Ambient air pollution attributable deaths,numeric,AMR,Americas,Country,MEX,Year,2019,True,Sex,Both sexes,SEX_BTSX,GHE cause of death codes,ALL CAUSES,GHECAUSE_GHE000000,,,,,,,36775.0,,,26702.0,,46935.0,36 775 [26 702-46 935],,,EN,2024-10-02T22:00:00.000Z
Tonga,NCD_DTH_TOT,Total NCD Deaths,numeric,WPR,Western Pacific,Country,TON,Year,2019,False,Sex,Both sexes,SEX_BTSX,Causes,Noncommunicable diseases,GHECAUSES_GHE060,,,,,,,533,,,319,,816,530 [320-820],,,EN,2025-03-18T23:00:00.000Z,AIR_41,Ambient air pollution attributable deaths,numeric,WPR,Western Pacific,Country,TON,Year,2019,True,Sex,Both sexes,SEX_BTSX,GHE cause of death codes,ALL CAUSES,GHECAUSE_GHE000000,,,,,,,18.63,,,0.0,,31.26,19 [0-31],,,EN,2024-10-02T22:00:00.000Z
Viet Nam,NCD_DTH_TOT,Total NCD Deaths,numeric,WPR,Western Pacific,Country,VNM,Year,2019,False,Sex,Both sexes,SEX_BTSX,Causes,Noncommunicable diseases,GHECAUSES_GHE060,,,,,,,534198,,,337917,,884372,534 000 [338 000-884 000],,,EN,2025-03-18T23:00:00.000Z,AIR_41,Ambient air pollution attributable deaths,numeric,WPR,Western Pacific,Country,VNM,Year,2019,True,Sex,Both sexes,SEX_BTSX,GHE cause of death codes,ALL CAUSES,GHECAUSE_GHE000000,,,,,,,52685.0,,,39264.0,,67982.0,52 685 [39 264-67 982],,,EN,2024-10-02T22:00:00.000Z
United Kingdom of Great Britain and Northern Ireland,NCD_DTH_TOT,Total NCD Deaths,numeric,EUR,Europe,Country,GBR,Year,2019,False,Sex,Both sexes,SEX_BTSX,Causes,Noncommunicable diseases,GHECAUSES_GHE060,,,,,,,536015,,,445831,,639491,536 000 [446 000-639 000],,,EN,2025-03-18T23:00:00.000Z,AIR_41,Ambient air pollution attributable deaths,numeric,EUR,Europe,Country,GBR,Year,2019,True,Sex,Both sexes,SEX_BTSX,GHE cause of death codes,ALL CAUSES,GHECAUSE_GHE000000,,,,,,,22333.0,,,15674.0,,29998.0,22 333 [15 674-29 998],,,EN,2024-10-02T22:00:00.000Z
Burkina Faso,NCD_DTH_TOT,Total NCD Deaths,numeric,AFR,Africa,Country,BFA,Year,2019,False,Sex,Both sexes,SEX_BTSX,Causes,Noncommunicable diseases,GHECAUSES_GHE060,,,,,,,56845,,,27848,,114039,56 800 [27 800-114 000],,,EN,2025-03-18T23:00:00.000Z,AIR_41,Ambient air pollution attributable deaths,numeric,AFR,Africa,Country,BFA,Year,2019,True,Sex,Both sexes,SEX_BTSX,GHE cause of death codes,ALL CAUSES,GHECAUSE_GHE000000,,,,,,,8054.0,,,4592.0,,12003.0,8054 [4592-12 003],,,EN,2024-10-02T22:00:00.000Z
Haiti,NCD_DTH_TOT,Total NCD Deaths,numeric,AMR,Americas,Country,HTI,Year,2019,False,Sex,Both sexes,SEX_BTSX,Causes,Noncommunicable diseases,GHECAUSES_GHE060,,,,,,,56783,,,29868,,102191,56 800 [29 900-102 000],,,EN,2025-03-18T23:00:00.000Z,AIR_41,Ambient air pollution attributable deaths,numeric,AMR,Americas,Country,HTI,Year,2019,True,Sex,Both sexes,SEX_BTSX,GHE cause of death codes,ALL CAUSES,GHECAUSE_GHE000000,,,,,,,3809.0,,,1667.0,,5868.0,3809 [1667-5868],,,EN,2024-10-02T22:00:00.000Z
Malawi,NCD_DTH_TOT,Total NCD Deaths,numeric,AFR,Africa,Country,MWI,Year,2019,False,Sex,Both sexes,SEX_BTSX,Causes,Noncommunicable diseases,GHECAUSES_GHE060,,,,,,,56794,,,31271,,100267,56 800 [31 300-100 000],,,EN,2025-03-18T23:00:00.000Z,AIR_41,Ambient air pollution attributable deaths,numeric,AFR,Africa,Country,MWI,Year,2019,True,Sex,Both sexes,SEX_BTSX,GHE cause of death codes,ALL CAUSES,GHECAUSE_GHE000000,,,,,,,3135.0,,,1018.0,,5004.0,3135 [1018-5004],,,EN,2024-10-02T22:00:00.000Z
Bangladesh,NCD_DTH_TOT,Total NCD Deaths,numeric,SEAR,South-East Asia,Country,BGD,Year,2019,False,Sex,Both sexes,SEX_BTSX,Causes,Noncommunicable diseases,GHECAUSES_GHE060,,,,,,,570263,,,329201,,943068,570 000 [329 000-943 000],,,EN,2025-03-18T23:00:00.000Z,AIR_41,Ambient air pollution attributable deaths,numeric,SEAR,South-East Asia,Country,BGD,Year,2019,True,Sex,Both sexes,SEX_BTSX,GHE cause of death codes,ALL CAUSES,GHECAUSE_GHE000000,,,,,,,76062.0,,,59652.0,,94709.0,76 062 [59 652-94 709],,,EN,2024-10-02T22:00:00.000Z
Italy,NCD_DTH_TOT,Total NCD Deaths,numeric,EUR,Europe,Country,ITA,Year,2019,False,Sex,Both sexes,SEX_BTSX,Causes,Noncommunicable diseases,GHECAUSES_GHE060,,,,,,,579166,,,429756,,734114,579 000 [430 000-734 000],,,EN,2025-03-18T23:00:00.000Z,AIR_41,Ambient air pollution attributable deaths,numeric,EUR,Europe,Country,ITA,Year,2019,True,Sex,Both sexes,SEX_BTSX,GHE cause of death codes,ALL CAUSES,GHECAUSE_GHE000000,,,,,,,32739.0,,,23731.0,,41754.0,32 739 [23 731-41 754],,,EN,2024-10-02T22:00:00.000Z
Ukraine,NCD_DTH_TOT,Total NCD Deaths,numeric,EUR,Europe,Country,UKR,Year,2019,False,Sex,Both sexes,SEX_BTSX,Causes,Noncommunicable diseases,GHECAUSES_GHE060,,,,,,,579829,,,434624,,729258,580 000 [435 000-729 000],,,EN,2025-03-18T23:00:00.000Z,AIR_41,Ambient air pollution attributable deaths,numeric,EUR,Europe,Country,UKR,Year,2019,True,Sex,Both sexes,SEX_BTSX,GHE cause of death codes,ALL CAUSES,GHECAUSE_GHE000000,,,,,,,60208.0,,,36443.0,,80785.0,60 208 [36 443-80 785],,,EN,2024-10-02T22:00:00.000Z
Saudi Arabia,NCD_DTH_TOT,Total NCD Deaths,numeric,EMR,Eastern Mediterranean,Country,SAU,Year,2019,False,Sex,Both sexes,SEX_BTSX,Causes,Noncommunicable diseases,GHECAUSES_GHE060,,,,,,,59441,,,35926,,93251,59 400 [35 900-93 300],,,EN,2025-03-18T23:00:00.000Z,AIR_41,Ambient air pollution attributable deaths,numeric,EMR,Eastern Mediterranean,Country,SAU,Year,2019,True,Sex,Both sexes,SEX_BTSX,GHE cause of death codes,ALL CAUSES,GHECAUSE_GHE000000,,,,,,,17273.0,,,13322.0,,21222.0,17 273 [13 322-21 222],,,EN,2024-10-02T22:00:00.000Z
Guinea-Bissau,NCD_DTH_TOT,Total NCD Deaths,numeric,AFR,Africa,Country,GNB,Year,2019,False,Sex,Both sexes,SEX_BTSX,Causes,Noncommunicable diseases,GHECAUSES_GHE060,,,,,,,5951,,,3037,,9996,5950 [3040-10 000],,,EN,2025-03-18T23:00:00.000Z,AIR_41,Ambient air pollution attributable deaths,numeric,AFR,Africa,Country,GNB,Year,2019,True,Sex,Both sexes,SEX_BTSX,GHE cause of death codes,ALL CAUSES,GHECAUSE_GHE000000,,,,,,,758.7,,,503.7,,1056.0,759 [504-1056],,,EN,2024-10-02T22:00:00.000Z
Eswatini,NCD_DTH_TOT,Total NCD Deaths,numeric,AFR,Africa,Country,SWZ,Year,2019,False,Sex,Both sexes,SEX_BTSX,Causes,Noncommunicable diseases,GHECAUSES_GHE060,,,,,,,5988,,,2915,,10352,5990 [2920-10 400],,,EN,2025-03-18T23:00:00.000Z,AIR_41,Ambient air pollution attributable deaths,numeric,AFR,Africa,Country,SWZ,Year,2019,True,Sex,Both sexes,SEX_BTSX,GHE cause of death codes,ALL CAUSES,GHECAUSE_GHE000000,,,,,,,404.1,,,266.6,,548.2,404 [267-548],,,EN,2024-10-02T22:00:00.000Z
India,NCD_DTH_TOT,Total NCD Deaths,numeric,SEAR,South-East Asia,Country,IND,Year,2019,False,Sex,Both sexes,SEX_BTSX,Causes,Noncommunicable diseases,GHECAUSES_GHE060,,,,,,,6302912,,,4913418,,8555750,6 300 000 [4 910 000-8 560 000],,,EN,2025-03-18T23:00:00.000Z,AIR_41,Ambient air pollution attributable deaths,numeric,SEAR,South-East Asia,Country,IND,Year,2019,True,Sex,Both sexes,SEX_BTSX,GHE cause of death codes,ALL CAUSES,GHECAUSE_GHE000000,,,,,,,890229.0,,,699596.0,,1103000.0,890 229 [699 596-1 103 000],,,EN,2024-10-02T22:00:00.000Z
Ecuador,NCD_DTH_TOT,Total NCD Deaths,numeric,AMR,Americas,Country,ECU,Year,2019,False,Sex,Both sexes,SEX_BTSX,Causes,Noncommunicable diseases,GHECAUSES_GHE060,,,,,,,60117,,,47246,,81268,60 100 [47 200-81 300],,,EN,2025-03-18T23:00:00.000Z,AIR_41,Ambient air pollution attributable deaths,numeric,AMR,Americas,Country,ECU,Year,2019,True,Sex,Both sexes,SEX_BTSX,GHE cause of death codes,ALL CAUSES,GHECAUSE_GHE000000,,,,,,,3769.0,,,2743.0,,4847.0,3769 [2743-4847],,,EN,2024-10-02T22:00:00.000Z
Zimbabwe,NCD_DTH_TOT,Total NCD Deaths,numeric,AFR,Africa,Country,ZWE,Year,2019,False,Sex,Both sexes,SEX_BTSX,Causes,Noncommunicable diseases,GHECAUSES_GHE060,,,,,,,60674,,,32792,,98056,60 700 [32 800-98 100],,,EN,2025-03-18T23:00:00.000Z,AIR_41,Ambient air pollution attributable deaths,numeric,AFR,Africa,Country,ZWE,Year,2019,True,Sex,Both sexes,SEX_BTSX,GHE cause of death codes,ALL CAUSES,GHECAUSE_GHE000000,,,,,,,3520.0,,,1753.0,,5419.0,3520 [1753-5419],,,EN,2024-10-02T22:00:00.000Z
Antigua and Barbuda,NCD_DTH_TOT,Total NCD Deaths,numeric,AMR,Americas,Country,ATG,Year,2019,False,Sex,Both sexes,SEX_BTSX,Causes,Noncommunicable diseases,GHECAUSES_GHE060,,,,,,,598,,,471,,763,600 [470-760],,,EN,2025-03-18T23:00:00.000Z,AIR_41,Ambient air pollution attributable deaths,numeric,AMR,Americas,Country,ATG,Year,2019,True,Sex,Both sexes,SEX_BTSX,GHE cause of death codes,ALL CAUSES,GHECAUSE_GHE000000,,,,,,,20.94,,,12.05,,30.49,21 [12-30],,,EN,2024-10-02T22:00:00.000Z
Switzerland,NCD_DTH_TOT,Total NCD Deaths,numeric,EUR,Europe,Country,CHE,Year,2019,False,Sex,Both sexes,SEX_BTSX,Causes,Noncommunicable diseases,GHECAUSES_GHE060,,,,,,,61225,,,43665,,82621,61 200 [43 700-82 600],,,EN,2025-03-18T23:00:00.000Z,AIR_41,Ambient air pollution attributable deaths,numeric,EUR,Europe,Country,CHE,Year,2019,True,Sex,Both sexes,SEX_BTSX,GHE cause of death codes,ALL CAUSES,GHECAUSE_GHE000000,,,,,,,2461.0,,,1626.0,,3224.0,2461 [1626-3224],,,EN,2024-10-02T22:00:00.000Z
Fiji,NCD_DTH_TOT,Total NCD Deaths,numeric,WPR,Western Pacific,Country,FJI,Year,2019,False,Sex,Both sexes,SEX_BTSX,Causes,Noncommunicable diseases,GHECAUSES_GHE060,,,,,,,6476,,,4040,,8991,6480 [4040-8990],,,EN,2025-03-18T23:00:00.000Z,AIR_41,Ambient air pollution attributable deaths,numeric,WPR,Western Pacific,Country,FJI,Year,2019,True,Sex,Both sexes,SEX_BTSX,GHE cause of death codes,ALL CAUSES,GHECAUSE_GHE000000,,,,,,,241.5,,,32.46,,399.8,242 [32-400],,,EN,2024-10-02T22:00:00.000Z
Montenegro,NCD_DTH_TOT,Total NCD Deaths,numeric,EUR,Europe,Country,MNE,Year,2019,False,Sex,Both sexes,SEX_BTSX,Causes,Noncommunicable diseases,GHECAUSES_GHE060,,,,,,,6518,,,4689,,8692,6520 [4690-8690],,,EN,2025-03-18T23:00:00.000Z,AIR_41,Ambient air pollution attributable deaths,numeric,EUR,Europe,Country,MNE,Year,2019,True,Sex,Both sexes,SEX_BTSX,GHE cause of death codes,ALL CAUSES,GHECAUSE_GHE000000,,,,,,,703.1,,,509.3,,911.0,703 [509-911],,,EN,2024-10-02T22:00:00.000Z
Gambia,NCD_DTH_TOT,Total NCD Deaths,numeric,AFR,Africa,Country,GMB,Year,2019,False,Sex,Both sexes,SEX_BTSX,Causes,Noncommunicable diseases,GHECAUSES_GHE060,,,,,,,6655,,,3367,,11664,6650 [3370-11 700],,,EN,2025-03-18T23:00:00.000Z,AIR_41,Ambient air pollution attributable deaths,numeric,AFR,Africa,Country,GMB,Year,2019,True,Sex,Both sexes,SEX_BTSX,GHE cause of death codes,ALL CAUSES,GHECAUSE_GHE000000,,,,,,,818.2,,,558.0,,1087.0,818 [558-1087],,,EN,2024-10-02T22:00:00.000Z
Micronesia (Federated States of),NCD_DTH_TOT,Total NCD Deaths,numeric,WPR,Western Pacific,Country,FSM,Year,2019,False,Sex,Both sexes,SEX_BTSX,Causes,Noncommunicable diseases,GHECAUSES_GHE060,,,,,,,666,,,436,,1134,670 [440-1130],,,EN,2025-03-18T23:00:00.000Z,AIR_41,Ambient air pollution attributable deaths,numeric,WPR,Western Pacific,Country,FSM,Year,2019,True,Sex,Both sexes,SEX_BTSX,GHE cause of death codes,ALL CAUSES,GHECAUSE_GHE000000,,,,,,,37.38,,,0.0,,71.49,37 [0-71],,,EN,2024-10-02T22:00:00.000Z
Botswana,NCD_DTH_TOT,Total NCD Deaths,numeric,AFR,Africa,Country,BWA,Year,2019,False,Sex,Both sexes,SEX_BTSX,Causes,Noncommunicable diseases,GHECAUSES_GHE060,,,,,,,6799,,,3905,,11890,6800 [3900-11 900],,,EN,2025-03-18T23:00:00.000Z,AIR_41,Ambient air pollution attributable deaths,numeric,AFR,Africa,Country,BWA,Year,2019,True,Sex,Both sexes,SEX_BTSX,GHE cause of death codes,ALL CAUSES,GHECAUSE_GHE000000,,,,,,,720.0,,,441.0,,999.0,720 [441-999],,,EN,2024-10-02T22:00:00.000Z
Cyprus,NCD_DTH_TOT,Total NCD Deaths,numeric,EUR,Europe,Country,CYP,Year,2019,False,Sex,Both sexes,SEX_BTSX,Causes,Noncommunicable diseases,GHECAUSES_GHE060,,,,,,,6798,,,4279,,10037,6800 [4280-10 000],,,EN,2025-03-18T23:00:00.000Z,AIR_41,Ambient air pollution attributable deaths,numeric,EUR,Europe,Country,CYP,Year,2019,True,Sex,Both sexes,SEX_BTSX,GHE cause of death codes,ALL CAUSES,GHECAUSE_GHE000000,,,,,,,336.7,,,242.4,,432.2,337 [242-432],,,EN,2024-10-02T22:00:00.000Z
Sao Tome and Principe,NCD_DTH_TOT,Total NCD Deaths,numeric,AFR,Africa,Country,STP,Year,2019,False,Sex,Both sexes,SEX_BTSX,Causes,Noncommunicable diseases,GHECAUSES_GHE060,,,,,,,686,,,374,,1139,690 [370-1140],,,EN,2025-03-18T23:00:00.000Z,AIR_41,Ambient air pollution attributable deaths,numeric,AFR,Africa,Country,STP,Year,2019,True,Sex,Both sexes,SEX_BTSX,GHE cause of death codes,ALL CAUSES,GHECAUSE_GHE000000,,,,,,,79.42,,,52.12,,110.8,79 [52-111],,,EN,2024-10-02T22:00:00.000Z
Kuwait,NCD_DTH_TOT,Total NCD Deaths,numeric,EMR,Eastern Mediterranean,Country,KWT,Year,2019,False,Sex,Both sexes,SEX_BTSX,Causes,Noncommunicable diseases,GHECAUSES_GHE060,,,,,,,7121,,,5605,,8690,7120 [5610-8690],,,EN,2025-03-18T23:00:00.000Z,AIR_41,Ambient air pollution attributable deaths,numeric,EMR,Eastern Mediterranean,Country,KWT,Year,2019,True,Sex,Both sexes,SEX_BTSX,GHE cause of death codes,ALL CAUSES,GHECAUSE_GHE000000,,,,,,,983.2,,,769.2,,1171.0,983 [769-1171],,,EN,2024-10-02T22:00:00.000Z
Seychelles,NCD_DTH_TOT,Total NCD Deaths,numeric,AFR,Africa,Country,SYC,Year,2019,False,Sex,Both sexes,SEX_BTSX,Causes,Noncommunicable diseases,GHECAUSES_GHE060,,,,,,,717,,,412,,935,720 [410-930],,,EN,2025-03-18T23:00:00.000Z,AIR_41,Ambient air pollution attributable deaths,numeric,AFR,Africa,Country,SYC,Year,2019,True,Sex,Both sexes,SEX_BTSX,GHE cause of death codes,ALL CAUSES,GHECAUSE_GHE000000,,,,,,,45.39,,,31.95,,61.24,45 [32-61],,,EN,2024-10-02T22:00:00.000Z
Cote d'Ivoire,NCD_DTH_TOT,Total NCD Deaths,numeric,AFR,Africa,Country,CIV,Year,2019,False,Sex,Both sexes,SEX_BTSX,Causes,Noncommunicable diseases,GHECAUSES_GHE060,,,,,,,73937,,,36395,,111419,73 900 [36 400-111 000],,,EN,2025-03-18T23:00:00.000Z,AIR_41,Ambient air pollution attributable deaths,numeric,AFR,Africa,Country,CIV,Year,2019,True,Sex,Both sexes,SEX_BTSX,GHE cause of death codes,ALL CAUSES,GHECAUSE_GHE000000,,,,,,,11075.0,,,7520.0,,14713.0,11 075 [7520-14 713],,,EN,2024-10-02T22:00:00.000Z
Cameroon,NCD_DTH_TOT,Total NCD Deaths,numeric,AFR,Africa,Country,CMR,Year,2019,False,Sex,Both sexes,SEX_BTSX,Causes,Noncommunicable diseases,GHECAUSES_GHE060,,,,,,,74798,,,38619,,132446,74 800 [38 600-132 000],,,EN,2025-03-18T23:00:00.000Z,AIR_41,Ambient air pollution attributable deaths,numeric,AFR,Africa,Country,CMR,Year,2019,True,Sex,Both sexes,SEX_BTSX,GHE cause of death codes,ALL CAUSES,GHECAUSE_GHE000000,,,,,,,12458.0,,,9556.0,,15570.0,12 458 [9556-15 570],,,EN,2024-10-02T22:00:00.000Z
Cambodia,NCD_DTH_TOT,Total NCD Deaths,numeric,WPR,Western Pacific,Country,KHM,Year,2019,False,Sex,Both sexes,SEX_BTSX,Causes,Noncommunicable diseases,GHECAUSES_GHE060,,,,,,,75244,,,43151,,121881,75 200 [43 200-122 000],,,EN,2025-03-18T23:00:00.000Z,AIR_41,Ambient air pollution attributable deaths,numeric,WPR,Western Pacific,Country,KHM,Year,2019,True,Sex,Both sexes,SEX_BTSX,GHE cause of death codes,ALL CAUSES,GHECAUSE_GHE000000,,,,,,,5738.0,,,4318.0,,7236.0,5738 [4318-7236],,,EN,2024-10-02T22:00:00.000Z
Austria,NCD_DTH_TOT,Total NCD Deaths,numeric,EUR,Europe,Country,AUT,Year,2019,False,Sex,Both sexes,SEX_BTSX,Causes,Noncommunicable diseases,GHECAUSES_GHE060,,,,,,,75901,,,57289,,98584,75 900 [57 300-98 600],,,EN,2025-03-18T23:00:00.000Z,AIR_41,Ambient air pollution attributable deaths,numeric,EUR,Europe,Country,AUT,Year,2019,True,Sex,Both sexes,SEX_BTSX,GHE cause of death codes,ALL CAUSES,GHECAUSE_GHE000000,,,,,,,4289.0,,,2928.0,,5560.0,4289 [2928-5560],,,EN,2024-10-02T22:00:00.000Z
Kiribati,NCD_DTH_TOT,Total NCD Deaths,numeric,WPR,Western Pacific,Country,KIR,Year,2019,False,Sex,Both sexes,SEX_BTSX,Causes,Noncommunicable diseases,GHECAUSES_GHE060,,,,,,,757,,,406,,1180,760 [410-1180],,,EN,2025-03-18T23:00:00.000Z,AIR_41,Ambient air pollution attributable deaths,numeric,WPR,Western Pacific,Country,KIR,Year,2019,True,Sex,Both sexes,SEX_BTSX,GHE cause of death codes,ALL CAUSES,GHECAUSE_GHE000000,,,,,,,35.75,,,0.0,,70.91,36 [0-71],,,EN,2024-10-02T22:00:00.000Z
Syrian Arab Republic,NCD_DTH_TOT,Total NCD Deaths,numeric,EMR,Eastern Mediterranean,Country,SYR,Year,2019,False,Sex,Both sexes,SEX_BTSX,Causes,Noncommunicable diseases,GHECAUSES_GHE060,,,,,,,77385,,,50395,,114217,77 400 [50 400-114 000],,,EN,2025-03-18T23:00:00.000Z,AIR_41,Ambient air pollution attributable deaths,numeric,EMR,Eastern Mediterranean,Country,SYR,Year,2019,True,Sex,Both sexes,SEX_BTSX,GHE cause of death codes,ALL CAUSES,GHECAUSE_GHE000000,,,,,,,8552.0,,,6287.0,,10662.0,8552 [6287-10 662],,,EN,2024-10-02T22:00:00.000Z
Saint Vincent and the Grenadines,NCD_DTH_TOT,Total NCD Deaths,numeric,AMR,Americas,Country,VCT,Year,2019,False,Sex,Both sexes,SEX_BTSX,Causes,Noncommunicable diseases,GHECAUSES_GHE060,,,,,,,770,,,622,,982,770 [620-980],,,EN,2025-03-18T23:00:00.000Z,AIR_41,Ambient air pollution attributable deaths,numeric,AMR,Americas,Country,VCT,Year,2019,True,Sex,Both sexes,SEX_BTSX,GHE cause of death codes,ALL CAUSES,GHECAUSE_GHE000000,,,,,,,35.87,,,21.58,,50.14,36 [22-50],,,EN,2024-10-02T22:00:00.000Z
Sweden,NCD_DTH_TOT,Total NCD Deaths,numeric,EUR,Europe,Country,SWE,Year,2019,False,Sex,Both sexes,SEX_BTSX,Causes,Noncommunicable diseases,GHECAUSES_GHE060,,,,,,,79492,,,60544,,102669,79 500 [60 500-103 000],,,EN,2025-03-18T23:00:00.000Z,AIR_41,Ambient air pollution attributable deaths,numeric,EUR,Europe,Country,SWE,Year,2019,True,Sex,Both sexes,SEX_BTSX,GHE cause of death codes,ALL CAUSES,GHECAUSE_GHE000000,,,,,,,2253.0,,,1370.0,,3157.0,2253 [1370-3157],,,EN,2024-10-02T22:00:00.000Z
Gabon,NCD_DTH_TOT,Total NCD Deaths,numeric,AFR,Africa,Country,GAB,Year,2019,False,Sex,Both sexes,SEX_BTSX,Causes,Noncommunicable diseases,GHECAUSES_GHE060,,,,,,,7919,,,3889,,13281,7920 [3890-13 300],,,EN,2025-03-18T23:00:00.000Z,AIR_41,Ambient air pollution attributable deaths,numeric,AFR,Africa,Country,GAB,Year,2019,True,Sex,Both sexes,SEX_BTSX,GHE cause of death codes,ALL CAUSES,GHECAUSE_GHE000000,,,,,,,566.6,,,200.9,,993.2,567 [201-993],,,EN,2024-10-02T22:00:00.000Z
United Arab Emirates,NCD_DTH_TOT,Total NCD Deaths,numeric,EMR,Eastern Mediterranean,Country,ARE,Year,2019,False,Sex,Both sexes,SEX_BTSX,Causes,Noncommunicable diseases,GHECAUSES_GHE060,,,,,,,7930,,,4707,,12623,7930 [4710-12 600],,,EN,2025-03-18T23:00:00.000Z,AIR_41,Ambient air pollution attributable deaths,numeric,EMR,Eastern Mediterranean,Country,ARE,Year,2019,True,Sex,Both sexes,SEX_BTSX,GHE cause of death codes,ALL CAUSES,GHECAUSE_GHE000000,,,,,,,1875.0,,,1463.0,,2293.0,1875 [1463-2293],,,EN,2024-10-02T22:00:00.000Z
Namibia,NCD_DTH_TOT,Total NCD Deaths,numeric,AFR,Africa,Country,NAM,Year,2019,False,Sex,Both sexes,SEX_BTSX,Causes,Noncommunicable diseases,GHECAUSES_GHE060,,,,,,,8286,,,4605,,13798,8290 [4600-13 800],,,EN,2025-03-18T23:00:00.000Z,AIR_41,Ambient air pollution attributable deaths,numeric,AFR,Africa,Country,NAM,Year,2019,True,Sex,Both sexes,SEX_BTSX,GHE cause of death codes,ALL CAUSES,GHECAUSE_GHE000000,,,,,,,547.2,,,273.4,,826.8,547 [273-827],,,EN,2024-10-02T22:00:00.000Z
Trinidad and Tobago,NCD_DTH_TOT,Total NCD Deaths,numeric,AMR,Americas,Country,TTO,Year,2019,False,Sex,Both sexes,SEX_BTSX,Causes,Noncommunicable diseases,GHECAUSES_GHE060,,,,,,,8561,,,7151,,12113,8560 [7150-12 100],,,EN,2025-03-18T23:00:00.000Z,AIR_41,Ambient air pollution attributable deaths,numeric,AMR,Americas,Country,TTO,Year,2019,True,Sex,Both sexes,SEX_BTSX,GHE cause of death codes,ALL CAUSES,GHECAUSE_GHE000000,,,,,,,354.9,,,227.1,,473.4,355 [227-473],,,EN,2024-10-02T22:00:00.000Z
Uganda,NCD_DTH_TOT,Total NCD Deaths,numeric,AFR,Africa,Country,UGA,Year,2019,False,Sex,Both sexes,SEX_BTSX,Causes,Noncommunicable diseases,GHECAUSES_GHE060,,,,,,,86917,,,37187,,131788,86 900 [37 200-132 000],,,EN,2025-03-18T23:00:00.000Z,AIR_41,Ambient air pollution attributable deaths,numeric,AFR,Africa,Country,UGA,Year,2019,True,Sex,Both sexes,SEX_BTSX,GHE cause of death codes,ALL CAUSES,GHECAUSE_GHE000000,,,,,,,9117.0,,,6170.0,,12449.0,9117 [6170-12 449],,,EN,2024-10-02T22:00:00.000Z
Saint Lucia,NCD_DTH_TOT,Total NCD Deaths,numeric,AMR,Americas,Country,LCA,Year,2019,False,Sex,Both sexes,SEX_BTSX,Causes,Noncommunicable diseases,GHECAUSES_GHE060,,,,,,,864,,,681,,1164,860 [680-1160],,,EN,2025-03-18T23:00:00.000Z,AIR_41,Ambient air pollution attributable deaths,numeric,AMR,Americas,Country,LCA,Year,2019,True,Sex,Both sexes,SEX_BTSX,GHE cause of death codes,ALL CAUSES,GHECAUSE_GHE000000,,,,,,,48.06,,,29.04,,69.5,48 [29-69],,,EN,2024-10-02T22:00:00.000Z
Germany,NCD_DTH_TOT,Total NCD Deaths,numeric,EUR,Europe,Country,DEU,Year,2019,False,Sex,Both sexes,SEX_BTSX,Causes,Noncommunicable diseases,GHECAUSES_GHE060,,,,,,,859642,,,640798,,1142141,860 000 [641 000-1 140 000],,,EN,2025-03-18T23:00:00.000Z,AIR_41,Ambient air pollution attributable deaths,numeric,EUR,Europe,Country,DEU,Year,2019,True,Sex,Both sexes,SEX_BTSX,GHE cause of death codes,ALL CAUSES,GHECAUSE_GHE000000,,,,,,,37210.0,,,25256.0,,48191.0,37 210 [25 256-48 191],,,EN,2024-10-02T22:00:00.000Z
Pakistan,NCD_DTH_TOT,Total NCD Deaths,numeric,EMR,Eastern Mediterranean,Country,PAK,Year,2019,False,Sex,Both sexes,SEX_BTSX,Causes,Noncommunicable diseases,GHECAUSES_GHE060,,,,,,,866915,,,529457,,1328091,867 000 [529 000-1 330 000],,,EN,2025-03-18T23:00:00.000Z,AIR_41,Ambient air pollution attributable deaths,numeric,EMR,Eastern Mediterranean,Country,PAK,Year,2019,True,Sex,Both sexes,SEX_BTSX,GHE cause of death codes,ALL CAUSES,GHECAUSE_GHE000000,,,,,,,141615.0,,,111132.0,,172131.0,141 615 [111 132-172 131],,,EN,2024-10-02T22:00:00.000Z
Madagascar,NCD_DTH_TOT,Total NCD Deaths,numeric,AFR,Africa,Country,MDG,Year,2019,False,Sex,Both sexes,SEX_BTSX,Causes,Noncommunicable diseases,GHECAUSES_GHE060,,,,,,,87874,,,46677,,152823,87 900 [46 700-153 000],,,EN,2025-03-18T23:00:00.000Z,AIR_41,Ambient air pollution attributable deaths,numeric,AFR,Africa,Country,MDG,Year,2019,True,Sex,Both sexes,SEX_BTSX,GHE cause of death codes,ALL CAUSES,GHECAUSE_GHE000000,,,,,,,7164.0,,,4740.0,,9962.0,7164 [4740-9962],,,EN,2024-10-02T22:00:00.000Z
China,NCD_DTH_TOT,Total NCD Deaths,numeric,WPR,Western Pacific,Country,CHN,Year,2019,False,Sex,Both sexes,SEX_BTSX,Causes,Noncommunicable diseases,GHECAUSES_GHE060,,,,,,,9925098,,,7238171,,13248740,9 930 000 [7 240 000-13 200 000],,,EN,2025-03-18T23:00:00.000Z,AIR_41,Ambient air pollution attributable deaths,numeric,WPR,Western Pacific,Country,CHN,Year,2019,True,Sex,Both sexes,SEX_BTSX,GHE cause of death codes,ALL CAUSES,GHECAUSE_GHE000000,,,,,,,1163753.0,,,908375.0,,1448771.0,1 163 753 [908 375-1 448 771],,,EN,2024-10-02T22:00:00.000Z
Yemen,NCD_DTH_TOT,Total NCD Deaths,numeric,EMR,Eastern Mediterranean,Country,YEM,Year,2019,False,Sex,Both sexes,SEX_BTSX,Causes,Noncommunicable diseases,GHECAUSES_GHE060,,,,,,,90008,,,43978,,139457,90 000 [44 000-139 000],,,EN,2025-03-18T23:00:00.000Z,AIR_41,Ambient air pollution attributable deaths,numeric,EMR,Eastern Mediterranean,Country,YEM,Year,2019,True,Sex,Both sexes,SEX_BTSX,GHE cause of death codes,ALL CAUSES,GHECAUSE_GHE000000,,,,,,,13975.0,,,8656.0,,20098.0,13 975 [8656-20 098],,,EN,2024-10-02T22:00:00.000Z
Angola,NCD_DTH_TOT,Total NCD Deaths,numeric,AFR,Africa,Country,AGO,Year,2019,False,Sex,Both sexes,SEX_BTSX,Causes,Noncommunicable diseases,GHECAUSES_GHE060,,,,,,,90100,,,45926,,150654,90 100 [45 900-151 000],,,EN,2025-03-18T23:00:00.000Z,AIR_41,Ambient air pollution attributable deaths,numeric,AFR,Africa,Country,AGO,Year,2019,True,Sex,Both sexes,SEX_BTSX,GHE cause of death codes,ALL CAUSES,GHECAUSE_GHE000000,,,,,,,8973.0,,,2338.0,,17226.0,8973 [2338-17 226],,,EN,2024-10-02T22:00:00.000Z
Cuba,NCD_DTH_TOT,Total NCD Deaths,numeric,AMR,Americas,Country,CUB,Year,2019,False,Sex,Both sexes,SEX_BTSX,Causes,Noncommunicable diseases,GHECAUSES_GHE060,,,,,,,90262,,,73068,,112982,90 300 [73 100-113 000],,,EN,2025-03-18T23:00:00.000Z,AIR_41,Ambient air pollution attributable deaths,numeric,AMR,Americas,Country,CUB,Year,2019,True,Sex,Both sexes,SEX_BTSX,GHE cause of death codes,ALL CAUSES,GHECAUSE_GHE000000,,,,,,,6851.0,,,4357.0,,9602.0,6851 [4357-9602],,,EN,2024-10-02T22:00:00.000Z
Mauritius,NCD_DTH_TOT,Total NCD Deaths,numeric,AFR,Africa,Country,MUS,Year,2019,False,Sex,Both sexes,SEX_BTSX,Causes,Noncommunicable diseases,GHECAUSES_GHE060,,,,,,,9179,,,7604,,11943,9180 [7600-11 900],,,EN,2025-03-18T23:00:00.000Z,AIR_41,Ambient air pollution attributable deaths,numeric,AFR,Africa,Country,MUS,Year,2019,True,Sex,Both sexes,SEX_BTSX,GHE cause of death codes,ALL CAUSES,GHECAUSE_GHE000000,,,,,,,479.9,,,316.3,,647.3,480 [316-647],,,EN,2024-10-02T22:00:00.000Z
Belgium,NCD_DTH_TOT,Total NCD Deaths,numeric,EUR,Europe,Country,BEL,Year,2019,False,Sex,Both sexes,SEX_BTSX,Causes,Noncommunicable diseases,GHECAUSES_GHE060,,,,,,,92496,,,67573,,124272,92 500 [67 600-124 000],,,EN,2025-03-18T23:00:00.000Z,AIR_41,Ambient air pollution attributable deaths,numeric,EUR,Europe,Country,BEL,Year,2019,True,Sex,Both sexes,SEX_BTSX,GHE cause of death codes,ALL CAUSES,GHECAUSE_GHE000000,,,,,,,4884.0,,,3492.0,,6365.0,4884 [3492-6365],,,EN,2024-10-02T22:00:00.000Z
Chile,NCD_DTH_TOT,Total NCD Deaths,numeric,AMR,Americas,Country,CHL,Year,2019,False,Sex,Both sexes,SEX_BTSX,Causes,Noncommunicable diseases,GHECAUSES_GHE060,,,,,,,94454,,,69856,,119006,94 500 [69 900-119 000],,,EN,2025-03-18T23:00:00.000Z,AIR_41,Ambient air pollution attributable deaths,numeric,AMR,Americas,Country,CHL,Year,2019,True,Sex,Both sexes,SEX_BTSX,GHE cause of death codes,ALL CAUSES,GHECAUSE_GHE000000,,,,,,,5169.0,,,3971.0,,6441.0,5169 [3971-6441],,,EN,2024-10-02T22:00:00.000Z
Mozambique,NCD_DTH_TOT,Total NCD Deaths,numeric,AFR,Africa,Country,MOZ,Year,2019,False,Sex,Both sexes,SEX_BTSX,Causes,Noncommunicable diseases,GHECAUSES_GHE060,,,,,,,94645,,,49871,,170064,94 600 [49 900-170 000],,,EN,2025-03-18T23:00:00.000Z,AIR_41,Ambient air pollution attributable deaths,numeric,AFR,Africa,Country,MOZ,Year,2019,True,Sex,Both sexes,SEX_BTSX,GHE cause of death codes,ALL CAUSES,GHECAUSE_GHE000000,,,,,,,8860.0,,,4552.0,,13045.0,8860 [4552-13 045],,,EN,2024-10-02T22:00:00.000Z
Serbia,NCD_DTH_TOT,Total NCD Deaths,numeric,EUR,Europe,Country,SRB,Year,2019,False,Sex,Both sexes,SEX_BTSX,Causes,Noncommunicable diseases,GHECAUSES_GHE060,,,,,,,96520,,,74195,,136136,96 500 [74 200-136 000],,,EN,2025-03-18T23:00:00.000Z,AIR_41,Ambient air pollution attributable deaths,numeric,EUR,Europe,Country,SRB,Year,2019,True,Sex,Both sexes,SEX_BTSX,GHE cause of death codes,ALL CAUSES,GHECAUSE_GHE000000,,,,,,,8487.0,,,6427.0,,10465.0,8487 [6427-10 465],,,EN,2024-10-02T22:00:00.000Z
Ghana,NCD_DTH_TOT,Total NCD Deaths,numeric,AFR,Africa,Country,GHA,Year,2019,False,Sex,Both sexes,SEX_BTSX,Causes,Noncommunicable diseases,GHECAUSES_GHE060,,,,,,,98448,,,54951,,159306,98 400 [55 000-159 000],,,EN,2025-03-18T23:00:00.000Z,AIR_41,Ambient air pollution attributable deaths,numeric,AFR,Africa,Country,GHA,Year,2019,True,Sex,Both sexes,SEX_BTSX,GHE cause of death codes,ALL CAUSES,GHECAUSE_GHE000000,,,,,,,12328.0,,,9317.0,,15503.0,12 328 [9317-15 503],,,EN,2024-10-02T22:00:00.000Z
