Location,WHO region,World Bank income group,Period,Sex,FactValueNumeric,Comments,ParentLocation,IndicatorCode,Indicator,ValueType,ParentLocationCode,ParentLocationr,Location type,SpatialDimValueCode,Period type,Periodr,IsLatestYear,Dim1 type,Dim1,Dim1ValueCode,Dim2 type,Dim2,Dim2ValueCode,Dim3 type,Dim3,Dim3ValueCode,DataSourceDimValueCode,DataSource,FactValueNumericPrefix,FactValueNumericr,FactValueUoM,FactValueNumericLowPrefix,FactValueNumericLow,FactValueNumericHighPrefix,FactValueNumericHigh,Value,FactValueTranslationID,FactComments,Language,DateModified
Afghanistan,,,2019,Both sexes,881.2331,,Eastern Mediterranean,AIR_42,"Ambient air pollution attributable death rate (per 100 000 population, age-standardized)",numeric,EMR,Eastern Mediterranean,Country,AFG,Year,2019,True,Sex,Both sexes,SEX_BTSX,GHE cause of death codes,ALL CAUSES,GHECAUSE_GHE000000,,,,,,,144.7,,,112.8,,180.3,145 [113-180],,,EN,2024-10-02T22:00:00.000Z
Albania,,,2019,Both sexes,601.9095,,Europe,AIR_42,"Ambient air pollution attributable death rate (per 100 000 population, age-standardized)",numeric,EUR,Europe,Country,ALB,Year,2019,True,Sex,Both sexes,SEX_BTSX,GHE cause of death codes,ALL CAUSES,GHECAUSE_GHE000000,,,,,,,59.16,,,42.62,,76.06,59 [43-76],,,EN,2024-10-02T22:00:00.000Z
Algeria,,,2019,Both sexes,445.7562,,Africa,AIR_42,"Ambient air pollution attributable death rate (per 100 000 population, age-standardized)",numeric,AFR,Africa,Country,DZA,Year,2019,True,Sex,Both sexes,SEX_BTSX,GHE cause of death codes,ALL CAUSES,GHECAUSE_GHE000000,,,,,,,48.45,,,32.72,,63.86,48 [33-64],,,EN,2024-10-02T22:00:00.000Z
Angola,,,2019,Both sexes,621.198,,Africa,AIR_42,"Ambient air pollution attributable death rate (per 100 000 population, age-standardized)",numeric,AFR,Africa,Country,AGO,Year,2019,True,Sex,Both sexes,SEX_BTSX,GHE cause of death codes,ALL CAUSES,GHECAUSE_GHE000000,,,,,,,61.93,,,18.95,,111.7,62 [19-112],,,EN,2024-10-02T22:00:00.000Z
Antigua and Barbuda,,,2019,Both sexes,501.1122,,Americas,AIR_42,"Ambient air pollution attributable death rate (per 100 000 population, age-standardized)",numeric,AMR,Americas,Country,ATG,Year,2019,True,Sex,Both sexes,SEX_BTSX,GHE cause of death codes,ALL CAUSES,GHECAUSE_GHE000000,,,,,,,19.28,,,11.09,,28.07,19 [11-28],,,EN,2024-10-02T22:00:00.000Z
Argentina,,,2019,Both sexes,435.1655,,Americas,AIR_42,"Ambient air pollution attributable death rate (per 100 000 population, age-standardized)",numeric,AMR,Americas,Country,ARG,Year,2019,True,Sex,Both sexes,SEX_BTSX,GHE cause of death codes,ALL CAUSES,GHECAUSE_GHE000000,,,,,,,28.53,,,18.75,,38.97,29 [19-39],,,EN,2024-10-02T22:00:00.000Z
Armenia,,,2019,Both sexes,525.8599,,Europe,AIR_42,"Ambient air pollution attributable death rate (per 100 000 population, age-standardized)",numeric,EUR,Europe,Country,ARM,Year,2019,True,Sex,Both sexes,SEX_BTSX,GHE cause of death codes,ALL CAUSES,GHECAUSE_GHE000000,,,,,,,69.9,,,51.53,,87.22,70 [52-87],,,EN,2024-10-02T22:00:00.000Z
Australia,,,2019,Both sexes,278.5359,,Western Pacific,AIR_42,"Ambient air pollution attributable death rate (per 100 000 population, age-standardized)",numeric,WPR,Western Pacific,Country,AUS,Year,2019,True,Sex,Both sexes,SEX_BTSX,GHE cause of death codes,ALL CAUSES,GHECAUSE_GHE000000,,,,,,,9.81,,,6.6,,13.1,10 [7-13],,,EN,2024-10-02T22:00:00.000Z
Austria,,,2019,Both sexes,329.3742,,Europe,AIR_42,"Ambient air pollution attributable death rate (per 100 000 population, age-standardized)",numeric,EUR,Europe,Country,AUT,Year,2019,True,Sex,Both sexes,SEX_BTSX,GHE cause of death codes,ALL CAUSES,GHECAUSE_GHE000000,,,,,,,17.49,,,11.97,,22.84,17 [12-23],,,EN,2024-10-02T22:00:00.000Z
Azerbaijan,,,2019,Both sexes,839.4475,,Europe,AIR_42,"Ambient air pollution attributable death rate (per 100 000 population, age-standardized)",numeric,EUR,Europe,Country,AZE,Year,2019,True,Sex,Both sexes,SEX_BTSX,GHE cause of death codes,ALL CAUSES,GHECAUSE_GHE000000,,,,,,,113.7,,,76.18,,148.3,114 [76-148],,,EN,2024-10-02T22:00:00.000Z
Bahamas,,,2019,Both sexes,532.2753,,Americas,AIR_42,"Ambient air pollution attributable death rate (per 100 000 population, age-standardized)",numeric,AMR,Americas,Country,BHS,Year,2019,True,Sex,Both sexes,SEX_BTSX,GHE cause of death codes,ALL CAUSES,GHECAUSE_GHE000000,,,,,,,10.42,,,0.0,,20.8,10 [0-21],,,EN,2024-10-02T22:00:00.000Z
Bahrain,,,2019,Both sexes,644.3488,,Eastern Mediterranean,AIR_42,"Ambient air pollution attributable death rate (per 100 000 population, age-standardized)",numeric,EMR,Eastern Mediterranean,Country,BHR,Year,2019,True,Sex,Both sexes,SEX_BTSX,GHE cause of death codes,ALL CAUSES,GHECAUSE_GHE000000,,,,,,,68.15,,,53.36,,82.02,68 [53-82],,,EN,2024-10-02T22:00:00.000Z
Bangladesh,,,2019,Both sexes,473.6921,,South-East Asia,AIR_42,"Ambient air pollution attributable death rate (per 100 000 population, age-standardized)",numeric,SEAR,South-East Asia,Country,BGD,Year,2019,True,Sex,Both sexes,SEX_BTSX,GHE cause of death codes,ALL CAUSES,GHECAUSE_GHE000000,,,,,,,66.36,,,51.63,,82.96,66 [52-83],,,EN,2024-10-02T22:00:00.000Z
Barbados,,,2019,Both sexes,475.9204,,Americas,AIR_42,"Ambient air pollution attributable death rate (per 100 000 population, age-standardized)",numeric,AMR,Americas,Country,BRB,Year,2019,True,Sex,Both sexes,SEX_BTSX,GHE cause of death codes,ALL CAUSES,GHECAUSE_GHE000000,,,,,,,18.84,,,11.62,,27.2,19 [12-27],,,EN,2024-10-02T22:00:00.000Z
Belarus,,,2019,Both sexes,607.9959,,Europe,AIR_42,"Ambient air pollution attributable death rate (per 100 000 population, age-standardized)",numeric,EUR,Europe,Country,BLR,Year,2019,True,Sex,Both sexes,SEX_BTSX,GHE cause of death codes,ALL CAUSES,GHECAUSE_GHE000000,,,,,,,67.63,,,44.81,,86.74,68 [45-87],,,EN,2024-10-02T22:00:00.000Z
Belgium,,,2019,Both sexes,319.4781,,Europe,AIR_42,"Ambient air pollution attributable death rate (per 100 000 population, age-standardized)",numeric,EUR,Europe,Country,BEL,Year,2019,True,Sex,Both sexes,SEX_BTSX,GHE cause of death codes,ALL CAUSES,GHECAUSE_GHE000000,,,,,,,15.35,,,11.0,,19.96,15 [11-20],,,EN,2024-10-02T22:00:00.000Z
Belize,,,2019,Both sexes,451.3149,,Americas,AIR_42,"Ambient air pollution attributable death rate (per 100 000 population, age-standardized)",numeric,AMR,Americas,Country,BLZ,Year,2019,True,Sex,Both sexes,SEX_BTSX,GHE cause of death codes,ALL CAUSES,GHECAUSE_GHE000000,,,,,,,21.12,,,2.84,,35.62,21 [3-36],,,EN,2024-10-02T22:00:00.000Z
Benin,,,2019,Both sexes,634.4233,,Africa,AIR_42,"Ambient air pollution attributable death rate (per 100 000 population, age-standardized)",numeric,AFR,Africa,Country,BEN,Year,2019,True,Sex,Both sexes,SEX_BTSX,GHE cause of death codes,ALL CAUSES,GHECAUSE_GHE000000,,,,,,,79.04,,,57.49,,102.4,79 [57-102],,,EN,2024-10-02T22:00:00.000Z
Bhutan,,,2019,Both sexes,545.5936,,South-East Asia,AIR_42,"Ambient air pollution attributable death rate (per 100 000 population, age-standardized)",numeric,SEAR,South-East Asia,Country,BTN,Year,2019,True,Sex,Both sexes,SEX_BTSX,GHE cause of death codes,ALL CAUSES,GHECAUSE_GHE000000,,,,,,,57.21,,,42.0,,74.36,57 [42-74],,,EN,2024-10-02T22:00:00.000Z
Bolivia (Plurinational State of),,,2019,Both sexes,583.2935,,Americas,AIR_42,"Ambient air pollution attributable death rate (per 100 000 population, age-standardized)",numeric,AMR,Americas,Country,BOL,Year,2019,True,Sex,Both sexes,SEX_BTSX,GHE cause of death codes,ALL CAUSES,GHECAUSE_GHE000000,,,,,,,54.43,,,39.29,,69.49,54 [39-69],,,EN,2024-10-02T22:00:00.000Z
Bosnia and Herzegovina,,,2019,Both sexes,550.9266,,Europe,AIR_42,"Ambient air pollution attributable death rate (per 100 000 population, age-standardized)",numeric,EUR,Europe,Country,BIH,Year,2019,True,Sex,Both sexes,SEX_BTSX,GHE cause of death codes,ALL CAUSES,GHECAUSE_GHE000000,,,,,,,55.05,,,42.19,,67.86,55 [42-68],,,EN,2024-10-02T22:00:00.000Z
Botswana,,,2019,Both sexes,728.2663,,Africa,AIR_42,"Ambient air pollution attributable death rate (per 100 000 population, age-standardized)",numeric,AFR,Africa,Country,BWA,Year,2019,True,Sex,Both sexes,SEX_BTSX,GHE cause of death codes,ALL CAUSES,GHECAUSE_GHE000000,,,,,,,55.43,,,34.48,,76.68,55 [34-77],,,EN,2024-10-02T22:00:00.000Z
Brazil,,,2019,Both sexes,424.4876,,Americas,AIR_42,"Ambient air pollution attributable death rate (per 100 000 population, age-standardized)",numeric,AMR,Americas,Country,BRA,Year,2019,True,Sex,Both sexes,SEX_BTSX,GHE cause of death codes,ALL CAUSES,GHECAUSE_GHE000000,,,,,,,22.78,,,15.74,,30.48,23 [16-30],,,EN,2024-10-02T22:00:00.000Z
Brunei Darussalam,,,2019,Both sexes,629.4689,,Western Pacific,AIR_42,"Ambient air pollution attributable death rate (per 100 000 population, age-standardized)",numeric,WPR,Western Pacific,Country,BRN,Year,2019,True,Sex,Both sexes,SEX_BTSX,GHE cause of death codes,ALL CAUSES,GHECAUSE_GHE000000,,,,,,,19.61,,,11.67,,28.95,20 [12-29],,,EN,2024-10-02T22:00:00.000Z
Bulgaria,,,2019,Both sexes,616.4898,,Europe,AIR_42,"Ambient air pollution attributable death rate (per 100 000 population, age-standardized)",numeric,EUR,Europe,Country,BGR,Year,2019,True,Sex,Both sexes,SEX_BTSX,GHE cause of death codes,ALL CAUSES,GHECAUSE_GHE000000,,,,,,,62.97,,,44.79,,79.37,63 [45-79],,,EN,2024-10-02T22:00:00.000Z
Burkina Faso,,,2019,Both sexes,647.7739,,Africa,AIR_42,"Ambient air pollution attributable death rate (per 100 000 population, age-standardized)",numeric,AFR,Africa,Country,BFA,Year,2019,True,Sex,Both sexes,SEX_BTSX,GHE cause of death codes,ALL CAUSES,GHECAUSE_GHE000000,,,,,,,86.88,,,53.43,,125.7,87 [53-126],,,EN,2024-10-02T22:00:00.000Z
Burundi,,,2019,Both sexes,651.5939,,Africa,AIR_42,"Ambient air pollution attributable death rate (per 100 000 population, age-standardized)",numeric,AFR,Africa,Country,BDI,Year,2019,True,Sex,Both sexes,SEX_BTSX,GHE cause of death codes,ALL CAUSES,GHECAUSE_GHE000000,,,,,,,72.59,,,39.3,,112.4,73 [39-112],,,EN,2024-10-02T22:00:00.000Z
Cabo Verde,,,2019,Both sexes,512.8106,,Africa,AIR_42,"Ambient air pollution attributable death rate (per 100 000 population, age-standardized)",numeric,AFR,Africa,Country,CPV,Year,2019,True,Sex,Both sexes,SEX_BTSX,GHE cause of death codes,ALL CAUSES,GHECAUSE_GHE000000,,,,,,,59.36,,,39.81,,80.42,59 [40-80],,,EN,2024-10-02T22:00:00.000Z
Cambodia,,,2019,Both sexes,652.4398,,Western Pacific,AIR_42,"Ambient air pollution attributable death rate (per 100 000 population, age-standardized)",numeric,WPR,Western Pacific,Country,KHM,Year,2019,True,Sex,Both sexes,SEX_BTSX,GHE cause of death codes,ALL CAUSES,GHECAUSE_GHE000000,,,,,,,60.23,,,45.28,,76.18,60 [45-76],,,EN,2024-10-02T22:00:00.000Z
Cameroon,,,2019,Both sexes,660.5367,,Africa,AIR_42,"Ambient air pollution attributable death rate (per 100 000 population, age-standardized)",numeric,AFR,Africa,Country,CMR,Year,2019,True,Sex,Both sexes,SEX_BTSX,GHE cause of death codes,ALL CAUSES,GHECAUSE_GHE000000,,,,,,,103.0,,,79.67,,128.6,103 [80-129],,,EN,2024-10-02T22:00:00.000Z
Canada,,,2019,Both sexes,301.3001,,Americas,AIR_42,"Ambient air pollution attributable death rate (per 100 000 population, age-standardized)",numeric,AMR,Americas,Country,CAN,Year,2019,True,Sex,Both sexes,SEX_BTSX,GHE cause of death codes,ALL CAUSES,GHECAUSE_GHE000000,,,,,,,8.11,,,4.98,,11.06,8 [5-11],,,EN,2024-10-02T22:00:00.000Z
Central African Republic,,,2019,Both sexes,911.1475,,Africa,AIR_42,"Ambient air pollution attributable death rate (per 100 000 population, age-standardized)",numeric,AFR,Africa,Country,CAF,Year,2019,True,Sex,Both sexes,SEX_BTSX,GHE cause of death codes,ALL CAUSES,GHECAUSE_GHE000000,,,,,,,99.92,,,30.95,,176.3,100 [31-176],,,EN,2024-10-02T22:00:00.000Z
Chad,,,2019,Both sexes,626.21,,Africa,AIR_42,"Ambient air pollution attributable death rate (per 100 000 population, age-standardized)",numeric,AFR,Africa,Country,TCD,Year,2019,True,Sex,Both sexes,SEX_BTSX,GHE cause of death codes,ALL CAUSES,GHECAUSE_GHE000000,,,,,,,100.7,,,70.77,,135.7,101 [71-136],,,EN,2024-10-02T22:00:00.000Z
Chile,,,2019,Both sexes,328.526,,Americas,AIR_42,"Ambient air pollution attributable death rate (per 100 000 population, age-standardized)",numeric,AMR,Americas,Country,CHL,Year,2019,True,Sex,Both sexes,SEX_BTSX,GHE cause of death codes,ALL CAUSES,GHECAUSE_GHE000000,,,,,,,17.9,,,13.79,,22.27,18 [14-22],,,EN,2024-10-02T22:00:00.000Z
China,,,2019,Both sexes,491.525,,Western Pacific,AIR_42,"Ambient air pollution attributable death rate (per 100 000 population, age-standardized)",numeric,WPR,Western Pacific,Country,CHN,Year,2019,True,Sex,Both sexes,SEX_BTSX,GHE cause of death codes,ALL CAUSES,GHECAUSE_GHE000000,,,,,,,64.06,,,49.99,,79.77,64 [50-80],,,EN,2024-10-02T22:00:00.000Z
Colombia,,,2019,Both sexes,326.0131,,Americas,AIR_42,"Ambient air pollution attributable death rate (per 100 000 population, age-standardized)",numeric,AMR,Americas,Country,COL,Year,2019,True,Sex,Both sexes,SEX_BTSX,GHE cause of death codes,ALL CAUSES,GHECAUSE_GHE000000,,,,,,,23.7,,,16.68,,30.92,24 [17-31],,,EN,2024-10-02T22:00:00.000Z
Comoros,,,2019,Both sexes,577.9128,,Africa,AIR_42,"Ambient air pollution attributable death rate (per 100 000 population, age-standardized)",numeric,AFR,Africa,Country,COM,Year,2019,True,Sex,Both sexes,SEX_BTSX,GHE cause of death codes,ALL CAUSES,GHECAUSE_GHE000000,,,,,,,46.61,,,25.13,,69.41,47 [25-69],,,EN,2024-10-02T22:00:00.000Z
Congo,,,2019,Both sexes,642.8678,,Africa,AIR_42,"Ambient air pollution attributable death rate (per 100 000 population, age-standardized)",numeric,AFR,Africa,Country,COG,Year,2019,True,Sex,Both sexes,SEX_BTSX,GHE cause of death codes,ALL CAUSES,GHECAUSE_GHE000000,,,,,,,66.62,,,22.0,,120.6,67 [22-121],,,EN,2024-10-02T22:00:00.000Z
Costa Rica,,,2019,Both sexes,309.2164,,Americas,AIR_42,"Ambient air pollution attributable death rate (per 100 000 population, age-standardized)",numeric,AMR,Americas,Country,CRI,Year,2019,True,Sex,Both sexes,SEX_BTSX,GHE cause of death codes,ALL CAUSES,GHECAUSE_GHE000000,,,,,,,14.8,,,10.57,,19.3,15 [11-19],,,EN,2024-10-02T22:00:00.000Z
Croatia,,,2019,Both sexes,443.7244,,Europe,AIR_42,"Ambient air pollution attributable death rate (per 100 000 population, age-standardized)",numeric,EUR,Europe,Country,HRV,Year,2019,True,Sex,Both sexes,SEX_BTSX,GHE cause of death codes,ALL CAUSES,GHECAUSE_GHE000000,,,,,,,31.35,,,22.63,,39.48,31 [23-39],,,EN,2024-10-02T22:00:00.000Z
Cuba,,,2019,Both sexes,431.2169,,Americas,AIR_42,"Ambient air pollution attributable death rate (per 100 000 population, age-standardized)",numeric,AMR,Americas,Country,CUB,Year,2019,True,Sex,Both sexes,SEX_BTSX,GHE cause of death codes,ALL CAUSES,GHECAUSE_GHE000000,,,,,,,30.83,,,19.62,,43.25,31 [20-43],,,EN,2024-10-02T22:00:00.000Z
Cyprus,,,2019,Both sexes,284.164,,Europe,AIR_42,"Ambient air pollution attributable death rate (per 100 000 population, age-standardized)",numeric,EUR,Europe,Country,CYP,Year,2019,True,Sex,Both sexes,SEX_BTSX,GHE cause of death codes,ALL CAUSES,GHECAUSE_GHE000000,,,,,,,15.76,,,11.35,,20.16,16 [11-20],,,EN,2024-10-02T22:00:00.000Z
Czechia,,,2019,Both sexes,416.7531,,Europe,AIR_42,"Ambient air pollution attributable death rate (per 100 000 population, age-standardized)",numeric,EUR,Europe,Country,CZE,Year,2019,True,Sex,Both sexes,SEX_BTSX,GHE cause of death codes,ALL CAUSES,GHECAUSE_GHE000000,,,,,,,32.53,,,23.0,,40.94,33 [23-41],,,EN,2024-10-02T22:00:00.000Z
Democratic People's Republic of Korea,,,2019,Both sexes,597.0314,,South-East Asia,AIR_42,"Ambient air pollution attributable death rate (per 100 000 population, age-standardized)",numeric,SEAR,South-East Asia,Country,PRK,Year,2019,True,Sex,Both sexes,SEX_BTSX,GHE cause of death codes,ALL CAUSES,GHECAUSE_GHE000000,,,,,,,86.18,,,63.79,,111.7,86 [64-112],,,EN,2024-10-02T22:00:00.000Z
Democratic Republic of the Congo,,,2019,Both sexes,652.8545,,Africa,AIR_42,"Ambient air pollution attributable death rate (per 100 000 population, age-standardized)",numeric,AFR,Africa,Country,COD,Year,2019,True,Sex,Both sexes,SEX_BTSX,GHE cause of death codes,ALL CAUSES,GHECAUSE_GHE000000,,,,,,,72.54,,,25.97,,130.1,73 [26-130],,,EN,2024-10-02T22:00:00.000Z
Denmark,,,2019,Both sexes,342.9413,,Europe,AIR_42,"Ambient air pollution attributable death rate (per 100 000 population, age-standardized)",numeric,EUR,Europe,Country,DNK,Year,2019,True,Sex,Both sexes,SEX_BTSX,GHE cause of death codes,ALL CAUSES,GHECAUSE_GHE000000,,,,,,,12.89,,,8.82,,17.73,13 [9-18],,,EN,2024-10-02T22:00:00.000Z
Djibouti,,,2019,Both sexes,610.9455,,Eastern Mediterranean,AIR_42,"Ambient air pollution attributable death rate (per 100 000 population, age-standardized)",numeric,EMR,Eastern Mediterranean,Country,DJI,Year,2019,True,Sex,Both sexes,SEX_BTSX,GHE cause of death codes,ALL CAUSES,GHECAUSE_GHE000000,,,,,,,59.76,,,29.37,,91.23,60 [29-91],,,EN,2024-10-02T22:00:00.000Z
Dominican Republic,,,2019,Both sexes,506.4565,,Americas,AIR_42,"Ambient air pollution attributable death rate (per 100 000 population, age-standardized)",numeric,AMR,Americas,Country,DOM,Year,2019,True,Sex,Both sexes,SEX_BTSX,GHE cause of death codes,ALL CAUSES,GHECAUSE_GHE000000,,,,,,,26.94,,,7.62,,41.94,27 [8-42],,,EN,2024-10-02T22:00:00.000Z
Ecuador,,,2019,Both sexes,364.6559,,Americas,AIR_42,"Ambient air pollution attributable death rate (per 100 000 population, age-standardized)",numeric,AMR,Americas,Country,ECU,Year,2019,True,Sex,Both sexes,SEX_BTSX,GHE cause of death codes,ALL CAUSES,GHECAUSE_GHE000000,,,,,,,22.76,,,16.58,,29.25,23 [17-29],,,EN,2024-10-02T22:00:00.000Z
Egypt,,,2019,Both sexes,733.7957,,Eastern Mediterranean,AIR_42,"Ambient air pollution attributable death rate (per 100 000 population, age-standardized)",numeric,EMR,Eastern Mediterranean,Country,EGY,Year,2019,True,Sex,Both sexes,SEX_BTSX,GHE cause of death codes,ALL CAUSES,GHECAUSE_GHE000000,,,,,,,104.9,,,79.4,,130.0,105 [79-130],,,EN,2024-10-02T22:00:00.000Z
El Salvador,,,2019,Both sexes,392.6714,,Americas,AIR_42,"Ambient air pollution attributable death rate (per 100 000 population, age-standardized)",numeric,AMR,Americas,Country,SLV,Year,2019,True,Sex,Both sexes,SEX_BTSX,GHE cause of death codes,ALL CAUSES,GHECAUSE_GHE000000,,,,,,,31.06,,,21.22,,40.19,31 [21-40],,,EN,2024-10-02T22:00:00.000Z
Equatorial Guinea,,,2019,Both sexes,637.1171,,Africa,AIR_42,"Ambient air pollution attributable death rate (per 100 000 population, age-standardized)",numeric,AFR,Africa,Country,GNQ,Year,2019,True,Sex,Both sexes,SEX_BTSX,GHE cause of death codes,ALL CAUSES,GHECAUSE_GHE000000,,,,,,,60.01,,,17.87,,104.9,60 [18-105],,,EN,2024-10-02T22:00:00.000Z
Eritrea,,,2019,Both sexes,713.5643,,Africa,AIR_42,"Ambient air pollution attributable death rate (per 100 000 population, age-standardized)",numeric,AFR,Africa,Country,ERI,Year,2019,True,Sex,Both sexes,SEX_BTSX,GHE cause of death codes,ALL CAUSES,GHECAUSE_GHE000000,,,,,,,78.9,,,39.8,,124.7,79 [40-125],,,EN,2024-10-02T22:00:00.000Z
Estonia,,,2019,Both sexes,426.4981,,Europe,AIR_42,"Ambient air pollution attributable death rate (per 100 000 population, age-standardized)",numeric,EUR,Europe,Country,EST,Year,2019,True,Sex,Both sexes,SEX_BTSX,GHE cause of death codes,ALL CAUSES,GHECAUSE_GHE000000,,,,,,,12.8,,,7.27,,18.29,13 [7-18],,,EN,2024-10-02T22:00:00.000Z
Eswatini,,,2019,Both sexes,917.1078,,Africa,AIR_42,"Ambient air pollution attributable death rate (per 100 000 population, age-standardized)",numeric,AFR,Africa,Country,SWZ,Year,2019,True,Sex,Both sexes,SEX_BTSX,GHE cause of death codes,ALL CAUSES,GHECAUSE_GHE000000,,,,,,,66.03,,,43.95,,88.89,66 [44-89],,,EN,2024-10-02T22:00:00.000Z
Ethiopia,,,2019,Both sexes,511.2582,,Africa,AIR_42,"Ambient air pollution attributable death rate (per 100 000 population, age-standardized)",numeric,AFR,Africa,Country,ETH,Year,2019,True,Sex,Both sexes,SEX_BTSX,GHE cause of death codes,ALL CAUSES,GHECAUSE_GHE000000,,,,,,,47.56,,,31.41,,62.69,48 [31-63],,,EN,2024-10-02T22:00:00.000Z
Fiji,,,2019,Both sexes,923.4328,,Western Pacific,AIR_42,"Ambient air pollution attributable death rate (per 100 000 population, age-standardized)",numeric,WPR,Western Pacific,Country,FJI,Year,2019,True,Sex,Both sexes,SEX_BTSX,GHE cause of death codes,ALL CAUSES,GHECAUSE_GHE000000,,,,,,,36.93,,,4.96,,61.16,37 [5-61],,,EN,2024-10-02T22:00:00.000Z
Finland,,,2019,Both sexes,334.3098,,Europe,AIR_42,"Ambient air pollution attributable death rate (per 100 000 population, age-standardized)",numeric,EUR,Europe,Country,FIN,Year,2019,True,Sex,Both sexes,SEX_BTSX,GHE cause of death codes,ALL CAUSES,GHECAUSE_GHE000000,,,,,,,7.45,,,4.05,,10.66,7 [4-11],,,EN,2024-10-02T22:00:00.000Z
France,,,2019,Both sexes,290.0675,,Europe,AIR_42,"Ambient air pollution attributable death rate (per 100 000 population, age-standardized)",numeric,EUR,Europe,Country,FRA,Year,2019,True,Sex,Both sexes,SEX_BTSX,GHE cause of death codes,ALL CAUSES,GHECAUSE_GHE000000,,,,,,,10.03,,,7.28,,13.02,10 [7-13],,,EN,2024-10-02T22:00:00.000Z
Gabon,,,2019,Both sexes,613.2721,,Africa,AIR_42,"Ambient air pollution attributable death rate (per 100 000 population, age-standardized)",numeric,AFR,Africa,Country,GAB,Year,2019,True,Sex,Both sexes,SEX_BTSX,GHE cause of death codes,ALL CAUSES,GHECAUSE_GHE000000,,,,,,,53.38,,,19.64,,91.47,53 [20-91],,,EN,2024-10-02T22:00:00.000Z
Gambia,,,2019,Both sexes,595.4962,,Africa,AIR_42,"Ambient air pollution attributable death rate (per 100 000 population, age-standardized)",numeric,AFR,Africa,Country,GMB,Year,2019,True,Sex,Both sexes,SEX_BTSX,GHE cause of death codes,ALL CAUSES,GHECAUSE_GHE000000,,,,,,,91.48,,,63.84,,121.0,91 [64-121],,,EN,2024-10-02T22:00:00.000Z
Georgia,,,2019,Both sexes,695.3605,,Europe,AIR_42,"Ambient air pollution attributable death rate (per 100 000 population, age-standardized)",numeric,EUR,Europe,Country,GEO,Year,2019,True,Sex,Both sexes,SEX_BTSX,GHE cause of death codes,ALL CAUSES,GHECAUSE_GHE000000,,,,,,,69.19,,,49.13,,88.71,69 [49-89],,,EN,2024-10-02T22:00:00.000Z
Germany,,,2019,Both sexes,329.293,,Europe,AIR_42,"Ambient air pollution attributable death rate (per 100 000 population, age-standardized)",numeric,EUR,Europe,Country,DEU,Year,2019,True,Sex,Both sexes,SEX_BTSX,GHE cause of death codes,ALL CAUSES,GHECAUSE_GHE000000,,,,,,,14.73,,,10.07,,19.18,15 [10-19],,,EN,2024-10-02T22:00:00.000Z
Ghana,,,2019,Both sexes,618.2837,,Africa,AIR_42,"Ambient air pollution attributable death rate (per 100 000 population, age-standardized)",numeric,AFR,Africa,Country,GHA,Year,2019,True,Sex,Both sexes,SEX_BTSX,GHE cause of death codes,ALL CAUSES,GHECAUSE_GHE000000,,,,,,,90.27,,,68.65,,113.8,90 [69-114],,,EN,2024-10-02T22:00:00.000Z
Greece,,,2019,Both sexes,329.0385,,Europe,AIR_42,"Ambient air pollution attributable death rate (per 100 000 population, age-standardized)",numeric,EUR,Europe,Country,GRC,Year,2019,True,Sex,Both sexes,SEX_BTSX,GHE cause of death codes,ALL CAUSES,GHECAUSE_GHE000000,,,,,,,23.05,,,17.42,,28.83,23 [17-29],,,EN,2024-10-02T22:00:00.000Z
Grenada,,,2019,Both sexes,617.9438,,Americas,AIR_42,"Ambient air pollution attributable death rate (per 100 000 population, age-standardized)",numeric,AMR,Americas,Country,GRD,Year,2019,True,Sex,Both sexes,SEX_BTSX,GHE cause of death codes,ALL CAUSES,GHECAUSE_GHE000000,,,,,,,30.37,,,19.62,,40.87,30 [20-41],,,EN,2024-10-02T22:00:00.000Z
Guatemala,,,2019,Both sexes,496.5364,,Americas,AIR_42,"Ambient air pollution attributable death rate (per 100 000 population, age-standardized)",numeric,AMR,Americas,Country,GTM,Year,2019,True,Sex,Both sexes,SEX_BTSX,GHE cause of death codes,ALL CAUSES,GHECAUSE_GHE000000,,,,,,,40.41,,,29.62,,51.4,40 [30-51],,,EN,2024-10-02T22:00:00.000Z
Guinea,,,2019,Both sexes,660.1686,,Africa,AIR_42,"Ambient air pollution attributable death rate (per 100 000 population, age-standardized)",numeric,AFR,Africa,Country,GIN,Year,2019,True,Sex,Both sexes,SEX_BTSX,GHE cause of death codes,ALL CAUSES,GHECAUSE_GHE000000,,,,,,,96.71,,,67.33,,130.1,97 [67-130],,,EN,2024-10-02T22:00:00.000Z
Guinea-Bissau,,,2019,Both sexes,672.0589,,Africa,AIR_42,"Ambient air pollution attributable death rate (per 100 000 population, age-standardized)",numeric,AFR,Africa,Country,GNB,Year,2019,True,Sex,Both sexes,SEX_BTSX,GHE cause of death codes,ALL CAUSES,GHECAUSE_GHE000000,,,,,,,90.92,,,61.42,,125.8,91 [61-126],,,EN,2024-10-02T22:00:00.000Z
Guyana,,,2019,Both sexes,800.5491,,Americas,AIR_42,"Ambient air pollution attributable death rate (per 100 000 population, age-standardized)",numeric,AMR,Americas,Country,GUY,Year,2019,True,Sex,Both sexes,SEX_BTSX,GHE cause of death codes,ALL CAUSES,GHECAUSE_GHE000000,,,,,,,52.17,,,26.41,,76.88,52 [26-77],,,EN,2024-10-02T22:00:00.000Z
Haiti,,,2019,Both sexes,837.3337,,Americas,AIR_42,"Ambient air pollution attributable death rate (per 100 000 population, age-standardized)",numeric,AMR,Americas,Country,HTI,Year,2019,True,Sex,Both sexes,SEX_BTSX,GHE cause of death codes,ALL CAUSES,GHECAUSE_GHE000000,,,,,,,50.67,,,21.98,,77.72,51 [22-78],,,EN,2024-10-02T22:00:00.000Z
Honduras,,,2019,Both sexes,613.4653,,Americas,AIR_42,"Ambient air pollution attributable death rate (per 100 000 population, age-standardized)",numeric,AMR,Americas,Country,HND,Year,2019,True,Sex,Both sexes,SEX_BTSX,GHE cause of death codes,ALL CAUSES,GHECAUSE_GHE000000,,,,,,,48.99,,,35.0,,63.74,49 [35-64],,,EN,2024-10-02T22:00:00.000Z
Hungary,,,2019,Both sexes,554.4997,,Europe,AIR_42,"Ambient air pollution attributable death rate (per 100 000 population, age-standardized)",numeric,EUR,Europe,Country,HUN,Year,2019,True,Sex,Both sexes,SEX_BTSX,GHE cause of death codes,ALL CAUSES,GHECAUSE_GHE000000,,,,,,,42.29,,,29.7,,53.61,42 [30-54],,,EN,2024-10-02T22:00:00.000Z
Iceland,,,2019,Both sexes,304.9298,,Europe,AIR_42,"Ambient air pollution attributable death rate (per 100 000 population, age-standardized)",numeric,EUR,Europe,Country,ISL,Year,2019,True,Sex,Both sexes,SEX_BTSX,GHE cause of death codes,ALL CAUSES,GHECAUSE_GHE000000,,,,,,,8.16,,,4.67,,12.2,8 [5-12],,,EN,2024-10-02T22:00:00.000Z
India,,,2019,Both sexes,558.4635,,South-East Asia,AIR_42,"Ambient air pollution attributable death rate (per 100 000 population, age-standardized)",numeric,SEAR,South-East Asia,Country,IND,Year,2019,True,Sex,Both sexes,SEX_BTSX,GHE cause of death codes,ALL CAUSES,GHECAUSE_GHE000000,,,,,,,83.4,,,65.25,,103.8,83 [65-104],,,EN,2024-10-02T22:00:00.000Z
Indonesia,,,2019,Both sexes,660.7458,,South-East Asia,AIR_42,"Ambient air pollution attributable death rate (per 100 000 population, age-standardized)",numeric,SEAR,South-East Asia,Country,IDN,Year,2019,True,Sex,Both sexes,SEX_BTSX,GHE cause of death codes,ALL CAUSES,GHECAUSE_GHE000000,,,,,,,58.17,,,42.53,,75.6,58 [43-76],,,EN,2024-10-02T22:00:00.000Z
Iran (Islamic Republic of),,,2019,Both sexes,445.6564,,Eastern Mediterranean,AIR_42,"Ambient air pollution attributable death rate (per 100 000 population, age-standardized)",numeric,EMR,Eastern Mediterranean,Country,IRN,Year,2019,True,Sex,Both sexes,SEX_BTSX,GHE cause of death codes,ALL CAUSES,GHECAUSE_GHE000000,,,,,,,51.31,,,39.06,,62.83,51 [39-63],,,EN,2024-10-02T22:00:00.000Z
Iraq,,,2019,Both sexes,610.7923,,Eastern Mediterranean,AIR_42,"Ambient air pollution attributable death rate (per 100 000 population, age-standardized)",numeric,EMR,Eastern Mediterranean,Country,IRQ,Year,2019,True,Sex,Both sexes,SEX_BTSX,GHE cause of death codes,ALL CAUSES,GHECAUSE_GHE000000,,,,,,,87.0,,,65.53,,106.9,87 [66-107],,,EN,2024-10-02T22:00:00.000Z
Ireland,,,2019,Both sexes,326.8401,,Europe,AIR_42,"Ambient air pollution attributable death rate (per 100 000 population, age-standardized)",numeric,EUR,Europe,Country,IRL,Year,2019,True,Sex,Both sexes,SEX_BTSX,GHE cause of death codes,ALL CAUSES,GHECAUSE_GHE000000,,,,,,,12.78,,,8.45,,17.25,13 [8-17],,,EN,2024-10-02T22:00:00.000Z
Israel,,,2019,Both sexes,285.2773,,Europe,AIR_42,"Ambient air pollution attributable death rate (per 100 000 population, age-standardized)",numeric,EUR,Europe,Country,ISR,Year,2019,True,Sex,Both sexes,SEX_BTSX,GHE cause of death codes,ALL CAUSES,GHECAUSE_GHE000000,,,,,,,15.12,,,11.83,,18.71,15 [12-19],,,EN,2024-10-02T22:00:00.000Z
Italy,,,2019,Both sexes,289.0596,,Europe,AIR_42,"Ambient air pollution attributable death rate (per 100 000 population, age-standardized)",numeric,EUR,Europe,Country,ITA,Year,2019,True,Sex,Both sexes,SEX_BTSX,GHE cause of death codes,ALL CAUSES,GHECAUSE_GHE000000,,,,,,,15.0,,,10.96,,18.97,15 [11-19],,,EN,2024-10-02T22:00:00.000Z
Jamaica,,,2019,Both sexes,454.3693,,Americas,AIR_42,"Ambient air pollution attributable death rate (per 100 000 population, age-standardized)",numeric,AMR,Americas,Country,JAM,Year,2019,True,Sex,Both sexes,SEX_BTSX,GHE cause of death codes,ALL CAUSES,GHECAUSE_GHE000000,,,,,,,21.63,,,15.44,,28.59,22 [15-29],,,EN,2024-10-02T22:00:00.000Z
Japan,,,2019,Both sexes,235.3629,,Western Pacific,AIR_42,"Ambient air pollution attributable death rate (per 100 000 population, age-standardized)",numeric,WPR,Western Pacific,Country,JPN,Year,2019,True,Sex,Both sexes,SEX_BTSX,GHE cause of death codes,ALL CAUSES,GHECAUSE_GHE000000,,,,,,,11.79,,,8.38,,15.65,12 [8-16],,,EN,2024-10-02T22:00:00.000Z
Jordan,,,2019,Both sexes,441.2214,,Eastern Mediterranean,AIR_42,"Ambient air pollution attributable death rate (per 100 000 population, age-standardized)",numeric,EMR,Eastern Mediterranean,Country,JOR,Year,2019,True,Sex,Both sexes,SEX_BTSX,GHE cause of death codes,ALL CAUSES,GHECAUSE_GHE000000,,,,,,,37.93,,,28.96,,46.43,38 [29-46],,,EN,2024-10-02T22:00:00.000Z
Kazakhstan,,,2019,Both sexes,620.8768,,Europe,AIR_42,"Ambient air pollution attributable death rate (per 100 000 population, age-standardized)",numeric,EUR,Europe,Country,KAZ,Year,2019,True,Sex,Both sexes,SEX_BTSX,GHE cause of death codes,ALL CAUSES,GHECAUSE_GHE000000,,,,,,,68.43,,,50.1,,87.28,68 [50-87],,,EN,2024-10-02T22:00:00.000Z
Kenya,,,2019,Both sexes,587.0545,,Africa,AIR_42,"Ambient air pollution attributable death rate (per 100 000 population, age-standardized)",numeric,AFR,Africa,Country,KEN,Year,2019,True,Sex,Both sexes,SEX_BTSX,GHE cause of death codes,ALL CAUSES,GHECAUSE_GHE000000,,,,,,,33.39,,,19.91,,47.97,33 [20-48],,,EN,2024-10-02T22:00:00.000Z
Kiribati,,,2019,Both sexes,1281.429,,Western Pacific,AIR_42,"Ambient air pollution attributable death rate (per 100 000 population, age-standardized)",numeric,WPR,Western Pacific,Country,KIR,Year,2019,True,Sex,Both sexes,SEX_BTSX,GHE cause of death codes,ALL CAUSES,GHECAUSE_GHE000000,,,,,,,49.2,,,0.0,,97.2,49 [0-97],,,EN,2024-10-02T22:00:00.000Z
Kuwait,,,2019,Both sexes,324.4085,,Eastern Mediterranean,AIR_42,"Ambient air pollution attributable death rate (per 100 000 population, age-standardized)",numeric,EMR,Eastern Mediterranean,Country,KWT,Year,2019,True,Sex,Both sexes,SEX_BTSX,GHE cause of death codes,ALL CAUSES,GHECAUSE_GHE000000,,,,,,,45.26,,,36.91,,53.64,45 [37-54],,,EN,2024-10-02T22:00:00.000Z
Kyrgyzstan,,,2019,Both sexes,588.149,,Europe,AIR_42,"Ambient air pollution attributable death rate (per 100 000 population, age-standardized)",numeric,EUR,Europe,Country,KGZ,Year,2019,True,Sex,Both sexes,SEX_BTSX,GHE cause of death codes,ALL CAUSES,GHECAUSE_GHE000000,,,,,,,88.76,,,67.04,,113.2,89 [67-113],,,EN,2024-10-02T22:00:00.000Z
Lao People's Democratic Republic,,,2019,Both sexes,699.9042,,Western Pacific,AIR_42,"Ambient air pollution attributable death rate (per 100 000 population, age-standardized)",numeric,WPR,Western Pacific,Country,LAO,Year,2019,True,Sex,Both sexes,SEX_BTSX,GHE cause of death codes,ALL CAUSES,GHECAUSE_GHE000000,,,,,,,68.87,,,51.33,,87.36,69 [51-87],,,EN,2024-10-02T22:00:00.000Z
Latvia,,,2019,Both sexes,558.6684,,Europe,AIR_42,"Ambient air pollution attributable death rate (per 100 000 population, age-standardized)",numeric,EUR,Europe,Country,LVA,Year,2019,True,Sex,Both sexes,SEX_BTSX,GHE cause of death codes,ALL CAUSES,GHECAUSE_GHE000000,,,,,,,40.11,,,27.29,,51.98,40 [27-52],,,EN,2024-10-02T22:00:00.000Z
Lebanon,,,2019,Both sexes,526.887,,Eastern Mediterranean,AIR_42,"Ambient air pollution attributable death rate (per 100 000 population, age-standardized)",numeric,EMR,Eastern Mediterranean,Country,LBN,Year,2019,True,Sex,Both sexes,SEX_BTSX,GHE cause of death codes,ALL CAUSES,GHECAUSE_GHE000000,,,,,,,58.6,,,41.52,,74.96,59 [42-75],,,EN,2024-10-02T22:00:00.000Z
Lesotho,,,2019,Both sexes,1137.235,,Africa,AIR_42,"Ambient air pollution attributable death rate (per 100 000 population, age-standardized)",numeric,AFR,Africa,Country,LSO,Year,2019,True,Sex,Both sexes,SEX_BTSX,GHE cause of death codes,ALL CAUSES,GHECAUSE_GHE000000,,,,,,,101.1,,,67.45,,134.1,101 [67-134],,,EN,2024-10-02T22:00:00.000Z
Liberia,,,2019,Both sexes,506.4478,,Africa,AIR_42,"Ambient air pollution attributable death rate (per 100 000 population, age-standardized)",numeric,AFR,Africa,Country,LBR,Year,2019,True,Sex,Both sexes,SEX_BTSX,GHE cause of death codes,ALL CAUSES,GHECAUSE_GHE000000,,,,,,,61.0,,,41.75,,80.82,61 [42-81],,,EN,2024-10-02T22:00:00.000Z
Libya,,,2019,Both sexes,478.9978,,Eastern Mediterranean,AIR_42,"Ambient air pollution attributable death rate (per 100 000 population, age-standardized)",numeric,EMR,Eastern Mediterranean,Country,LBY,Year,2019,True,Sex,Both sexes,SEX_BTSX,GHE cause of death codes,ALL CAUSES,GHECAUSE_GHE000000,,,,,,,53.99,,,35.46,,71.09,54 [35-71],,,EN,2024-10-02T22:00:00.000Z
Lithuania,,,2019,Both sexes,525.0189,,Europe,AIR_42,"Ambient air pollution attributable death rate (per 100 000 population, age-standardized)",numeric,EUR,Europe,Country,LTU,Year,2019,True,Sex,Both sexes,SEX_BTSX,GHE cause of death codes,ALL CAUSES,GHECAUSE_GHE000000,,,,,,,38.76,,,25.24,,51.1,39 [25-51],,,EN,2024-10-02T22:00:00.000Z
Luxembourg,,,2019,Both sexes,303.1368,,Europe,AIR_42,"Ambient air pollution attributable death rate (per 100 000 population, age-standardized)",numeric,EUR,Europe,Country,LUX,Year,2019,True,Sex,Both sexes,SEX_BTSX,GHE cause of death codes,ALL CAUSES,GHECAUSE_GHE000000,,,,,,,12.51,,,8.16,,16.78,13 [8-17],,,EN,2024-10-02T22:00:00.000Z
Madagascar,,,2019,Both sexes,665.2159,,Africa,AIR_42,"Ambient air pollution attributable death rate (per 100 000 population, age-standardized)",numeric,AFR,Africa,Country,MDG,Year,2019,True,Sex,Both sexes,SEX_BTSX,GHE cause of death codes,ALL CAUSES,GHECAUSE_GHE000000,,,,,,,58.92,,,39.71,,81.03,59 [40-81],,,EN,2024-10-02T22:00:00.000Z
Malawi,,,2019,Both sexes,589.8055,,Africa,AIR_42,"Ambient air pollution attributable death rate (per 100 000 population, age-standardized)",numeric,AFR,Africa,Country,MWI,Year,2019,True,Sex,Both sexes,SEX_BTSX,GHE cause of death codes,ALL CAUSES,GHECAUSE_GHE000000,,,,,,,43.58,,,15.03,,68.39,44 [15-68],,,EN,2024-10-02T22:00:00.000Z
Malaysia,,,2019,Both sexes,501.1372,,Western Pacific,AIR_42,"Ambient air pollution attributable death rate (per 100 000 population, age-standardized)",numeric,WPR,Western Pacific,Country,MYS,Year,2019,True,Sex,Both sexes,SEX_BTSX,GHE cause of death codes,ALL CAUSES,GHECAUSE_GHE000000,,,,,,,62.84,,,48.38,,77.4,63 [48-77],,,EN,2024-10-02T22:00:00.000Z
Maldives,,,2019,Both sexes,401.9516,,South-East Asia,AIR_42,"Ambient air pollution attributable death rate (per 100 000 population, age-standardized)",numeric,SEAR,South-East Asia,Country,MDV,Year,2019,True,Sex,Both sexes,SEX_BTSX,GHE cause of death codes,ALL CAUSES,GHECAUSE_GHE000000,,,,,,,29.4,,,19.67,,39.3,29 [20-39],,,EN,2024-10-02T22:00:00.000Z
Mali,,,2019,Both sexes,611.4052,,Africa,AIR_42,"Ambient air pollution attributable death rate (per 100 000 population, age-standardized)",numeric,AFR,Africa,Country,MLI,Year,2019,True,Sex,Both sexes,SEX_BTSX,GHE cause of death codes,ALL CAUSES,GHECAUSE_GHE000000,,,,,,,68.16,,,43.74,,96.88,68 [44-97],,,EN,2024-10-02T22:00:00.000Z
Malta,,,2019,Both sexes,314.681,,Europe,AIR_42,"Ambient air pollution attributable death rate (per 100 000 population, age-standardized)",numeric,EUR,Europe,Country,MLT,Year,2019,True,Sex,Both sexes,SEX_BTSX,GHE cause of death codes,ALL CAUSES,GHECAUSE_GHE000000,,,,,,,20.93,,,14.81,,26.83,21 [15-27],,,EN,2024-10-02T22:00:00.000Z
Mauritania,,,2019,Both sexes,476.2181,,Africa,AIR_42,"Ambient air pollution attributable death rate (per 100 000 population, age-standardized)",numeric,AFR,Africa,Country,MRT,Year,2019,True,Sex,Both sexes,SEX_BTSX,GHE cause of death codes,ALL CAUSES,GHECAUSE_GHE000000,,,,,,,64.45,,,39.63,,89.86,64 [40-90],,,EN,2024-10-02T22:00:00.000Z
Mauritius,,,2019,Both sexes,581.4777,,Africa,AIR_42,"Ambient air pollution attributable death rate (per 100 000 population, age-standardized)",numeric,AFR,Africa,Country,MUS,Year,2019,True,Sex,Both sexes,SEX_BTSX,GHE cause of death codes,ALL CAUSES,GHECAUSE_GHE000000,,,,,,,27.8,,,18.29,,37.48,28 [18-37],,,EN,2024-10-02T22:00:00.000Z
Mexico,,,2019,Both sexes,464.8334,,Americas,AIR_42,"Ambient air pollution attributable death rate (per 100 000 population, age-standardized)",numeric,AMR,Americas,Country,MEX,Year,2019,True,Sex,Both sexes,SEX_BTSX,GHE cause of death codes,ALL CAUSES,GHECAUSE_GHE000000,,,,,,,30.1,,,21.85,,38.4,30 [22-38],,,EN,2024-10-02T22:00:00.000Z
Micronesia (Federated States of),,,2019,Both sexes,1171.389,,Western Pacific,AIR_42,"Ambient air pollution attributable death rate (per 100 000 population, age-standardized)",numeric,WPR,Western Pacific,Country,FSM,Year,2019,True,Sex,Both sexes,SEX_BTSX,GHE cause of death codes,ALL CAUSES,GHECAUSE_GHE000000,,,,,,,54.2,,,0.0,,103.5,54 [0-103],,,EN,2024-10-02T22:00:00.000Z
Mongolia,,,2019,Both sexes,939.1735,,Western Pacific,AIR_42,"Ambient air pollution attributable death rate (per 100 000 population, age-standardized)",numeric,WPR,Western Pacific,Country,MNG,Year,2019,True,Sex,Both sexes,SEX_BTSX,GHE cause of death codes,ALL CAUSES,GHECAUSE_GHE000000,,,,,,,119.8,,,90.83,,148.6,120 [91-149],,,EN,2024-10-02T22:00:00.000Z
Montenegro,,,2019,Both sexes,603.134,,Europe,AIR_42,"Ambient air pollution attributable death rate (per 100 000 population, age-standardized)",numeric,EUR,Europe,Country,MNE,Year,2019,True,Sex,Both sexes,SEX_BTSX,GHE cause of death codes,ALL CAUSES,GHECAUSE_GHE000000,,,,,,,59.87,,,43.4,,77.4,60 [43-77],,,EN,2024-10-02T22:00:00.000Z
Morocco,,,2019,Both sexes,643.9508,,Eastern Mediterranean,AIR_42,"Ambient air pollution attributable death rate (per 100 000 population, age-standardized)",numeric,EMR,Eastern Mediterranean,Country,MAR,Year,2019,True,Sex,Both sexes,SEX_BTSX,GHE cause of death codes,ALL CAUSES,GHECAUSE_GHE000000,,,,,,,59.27,,,40.9,,76.96,59 [41-77],,,EN,2024-10-02T22:00:00.000Z
Mozambique,,,2019,Both sexes,778.6395,,Africa,AIR_42,"Ambient air pollution attributable death rate (per 100 000 population, age-standardized)",numeric,AFR,Africa,Country,MOZ,Year,2019,True,Sex,Both sexes,SEX_BTSX,GHE cause of death codes,ALL CAUSES,GHECAUSE_GHE000000,,,,,,,64.71,,,34.36,,94.03,65 [34-94],,,EN,2024-10-02T22:00:00.000Z
Myanmar,,,2019,Both sexes,673.7039,,South-East Asia,AIR_42,"Ambient air pollution attributable death rate (per 100 000 population, age-standardized)",numeric,SEAR,South-East Asia,Country,MMR,Year,2019,True,Sex,Both sexes,SEX_BTSX,GHE cause of death codes,ALL CAUSES,GHECAUSE_GHE000000,,,,,,,71.51,,,53.2,,91.95,72 [53-92],,,EN,2024-10-02T22:00:00.000Z
Namibia,,,2019,Both sexes,627.8507,,Africa,AIR_42,"Ambient air pollution attributable death rate (per 100 000 population, age-standardized)",numeric,AFR,Africa,Country,NAM,Year,2019,True,Sex,Both sexes,SEX_BTSX,GHE cause of death codes,ALL CAUSES,GHECAUSE_GHE000000,,,,,,,43.46,,,22.15,,65.1,43 [22-65],,,EN,2024-10-02T22:00:00.000Z
Nepal,,,2019,Both sexes,602.6794,,South-East Asia,AIR_42,"Ambient air pollution attributable death rate (per 100 000 population, age-standardized)",numeric,SEAR,South-East Asia,Country,NPL,Year,2019,True,Sex,Both sexes,SEX_BTSX,GHE cause of death codes,ALL CAUSES,GHECAUSE_GHE000000,,,,,,,76.04,,,54.95,,102.6,76 [55-103],,,EN,2024-10-02T22:00:00.000Z
New Zealand,,,2019,Both sexes,308.857,,Western Pacific,AIR_42,"Ambient air pollution attributable death rate (per 100 000 population, age-standardized)",numeric,WPR,Western Pacific,Country,NZL,Year,2019,True,Sex,Both sexes,SEX_BTSX,GHE cause of death codes,ALL CAUSES,GHECAUSE_GHE000000,,,,,,,12.23,,,8.03,,16.31,12 [8-16],,,EN,2024-10-02T22:00:00.000Z
Nicaragua,,,2019,Both sexes,546.8134,,Americas,AIR_42,"Ambient air pollution attributable death rate (per 100 000 population, age-standardized)",numeric,AMR,Americas,Country,NIC,Year,2019,True,Sex,Both sexes,SEX_BTSX,GHE cause of death codes,ALL CAUSES,GHECAUSE_GHE000000,,,,,,,37.79,,,25.17,,48.72,38 [25-49],,,EN,2024-10-02T22:00:00.000Z
Niger,,,2019,Both sexes,599.6858,,Africa,AIR_42,"Ambient air pollution attributable death rate (per 100 000 population, age-standardized)",numeric,AFR,Africa,Country,NER,Year,2019,True,Sex,Both sexes,SEX_BTSX,GHE cause of death codes,ALL CAUSES,GHECAUSE_GHE000000,,,,,,,95.77,,,61.8,,131.1,96 [62-131],,,EN,2024-10-02T22:00:00.000Z
Nigeria,,,2019,Both sexes,530.1731,,Africa,AIR_42,"Ambient air pollution attributable death rate (per 100 000 population, age-standardized)",numeric,AFR,Africa,Country,NGA,Year,2019,True,Sex,Both sexes,SEX_BTSX,GHE cause of death codes,ALL CAUSES,GHECAUSE_GHE000000,,,,,,,82.21,,,64.36,,101.3,82 [64-101],,,EN,2024-10-02T22:00:00.000Z
North Macedonia,,,2019,Both sexes,733.6896,,Europe,AIR_42,"Ambient air pollution attributable death rate (per 100 000 population, age-standardized)",numeric,EUR,Europe,Country,MKD,Year,2019,True,Sex,Both sexes,SEX_BTSX,GHE cause of death codes,ALL CAUSES,GHECAUSE_GHE000000,,,,,,,62.26,,,47.15,,78.52,62 [47-79],,,EN,2024-10-02T22:00:00.000Z
Norway,,,2019,Both sexes,291.3123,,Europe,AIR_42,"Ambient air pollution attributable death rate (per 100 000 population, age-standardized)",numeric,EUR,Europe,Country,NOR,Year,2019,True,Sex,Both sexes,SEX_BTSX,GHE cause of death codes,ALL CAUSES,GHECAUSE_GHE000000,,,,,,,7.86,,,4.89,,11.43,8 [5-11],,,EN,2024-10-02T22:00:00.000Z
Oman,,,2019,Both sexes,683.6013,,Eastern Mediterranean,AIR_42,"Ambient air pollution attributable death rate (per 100 000 population, age-standardized)",numeric,EMR,Eastern Mediterranean,Country,OMN,Year,2019,True,Sex,Both sexes,SEX_BTSX,GHE cause of death codes,ALL CAUSES,GHECAUSE_GHE000000,,,,,,,104.1,,,72.45,,131.7,104 [72-132],,,EN,2024-10-02T22:00:00.000Z
Pakistan,,,2019,Both sexes,753.4131,,Eastern Mediterranean,AIR_42,"Ambient air pollution attributable death rate (per 100 000 population, age-standardized)",numeric,EMR,Eastern Mediterranean,Country,PAK,Year,2019,True,Sex,Both sexes,SEX_BTSX,GHE cause of death codes,ALL CAUSES,GHECAUSE_GHE000000,,,,,,,106.7,,,82.3,,131.6,107 [82-132],,,EN,2024-10-02T22:00:00.000Z
Panama,,,2019,Both sexes,333.7239,,Americas,AIR_42,"Ambient air pollution attributable death rate (per 100 000 population, age-standardized)",numeric,AMR,Americas,Country,PAN,Year,2019,True,Sex,Both sexes,SEX_BTSX,GHE cause of death codes,ALL CAUSES,GHECAUSE_GHE000000,,,,,,,17.33,,,11.33,,23.41,17 [11-23],,,EN,2024-10-02T22:00:00.000Z
Papua New Guinea,,,2019,Both sexes,837.5352,,Western Pacific,AIR_42,"Ambient air pollution attributable death rate (per 100 000 population, age-standardized)",numeric,WPR,Western Pacific,Country,PNG,Year,2019,True,Sex,Both sexes,SEX_BTSX,GHE cause of death codes,ALL CAUSES,GHECAUSE_GHE000000,,,,,,,37.78,,,2.31,,75.07,38 [2-75],,,EN,2024-10-02T22:00:00.000Z
Paraguay,,,2019,Both sexes,447.0504,,Americas,AIR_42,"Ambient air pollution attributable death rate (per 100 000 population, age-standardized)",numeric,AMR,Americas,Country,PRY,Year,2019,True,Sex,Both sexes,SEX_BTSX,GHE cause of death codes,ALL CAUSES,GHECAUSE_GHE000000,,,,,,,24.68,,,16.29,,34.34,25 [16-34],,,EN,2024-10-02T22:00:00.000Z
Peru,,,2019,Both sexes,302.7007,,Americas,AIR_42,"Ambient air pollution attributable death rate (per 100 000 population, age-standardized)",numeric,AMR,Americas,Country,PER,Year,2019,True,Sex,Both sexes,SEX_BTSX,GHE cause of death codes,ALL CAUSES,GHECAUSE_GHE000000,,,,,,,25.91,,,19.78,,32.28,26 [20-32],,,EN,2024-10-02T22:00:00.000Z
Philippines,,,2019,Both sexes,713.631,,Western Pacific,AIR_42,"Ambient air pollution attributable death rate (per 100 000 population, age-standardized)",numeric,WPR,Western Pacific,Country,PHL,Year,2019,True,Sex,Both sexes,SEX_BTSX,GHE cause of death codes,ALL CAUSES,GHECAUSE_GHE000000,,,,,,,91.78,,,69.3,,114.8,92 [69-115],,,EN,2024-10-02T22:00:00.000Z
Poland,,,2019,Both sexes,441.6346,,Europe,AIR_42,"Ambient air pollution attributable death rate (per 100 000 population, age-standardized)",numeric,EUR,Europe,Country,POL,Year,2019,True,Sex,Both sexes,SEX_BTSX,GHE cause of death codes,ALL CAUSES,GHECAUSE_GHE000000,,,,,,,40.93,,,30.4,,50.47,41 [30-50],,,EN,2024-10-02T22:00:00.000Z
Portugal,,,2019,Both sexes,317.5592,,Europe,AIR_42,"Ambient air pollution attributable death rate (per 100 000 population, age-standardized)",numeric,EUR,Europe,Country,PRT,Year,2019,True,Sex,Both sexes,SEX_BTSX,GHE cause of death codes,ALL CAUSES,GHECAUSE_GHE000000,,,,,,,10.0,,,6.74,,13.78,10 [7-14],,,EN,2024-10-02T22:00:00.000Z
Qatar,,,2019,Both sexes,650.1274,,Eastern Mediterranean,AIR_42,"Ambient air pollution attributable death rate (per 100 000 population, age-standardized)",numeric,EMR,Eastern Mediterranean,Country,QAT,Year,2019,True,Sex,Both sexes,SEX_BTSX,GHE cause of death codes,ALL CAUSES,GHECAUSE_GHE000000,,,,,,,90.81,,,70.2,,109.5,91 [70-109],,,EN,2024-10-02T22:00:00.000Z
Republic of Korea,,,2019,Both sexes,237.0526,,Western Pacific,AIR_42,"Ambient air pollution attributable death rate (per 100 000 population, age-standardized)",numeric,WPR,Western Pacific,Country,KOR,Year,2019,True,Sex,Both sexes,SEX_BTSX,GHE cause of death codes,ALL CAUSES,GHECAUSE_GHE000000,,,,,,,18.89,,,15.1,,22.84,19 [15-23],,,EN,2024-10-02T22:00:00.000Z
Republic of Moldova,,,2019,Both sexes,637.9902,,Europe,AIR_42,"Ambient air pollution attributable death rate (per 100 000 population, age-standardized)",numeric,EUR,Europe,Country,MDA,Year,2019,True,Sex,Both sexes,SEX_BTSX,GHE cause of death codes,ALL CAUSES,GHECAUSE_GHE000000,,,,,,,58.2,,,38.12,,77.14,58 [38-77],,,EN,2024-10-02T22:00:00.000Z
Romania,,,2019,Both sexes,555.2721,,Europe,AIR_42,"Ambient air pollution attributable death rate (per 100 000 population, age-standardized)",numeric,EUR,Europe,Country,ROU,Year,2019,True,Sex,Both sexes,SEX_BTSX,GHE cause of death codes,ALL CAUSES,GHECAUSE_GHE000000,,,,,,,45.98,,,32.88,,58.56,46 [33-59],,,EN,2024-10-02T22:00:00.000Z
Russian Federation,,,2019,Both sexes,619.5153,,Europe,AIR_42,"Ambient air pollution attributable death rate (per 100 000 population, age-standardized)",numeric,EUR,Europe,Country,RUS,Year,2019,True,Sex,Both sexes,SEX_BTSX,GHE cause of death codes,ALL CAUSES,GHECAUSE_GHE000000,,,,,,,39.32,,,23.69,,55.77,39 [24-56],,,EN,2024-10-02T22:00:00.000Z
Rwanda,,,2019,Both sexes,579.0164,,Africa,AIR_42,"Ambient air pollution attributable death rate (per 100 000 population, age-standardized)",numeric,AFR,Africa,Country,RWA,Year,2019,True,Sex,Both sexes,SEX_BTSX,GHE cause of death codes,ALL CAUSES,GHECAUSE_GHE000000,,,,,,,63.17,,,33.99,,91.89,63 [34-92],,,EN,2024-10-02T22:00:00.000Z
Saint Lucia,,,2019,Both sexes,515.6624,,Americas,AIR_42,"Ambient air pollution attributable death rate (per 100 000 population, age-standardized)",numeric,AMR,Americas,Country,LCA,Year,2019,True,Sex,Both sexes,SEX_BTSX,GHE cause of death codes,ALL CAUSES,GHECAUSE_GHE000000,,,,,,,19.96,,,12.09,,28.9,20 [12-29],,,EN,2024-10-02T22:00:00.000Z
Saint Vincent and the Grenadines,,,2019,Both sexes,537.206,,Americas,AIR_42,"Ambient air pollution attributable death rate (per 100 000 population, age-standardized)",numeric,AMR,Americas,Country,VCT,Year,2019,True,Sex,Both sexes,SEX_BTSX,GHE cause of death codes,ALL CAUSES,GHECAUSE_GHE000000,,,,,,,24.99,,,15.02,,35.0,25 [15-35],,,EN,2024-10-02T22:00:00.000Z
Samoa,,,2019,Both sexes,765.6934,,Western Pacific,AIR_42,"Ambient air pollution attributable death rate (per 100 000 population, age-standardized)",numeric,WPR,Western Pacific,Country,WSM,Year,2019,True,Sex,Both sexes,SEX_BTSX,GHE cause of death codes,ALL CAUSES,GHECAUSE_GHE000000,,,,,,,33.91,,,0.0,,71.49,34 [0-71],,,EN,2024-10-02T22:00:00.000Z
Sao Tome and Principe,,,2019,Both sexes,613.2271,,Africa,AIR_42,"Ambient air pollution attributable death rate (per 100 000 population, age-standardized)",numeric,AFR,Africa,Country,STP,Year,2019,True,Sex,Both sexes,SEX_BTSX,GHE cause of death codes,ALL CAUSES,GHECAUSE_GHE000000,,,,,,,85.77,,,57.42,,119.5,86 [57-119],,,EN,2024-10-02T22:00:00.000Z
Saudi Arabia,,,2019,Both sexes,558.053,,Eastern Mediterranean,AIR_42,"Ambient air pollution attributable death rate (per 100 000 population, age-standardized)",numeric,EMR,Eastern Mediterranean,Country,SAU,Year,2019,True,Sex,Both sexes,SEX_BTSX,GHE cause of death codes,ALL CAUSES,GHECAUSE_GHE000000,,,,,,,91.17,,,70.41,,112.3,91 [70-112],,,EN,2024-10-02T22:00:00.000Z
Senegal,,,2019,Both sexes,551.3592,,Africa,AIR_42,"Ambient air pollution attributable death rate (per 100 000 population, age-standardized)",numeric,AFR,Africa,Country,SEN,Year,2019,True,Sex,Both sexes,SEX_BTSX,GHE cause of death codes,ALL CAUSES,GHECAUSE_GHE000000,,,,,,,65.44,,,47.7,,83.29,65 [48-83],,,EN,2024-10-02T22:00:00.000Z
Serbia,,,2019,Both sexes,600.8104,,Europe,AIR_42,"Ambient air pollution attributable death rate (per 100 000 population, age-standardized)",numeric,EUR,Europe,Country,SRB,Year,2019,True,Sex,Both sexes,SEX_BTSX,GHE cause of death codes,ALL CAUSES,GHECAUSE_GHE000000,,,,,,,45.42,,,34.43,,55.89,45 [34-56],,,EN,2024-10-02T22:00:00.000Z
Seychelles,,,2019,Both sexes,569.9074,,Africa,AIR_42,"Ambient air pollution attributable death rate (per 100 000 population, age-standardized)",numeric,AFR,Africa,Country,SYC,Year,2019,True,Sex,Both sexes,SEX_BTSX,GHE cause of death codes,ALL CAUSES,GHECAUSE_GHE000000,,,,,,,43.14,,,30.37,,58.22,43 [30-58],,,EN,2024-10-02T22:00:00.000Z
Sierra Leone,,,2019,Both sexes,636.3089,,Africa,AIR_42,"Ambient air pollution attributable death rate (per 100 000 population, age-standardized)",numeric,AFR,Africa,Country,SLE,Year,2019,True,Sex,Both sexes,SEX_BTSX,GHE cause of death codes,ALL CAUSES,GHECAUSE_GHE000000,,,,,,,97.95,,,64.39,,132.3,98 [64-132],,,EN,2024-10-02T22:00:00.000Z
Singapore,,,2019,Both sexes,234.8398,,Western Pacific,AIR_42,"Ambient air pollution attributable death rate (per 100 000 population, age-standardized)",numeric,WPR,Western Pacific,Country,SGP,Year,2019,True,Sex,Both sexes,SEX_BTSX,GHE cause of death codes,ALL CAUSES,GHECAUSE_GHE000000,,,,,,,23.42,,,15.81,,31.51,23 [16-32],,,EN,2024-10-02T22:00:00.000Z
Slovakia,,,2019,Both sexes,441.7813,,Europe,AIR_42,"Ambient air pollution attributable death rate (per 100 000 population, age-standardized)",numeric,EUR,Europe,Country,SVK,Year,2019,True,Sex,Both sexes,SEX_BTSX,GHE cause of death codes,ALL CAUSES,GHECAUSE_GHE000000,,,,,,,30.37,,,22.28,,37.99,30 [22-38],,,EN,2024-10-02T22:00:00.000Z
Slovenia,,,2019,Both sexes,339.7941,,Europe,AIR_42,"Ambient air pollution attributable death rate (per 100 000 population, age-standardized)",numeric,EUR,Europe,Country,SVN,Year,2019,True,Sex,Both sexes,SEX_BTSX,GHE cause of death codes,ALL CAUSES,GHECAUSE_GHE000000,,,,,,,18.76,,,13.79,,23.52,19 [14-24],,,EN,2024-10-02T22:00:00.000Z
Solomon Islands,,,2019,Both sexes,909.0732,,Western Pacific,AIR_42,"Ambient air pollution attributable death rate (per 100 000 population, age-standardized)",numeric,WPR,Western Pacific,Country,SLB,Year,2019,True,Sex,Both sexes,SEX_BTSX,GHE cause of death codes,ALL CAUSES,GHECAUSE_GHE000000,,,,,,,57.08,,,0.0,,107.5,57 [0-108],,,EN,2024-10-02T22:00:00.000Z
Somalia,,,2019,Both sexes,769.1506,,Eastern Mediterranean,AIR_42,"Ambient air pollution attributable death rate (per 100 000 population, age-standardized)",numeric,EMR,Eastern Mediterranean,Country,SOM,Year,2019,True,Sex,Both sexes,SEX_BTSX,GHE cause of death codes,ALL CAUSES,GHECAUSE_GHE000000,,,,,,,66.06,,,36.23,,100.1,66 [36-100],,,EN,2024-10-02T22:00:00.000Z
South Africa,,,2019,Both sexes,618.3997,,Africa,AIR_42,"Ambient air pollution attributable death rate (per 100 000 population, age-standardized)",numeric,AFR,Africa,Country,ZAF,Year,2019,True,Sex,Both sexes,SEX_BTSX,GHE cause of death codes,ALL CAUSES,GHECAUSE_GHE000000,,,,,,,47.17,,,35.95,,58.99,47 [36-59],,,EN,2024-10-02T22:00:00.000Z
South Sudan,,,2019,Both sexes,481.0701,,Africa,AIR_42,"Ambient air pollution attributable death rate (per 100 000 population, age-standardized)",numeric,AFR,Africa,Country,SSD,Year,2019,True,Sex,Both sexes,SEX_BTSX,GHE cause of death codes,ALL CAUSES,GHECAUSE_GHE000000,,,,,,,43.7,,,25.64,,64.14,44 [26-64],,,EN,2024-10-02T22:00:00.000Z
Spain,,,2019,Both sexes,282.0769,,Europe,AIR_42,"Ambient air pollution attributable death rate (per 100 000 population, age-standardized)",numeric,EUR,Europe,Country,ESP,Year,2019,True,Sex,Both sexes,SEX_BTSX,GHE cause of death codes,ALL CAUSES,GHECAUSE_GHE000000,,,,,,,10.12,,,7.09,,13.32,10 [7-13],,,EN,2024-10-02T22:00:00.000Z
Sri Lanka,,,2019,Both sexes,466.6501,,South-East Asia,AIR_42,"Ambient air pollution attributable death rate (per 100 000 population, age-standardized)",numeric,SEAR,South-East Asia,Country,LKA,Year,2019,True,Sex,Both sexes,SEX_BTSX,GHE cause of death codes,ALL CAUSES,GHECAUSE_GHE000000,,,,,,,37.12,,,26.48,,48.01,37 [26-48],,,EN,2024-10-02T22:00:00.000Z
Sudan,,,2019,Both sexes,625.6681,,Eastern Mediterranean,AIR_42,"Ambient air pollution attributable death rate (per 100 000 population, age-standardized)",numeric,EMR,Eastern Mediterranean,Country,SDN,Year,2019,True,Sex,Both sexes,SEX_BTSX,GHE cause of death codes,ALL CAUSES,GHECAUSE_GHE000000,,,,,,,70.52,,,43.13,,96.89,71 [43-97],,,EN,2024-10-02T22:00:00.000Z
Suriname,,,2019,Both sexes,665.3646,,Americas,AIR_42,"Ambient air pollution attributable death rate (per 100 000 population, age-standardized)",numeric,AMR,Americas,Country,SUR,Year,2019,True,Sex,Both sexes,SEX_BTSX,GHE cause of death codes,ALL CAUSES,GHECAUSE_GHE000000,,,,,,,39.01,,,20.69,,56.73,39 [21-57],,,EN,2024-10-02T22:00:00.000Z
Sweden,,,2019,Both sexes,300.5463,,Europe,AIR_42,"Ambient air pollution attributable death rate (per 100 000 population, age-standardized)",numeric,EUR,Europe,Country,SWE,Year,2019,True,Sex,Both sexes,SEX_BTSX,GHE cause of death codes,ALL CAUSES,GHECAUSE_GHE000000,,,,,,,8.08,,,4.94,,11.33,8 [5-11],,,EN,2024-10-02T22:00:00.000Z
Switzerland,,,2019,Both sexes,269.5769,,Europe,AIR_42,"Ambient air pollution attributable death rate (per 100 000 population, age-standardized)",numeric,EUR,Europe,Country,CHE,Year,2019,True,Sex,Both sexes,SEX_BTSX,GHE cause of death codes,ALL CAUSES,GHECAUSE_GHE000000,,,,,,,10.4,,,6.9,,13.66,10 [7-14],,,EN,2024-10-02T22:00:00.000Z
Syrian Arab Republic,,,2019,Both sexes,633.5135,,Eastern Mediterranean,AIR_42,"Ambient air pollution attributable death rate (per 100 000 population, age-standardized)",numeric,EMR,Eastern Mediterranean,Country,SYR,Year,2019,True,Sex,Both sexes,SEX_BTSX,GHE cause of death codes,ALL CAUSES,GHECAUSE_GHE000000,,,,,,,83.24,,,60.8,,104.2,83 [61-104],,,EN,2024-10-02T22:00:00.000Z
Tajikistan,,,2019,Both sexes,876.12,,Europe,AIR_42,"Ambient air pollution attributable death rate (per 100 000 population, age-standardized)",numeric,EUR,Europe,Country,TJK,Year,2019,True,Sex,Both sexes,SEX_BTSX,GHE cause of death codes,ALL CAUSES,GHECAUSE_GHE000000,,,,,,,159.6,,,119.5,,200.0,160 [119-200],,,EN,2024-10-02T22:00:00.000Z
Thailand,,,2019,Both sexes,362.563,,South-East Asia,AIR_42,"Ambient air pollution attributable death rate (per 100 000 population, age-standardized)",numeric,SEAR,South-East Asia,Country,THA,Year,2019,True,Sex,Both sexes,SEX_BTSX,GHE cause of death codes,ALL CAUSES,GHECAUSE_GHE000000,,,,,,,29.07,,,23.08,,35.48,29 [23-35],,,EN,2024-10-02T22:00:00.000Z
Timor-Leste,,,2019,Both sexes,570.3933,,South-East Asia,AIR_42,"Ambient air pollution attributable death rate (per 100 000 population, age-standardized)",numeric,SEAR,South-East Asia,Country,TLS,Year,2019,True,Sex,Both sexes,SEX_BTSX,GHE cause of death codes,ALL CAUSES,GHECAUSE_GHE000000,,,,,,,61.18,,,33.37,,95.62,61 [33-96],,,EN,2024-10-02T22:00:00.000Z
Togo,,,2019,Both sexes,649.4303,,Africa,AIR_42,"Ambient air pollution attributable death rate (per 100 000 population, age-standardized)",numeric,AFR,Africa,Country,TGO,Year,2019,True,Sex,Both sexes,SEX_BTSX,GHE cause of death codes,ALL CAUSES,GHECAUSE_GHE000000,,,,,,,92.36,,,65.21,,119.4,92 [65-119],,,EN,2024-10-02T22:00:00.000Z
Tonga,,,2019,Both sexes,624.7742,,Western Pacific,AIR_42,"Ambient air pollution attributable death rate (per 100 000 population, age-standardized)",numeric,WPR,Western Pacific,Country,TON,Year,2019,True,Sex,Both sexes,SEX_BTSX,GHE cause of death codes,ALL CAUSES,GHECAUSE_GHE000000,,,,,,,23.87,,,0.0,,39.99,24 [0-40],,,EN,2024-10-02T22:00:00.000Z
Trinidad and Tobago,,,2019,Both sexes,438.9595,,Americas,AIR_42,"Ambient air pollution attributable death rate (per 100 000 population, age-standardized)",numeric,AMR,Americas,Country,TTO,Year,2019,True,Sex,Both sexes,SEX_BTSX,GHE cause of death codes,ALL CAUSES,GHECAUSE_GHE000000,,,,,,,19.78,,,12.71,,26.4,20 [13-26],,,EN,2024-10-02T22:00:00.000Z
Tunisia,,,2019,Both sexes,462.4613,,Eastern Mediterranean,AIR_42,"Ambient air pollution attributable death rate (per 100 000 population, age-standardized)",numeric,EMR,Eastern Mediterranean,Country,TUN,Year,2019,True,Sex,Both sexes,SEX_BTSX,GHE cause of death codes,ALL CAUSES,GHECAUSE_GHE000000,,,,,,,54.86,,,39.67,,69.86,55 [40-70],,,EN,2024-10-02T22:00:00.000Z
Turkmenistan,,,2019,Both sexes,668.159,,Europe,AIR_42,"Ambient air pollution attributable death rate (per 100 000 population, age-standardized)",numeric,EUR,Europe,Country,TKM,Year,2019,True,Sex,Both sexes,SEX_BTSX,GHE cause of death codes,ALL CAUSES,GHECAUSE_GHE000000,,,,,,,87.03,,,61.8,,112.0,87 [62-112],,,EN,2024-10-02T22:00:00.000Z
Uganda,,,2019,Both sexes,572.2314,,Africa,AIR_42,"Ambient air pollution attributable death rate (per 100 000 population, age-standardized)",numeric,AFR,Africa,Country,UGA,Year,2019,True,Sex,Both sexes,SEX_BTSX,GHE cause of death codes,ALL CAUSES,GHECAUSE_GHE000000,,,,,,,60.71,,,41.58,,81.57,61 [42-82],,,EN,2024-10-02T22:00:00.000Z
Ukraine,,,2019,Both sexes,649.0498,,Europe,AIR_42,"Ambient air pollution attributable death rate (per 100 000 population, age-standardized)",numeric,EUR,Europe,Country,UKR,Year,2019,True,Sex,Both sexes,SEX_BTSX,GHE cause of death codes,ALL CAUSES,GHECAUSE_GHE000000,,,,,,,66.0,,,40.12,,88.62,66 [40-89],,,EN,2024-10-02T22:00:00.000Z
United Arab Emirates,,,2019,Both sexes,528.3586,,Eastern Mediterranean,AIR_42,"Ambient air pollution attributable death rate (per 100 000 population, age-standardized)",numeric,EMR,Eastern Mediterranean,Country,ARE,Year,2019,True,Sex,Both sexes,SEX_BTSX,GHE cause of death codes,ALL CAUSES,GHECAUSE_GHE000000,,,,,,,70.04,,,55.14,,85.04,70 [55-85],,,EN,2024-10-02T22:00:00.000Z
United Kingdom of Great Britain and Northern Ireland,,,2019,Both sexes,329.8761,,Europe,AIR_42,"Ambient air pollution attributable death rate (per 100 000 population, age-standardized)",numeric,EUR,Europe,Country,GBR,Year,2019,True,Sex,Both sexes,SEX_BTSX,GHE cause of death codes,ALL CAUSES,GHECAUSE_GHE000000,,,,,,,13.45,,,9.46,,17.96,13 [9-18],,,EN,2024-10-02T22:00:00.000Z
United Republic of Tanzania,,,2019,Both sexes,496.4681,,Africa,AIR_42,"Ambient air pollution attributable death rate (per 100 000 population, age-standardized)",numeric,AFR,Africa,Country,TZA,Year,2019,True,Sex,Both sexes,SEX_BTSX,GHE cause of death codes,ALL CAUSES,GHECAUSE_GHE000000,,,,,,,36.28,,,23.67,,49.93,36 [24-50],,,EN,2024-10-02T22:00:00.000Z
United States of America,,,2019,Both sexes,407.882,,Americas,AIR_42,"Ambient air pollution attributable death rate (per 100 000 population, age-standardized)",numeric,AMR,Americas,Country,USA,Year,2019,True,Sex,Both sexes,SEX_BTSX,GHE cause of death codes,ALL CAUSES,GHECAUSE_GHE000000,,,,,,,14.22,,,8.84,,19.88,14 [9-20],,,EN,2024-10-02T22:00:00.000Z
Uruguay,,,2019,Both sexes,445.2019,,Americas,AIR_42,"Ambient air pollution attributable death rate (per 100 000 population, age-standardized)",numeric,AMR,Americas,Country,URY,Year,2019,True,Sex,Both sexes,SEX_BTSX,GHE cause of death codes,ALL CAUSES,GHECAUSE_GHE000000,,,,,,,16.18,,,10.28,,22.41,16 [10-22],,,EN,2024-10-02T22:00:00.000Z
Uzbekistan,,,2019,Both sexes,673.0668,,Europe,AIR_42,"Ambient air pollution attributable death rate (per 100 000 population, age-standardized)",numeric,EUR,Europe,Country,UZB,Year,2019,True,Sex,Both sexes,SEX_BTSX,GHE cause of death codes,ALL CAUSES,GHECAUSE_GHE000000,,,,,,,117.1,,,86.16,,147.0,117 [86-147],,,EN,2024-10-02T22:00:00.000Z
Vanuatu,,,2019,Both sexes,986.3082,,Western Pacific,AIR_42,"Ambient air pollution attributable death rate (per 100 000 population, age-standardized)",numeric,WPR,Western Pacific,Country,VUT,Year,2019,True,Sex,Both sexes,SEX_BTSX,GHE cause of death codes,ALL CAUSES,GHECAUSE_GHE000000,,,,,,,56.75,,,0.0,,111.6,57 [0-112],,,EN,2024-10-02T22:00:00.000Z
Venezuela (Bolivarian Republic of),,,2019,Both sexes,411.264,,Americas,AIR_42,"Ambient air pollution attributable death rate (per 100 000 population, age-standardized)",numeric,AMR,Americas,Country,VEN,Year,2019,True,Sex,Both sexes,SEX_BTSX,GHE cause of death codes,ALL CAUSES,GHECAUSE_GHE000000,,,,,,,32.41,,,22.39,,41.93,32 [22-42],,,EN,2024-10-02T22:00:00.000Z
Viet Nam,,,2019,Both sexes,569.4175,,Western Pacific,AIR_42,"Ambient air pollution attributable death rate (per 100 000 population, age-standardized)",numeric,WPR,Western Pacific,Country,VNM,Year,2019,True,Sex,Both sexes,SEX_BTSX,GHE cause of death codes,ALL CAUSES,GHECAUSE_GHE000000,,,,,,,52.08,,,38.75,,67.22,52 [39-67],,,EN,2024-10-02T22:00:00.000Z
Yemen,,,2019,Both sexes,717.1033,,Eastern Mediterranean,AIR_42,"Ambient air pollution attributable death rate (per 100 000 population, age-standardized)",numeric,EMR,Eastern Mediterranean,Country,YEM,Year,2019,True,Sex,Both sexes,SEX_BTSX,GHE cause of death codes,ALL CAUSES,GHECAUSE_GHE000000,,,,,,,110.8,,,69.77,,158.5,111 [70-159],,,EN,2024-10-02T22:00:00.000Z
Zambia,,,2019,Both sexes,679.4242,,Africa,AIR_42,"Ambient air pollution attributable death rate (per 100 000 population, age-standardized)",numeric,AFR,Africa,Country,ZMB,Year,2019,True,Sex,Both sexes,SEX_BTSX,GHE cause of death codes,ALL CAUSES,GHECAUSE_GHE000000,,,,,,,50.85,,,26.14,,79.24,51 [26-79],,,EN,2024-10-02T22:00:00.000Z
Zimbabwe,,,2019,Both sexes,734.978,,Africa,AIR_42,"Ambient air pollution attributable death rate (per 100 000 population, age-standardized)",numeric,AFR,Africa,Country,ZWE,Year,2019,True,Sex,Both sexes,SEX_BTSX,GHE cause of death codes,ALL CAUSES,GHECAUSE_GHE000000,,,,,,,56.3,,,28.97,,85.72,56 [29-86],,,EN,2024-10-02T22:00:00.000Z
