,Location,IndicatorCode,Indicator,ValueType,ParentLocationCode,ParentLocation,Location type,SpatialDimValueCode,Period type,Period,IsLatestYear,Dim1 type,Dim1,Dim1ValueCode,Dim2 type,Dim2,Dim2ValueCode,Dim3 type,Dim3,Dim3ValueCode,DataSourceDimValueCode,DataSource,FactValueNumericPrefix,FactValueNumeric,FactValueUoM,FactValueNumericLowPrefix,FactValueNumericLow,FactValueNumericHighPrefix,FactValueNumericHigh,Value,FactValueTranslationID,FactComments,Language,DateModified,IndicatorCoder,Indicatorr,ValueTyper,ParentLocationCoder,ParentLocationr,Location typer,SpatialDimValueCoder,Period typer,Periodr,IsLatestYearr,Dim1 typer,Dim1r,Dim1ValueCoder,Dim2 typer,Dim2r,Dim2ValueCoder,Dim3 typer,Dim3r,Dim3ValueCoder,DataSourceDimValueCoder,DataSourcer,FactValueNumericPrefixr,FactValueNumericr,FactValueUoMr,FactValueNumericLowPrefixr,FactValueNumericLowr,FactValueNumericHighPrefixr,FactValueNumericHighr,Valuer,FactValueTranslationIDr,Languager,DateModifiedr
4,Romania,WHOSIS_000003,Neonatal mortality rate (per 1000 live births),text,EUR,Europe,Country,ROU,Year,2000,False,Sex,Both sexes,SEX_BTSX,Age Group,0-27 days,AGEGROUP_DAYS0-27,,,,,,,10.41,,,9.08,,11.84,10.4 [9.1-11.8],,,EN,2025-04-14T22:00:00.000Z,MDG_0000000025,Births attended by skilled health personnel (%),text,EUR,Europe,Country,ROU,Year,2000,False,,,,,,,,,,,,,99,,,,,,99,,EN,2025-04-06T22:00:00.000Z
5,Venezuela (Bolivarian Republic of),WHOSIS_000003,Neonatal mortality rate (per 1000 live births),text,AMR,Americas,Country,VEN,Year,2000,False,Sex,Both sexes,SEX_BTSX,Age Group,0-27 days,AGEGROUP_DAYS0-27,,,,,,,10.8,,,10.27,,11.34,10.8 [10.3-11.3],,,EN,2025-04-14T22:00:00.000Z,MDG_0000000025,Births attended by skilled health personnel (%),text,AMR,Americas,Country,VEN,Year,2000,False,,,,,,,,,,,,,94,,,,,,94,,EN,2025-04-06T22:00:00.000Z
6,Antigua and Barbuda,WHOSIS_000003,Neonatal mortality rate (per 1000 live births),text,AMR,Americas,Country,ATG,Year,2000,False,Sex,Both sexes,SEX_BTSX,Age Group,0-27 days,AGEGROUP_DAYS0-27,,,,,,,10.86,,,9.6,,12.27,10.9 [9.6-12.3],,,EN,2025-04-14T22:00:00.000Z,MDG_0000000025,Births attended by skilled health personnel (%),text,AMR,Americas,Country,ATG,Year,2000,False,,,,,,,,,,,,,100,,,,,,100,,EN,2025-04-06T22:00:00.000Z
8,Ukraine,WHOSIS_000003,Neonatal mortality rate (per 1000 live births),text,EUR,Europe,Country,UKR,Year,2000,False,Sex,Both sexes,SEX_BTSX,Age Group,0-27 days,AGEGROUP_DAYS0-27,,,,,,,11.01,,,9.31,,12.88,11.0 [9.3-12.9],,"The State Statistics Service of Ukraine (SSSU) have suspended the compilation of impartial statistical information on births and deaths starting from 2022 and on the number of population starting from data as of January 1, 2023, onwards. Consequently, no data is available for 2022.",EN,2025-04-14T22:00:00.000Z,MDG_0000000025,Births attended by skilled health personnel (%),text,EUR,Europe,Country,UKR,Year,2000,False,,,,,,,,,,,,,100,,,,,,100,,EN,2025-04-06T22:00:00.000Z
9,Argentina,WHOSIS_000003,Neonatal mortality rate (per 1000 live births),text,AMR,Americas,Country,ARG,Year,2000,False,Sex,Both sexes,SEX_BTSX,Age Group,0-27 days,AGEGROUP_DAYS0-27,,,,,,,11.13,,,10.76,,11.5,11.1 [10.8-11.5],,,EN,2025-04-14T22:00:00.000Z,MDG_0000000025,Births attended by skilled health personnel (%),text,AMR,Americas,Country,ARG,Year,2000,False,,,,,,,,,,,,,99,,,,,,99,,EN,2025-04-06T22:00:00.000Z
10,Saint Lucia,WHOSIS_000003,Neonatal mortality rate (per 1000 live births),text,AMR,Americas,Country,LCA,Year,2000,False,Sex,Both sexes,SEX_BTSX,Age Group,0-27 days,AGEGROUP_DAYS0-27,,,,,,,11.41,,,10.45,,12.42,11.4 [10.4-12.4],,,EN,2025-04-14T22:00:00.000Z,MDG_0000000025,Births attended by skilled health personnel (%),text,AMR,Americas,Country,LCA,Year,2000,False,,,,,,,,,,,,,100,,,,,,100,,EN,2025-04-06T22:00:00.000Z
13,Belize,WHOSIS_000003,Neonatal mortality rate (per 1000 live births),text,AMR,Americas,Country,BLZ,Year,2000,False,Sex,Both sexes,SEX_BTSX,Age Group,0-27 days,AGEGROUP_DAYS0-27,,,,,,,12.12,,,10.83,,13.46,12.1 [10.8-13.5],,,EN,2025-04-14T22:00:00.000Z,MDG_0000000025,Births attended by skilled health personnel (%),text,AMR,Americas,Country,BLZ,Year,2000,False,,,,,,,,,,,,,90,,,,,,90,,EN,2025-04-06T22:00:00.000Z
15,Albania,WHOSIS_000003,Neonatal mortality rate (per 1000 live births),text,EUR,Europe,Country,ALB,Year,2000,False,Sex,Both sexes,SEX_BTSX,Age Group,0-27 days,AGEGROUP_DAYS0-27,,,,,,,12.13,,,9.8,,14.75,12.1 [9.8-14.7],,,EN,2025-04-14T22:00:00.000Z,MDG_0000000025,Births attended by skilled health personnel (%),text,EUR,Europe,Country,ALB,Year,2000,False,,,,,,,,,,,,,99,,,,,,99,,EN,2025-04-06T22:00:00.000Z
16,Panama,WHOSIS_000003,Neonatal mortality rate (per 1000 live births),text,AMR,Americas,Country,PAN,Year,2000,False,Sex,Both sexes,SEX_BTSX,Age Group,0-27 days,AGEGROUP_DAYS0-27,,,,,,,12.18,,,9.63,,14.97,12.2 [9.6-15.0],,,EN,2025-04-14T22:00:00.000Z,MDG_0000000025,Births attended by skilled health personnel (%),text,AMR,Americas,Country,PAN,Year,2000,False,,,,,,,,,,,,,91,,,,,,91,,EN,2025-04-06T22:00:00.000Z
18,Dominica,WHOSIS_000003,Neonatal mortality rate (per 1000 live births),text,AMR,Americas,Country,DMA,Year,2000,False,Sex,Both sexes,SEX_BTSX,Age Group,0-27 days,AGEGROUP_DAYS0-27,,,,,,,12.58,,,11.43,,13.79,12.6 [11.4-13.8],,,EN,2025-04-14T22:00:00.000Z,MDG_0000000025,Births attended by skilled health personnel (%),text,AMR,Americas,Country,DMA,Year,2000,False,,,,,,,,,,,,,100,,,,,,100,,EN,2025-04-06T22:00:00.000Z
19,Saint Vincent and the Grenadines,WHOSIS_000003,Neonatal mortality rate (per 1000 live births),text,AMR,Americas,Country,VCT,Year,2000,False,Sex,Both sexes,SEX_BTSX,Age Group,0-27 days,AGEGROUP_DAYS0-27,,,,,,,13.29,,,12.05,,14.67,13.3 [12.1-14.7],,,EN,2025-04-14T22:00:00.000Z,MDG_0000000025,Births attended by skilled health personnel (%),text,AMR,Americas,Country,VCT,Year,2000,False,,,,,,,,,,,,,100,,,,,,100,,EN,2025-04-06T22:00:00.000Z
20,Colombia,WHOSIS_000003,Neonatal mortality rate (per 1000 live births),text,AMR,Americas,Country,COL,Year,2000,False,Sex,Both sexes,SEX_BTSX,Age Group,0-27 days,AGEGROUP_DAYS0-27,,,,,,,13.51,,,12.25,,14.99,13.5 [12.2-15.0],,,EN,2025-04-14T22:00:00.000Z,MDG_0000000025,Births attended by skilled health personnel (%),text,AMR,Americas,Country,COL,Year,2000,False,,,,,,,,,,,,,86,,,,,,86,,EN,2025-04-06T22:00:00.000Z
21,Ecuador,WHOSIS_000003,Neonatal mortality rate (per 1000 live births),text,AMR,Americas,Country,ECU,Year,2000,False,Sex,Both sexes,SEX_BTSX,Age Group,0-27 days,AGEGROUP_DAYS0-27,,,,,,,14.18,,,12.13,,16.56,14.2 [12.1-16.6],,,EN,2025-04-14T22:00:00.000Z,MDG_0000000025,Births attended by skilled health personnel (%),text,AMR,Americas,Country,ECU,Year,2000,False,,,,,,,,,,,,,71,,,,,,71,,EN,2025-04-06T22:00:00.000Z
22,Mexico,WHOSIS_000003,Neonatal mortality rate (per 1000 live births),text,AMR,Americas,Country,MEX,Year,2000,False,Sex,Both sexes,SEX_BTSX,Age Group,0-27 days,AGEGROUP_DAYS0-27,,,,,,,14.23,,,12.64,,15.99,14.2 [12.6-16.0],,,EN,2025-04-14T22:00:00.000Z,MDG_0000000025,Births attended by skilled health personnel (%),text,AMR,Americas,Country,MEX,Year,2000,False,,,,,,,,,,,,,89,,,,,,89,,EN,2025-04-06T22:00:00.000Z
26,Saint Kitts and Nevis,WHOSIS_000003,Neonatal mortality rate (per 1000 live births),text,AMR,Americas,Country,KNA,Year,2000,False,Sex,Both sexes,SEX_BTSX,Age Group,0-27 days,AGEGROUP_DAYS0-27,,,,,,,15.24,,,13.22,,17.47,15.2 [13.2-17.5],,,EN,2025-04-14T22:00:00.000Z,MDG_0000000025,Births attended by skilled health personnel (%),text,AMR,Americas,Country,KNA,Year,2000,False,,,,,,,,,,,,,99,,,,,,99,,EN,2025-04-06T22:00:00.000Z
27,Peru,WHOSIS_000003,Neonatal mortality rate (per 1000 live births),text,AMR,Americas,Country,PER,Year,2000,False,Sex,Both sexes,SEX_BTSX,Age Group,0-27 days,AGEGROUP_DAYS0-27,,,,,,,15.84,,,14.51,,17.18,15.8 [14.5-17.2],,,EN,2025-04-14T22:00:00.000Z,MDG_0000000025,Births attended by skilled health personnel (%),text,AMR,Americas,Country,PER,Year,2000,False,,,,,,,,,,,,,59,,,,,,59,,EN,2025-04-06T22:00:00.000Z
28,Jamaica,WHOSIS_000003,Neonatal mortality rate (per 1000 live births),text,AMR,Americas,Country,JAM,Year,2000,False,Sex,Both sexes,SEX_BTSX,Age Group,0-27 days,AGEGROUP_DAYS0-27,,,,,,,16.09,,,13.74,,18.96,16.1 [13.7-19.0],,,EN,2025-04-14T22:00:00.000Z,MDG_0000000025,Births attended by skilled health personnel (%),text,AMR,Americas,Country,JAM,Year,2000,False,,,,,,,,,,,,,96,,,,,,96,,EN,2025-04-06T22:00:00.000Z
29,Armenia,WHOSIS_000003,Neonatal mortality rate (per 1000 live births),text,EUR,Europe,Country,ARM,Year,2000,False,Sex,Both sexes,SEX_BTSX,Age Group,0-27 days,AGEGROUP_DAYS0-27,,,,,,,16.1,,,13.91,,18.45,16.1 [13.9-18.4],,,EN,2025-04-14T22:00:00.000Z,MDG_0000000025,Births attended by skilled health personnel (%),text,EUR,Europe,Country,ARM,Year,2000,False,,,,,,,,,,,,,97,,,,,,97,,EN,2025-04-06T22:00:00.000Z
31,Suriname,WHOSIS_000003,Neonatal mortality rate (per 1000 live births),text,AMR,Americas,Country,SUR,Year,2000,False,Sex,Both sexes,SEX_BTSX,Age Group,0-27 days,AGEGROUP_DAYS0-27,,,,,,,16.94,,,12.88,,21.25,16.9 [12.9-21.3],,,EN,2025-04-14T22:00:00.000Z,MDG_0000000025,Births attended by skilled health personnel (%),text,AMR,Americas,Country,SUR,Year,2000,False,,,,,,,,,,,,,71,,,,,,71,,EN,2025-04-06T22:00:00.000Z
35,Paraguay,WHOSIS_000003,Neonatal mortality rate (per 1000 live births),text,AMR,Americas,Country,PRY,Year,2000,False,Sex,Both sexes,SEX_BTSX,Age Group,0-27 days,AGEGROUP_DAYS0-27,,,,,,,17.96,,,14.59,,22.33,18.0 [14.6-22.3],,,EN,2025-04-14T22:00:00.000Z,MDG_0000000025,Births attended by skilled health personnel (%),text,AMR,Americas,Country,PRY,Year,2000,False,,,,,,,,,,,,,85,,,,,,85,,EN,2025-04-06T22:00:00.000Z
36,Brazil,WHOSIS_000003,Neonatal mortality rate (per 1000 live births),text,AMR,Americas,Country,BRA,Year,2000,False,Sex,Both sexes,SEX_BTSX,Age Group,0-27 days,AGEGROUP_DAYS0-27,,,,,,,18.13,,,15.78,,20.64,18.1 [15.8-20.6],,,EN,2025-04-14T22:00:00.000Z,MDG_0000000025,Births attended by skilled health personnel (%),text,AMR,Americas,Country,BRA,Year,2000,False,,,,,,,,,,,,,99,,,,,,99,,EN,2025-04-06T22:00:00.000Z
38,Trinidad and Tobago,WHOSIS_000003,Neonatal mortality rate (per 1000 live births),text,AMR,Americas,Country,TTO,Year,2000,False,Sex,Both sexes,SEX_BTSX,Age Group,0-27 days,AGEGROUP_DAYS0-27,,,,,,,19.7,,,16.79,,23.33,19.7 [16.8-23.3],,,EN,2025-04-14T22:00:00.000Z,MDG_0000000025,Births attended by skilled health personnel (%),text,AMR,Americas,Country,TTO,Year,2000,False,,,,,,,,,,,,,96,,,,,,96,,EN,2025-04-06T22:00:00.000Z
39,Iceland,WHOSIS_000003,Neonatal mortality rate (per 1000 live births),text,EUR,Europe,Country,ISL,Year,2000,False,Sex,Both sexes,SEX_BTSX,Age Group,0-27 days,AGEGROUP_DAYS0-27,,,,,,,2.11,,,1.82,,2.43,2.1 [1.8-2.4],,,EN,2025-04-14T22:00:00.000Z,MDG_0000000025,Births attended by skilled health personnel (%),text,EUR,Europe,Country,ISL,Year,2000,False,,,,,,,,,,,,,99,,,,,,99,,EN,2025-04-06T22:00:00.000Z
40,Finland,WHOSIS_000003,Neonatal mortality rate (per 1000 live births),text,EUR,Europe,Country,FIN,Year,2000,False,Sex,Both sexes,SEX_BTSX,Age Group,0-27 days,AGEGROUP_DAYS0-27,,,,,,,2.48,,,2.34,,2.62,2.5 [2.3-2.6],,,EN,2025-04-14T22:00:00.000Z,MDG_0000000025,Births attended by skilled health personnel (%),text,EUR,Europe,Country,FIN,Year,2000,False,,,,,,,,,,,,,100,,,,,,100,,EN,2025-04-06T22:00:00.000Z
41,Norway,WHOSIS_000003,Neonatal mortality rate (per 1000 live births),text,EUR,Europe,Country,NOR,Year,2000,False,Sex,Both sexes,SEX_BTSX,Age Group,0-27 days,AGEGROUP_DAYS0-27,,,,,,,2.68,,,2.53,,2.85,2.7 [2.5-2.9],,,EN,2025-04-14T22:00:00.000Z,MDG_0000000025,Births attended by skilled health personnel (%),text,EUR,Europe,Country,NOR,Year,2000,False,,,,,,,,,,,,,99,,,,,,99,,EN,2025-04-06T22:00:00.000Z
42,Czechia,WHOSIS_000003,Neonatal mortality rate (per 1000 live births),text,EUR,Europe,Country,CZE,Year,2000,False,Sex,Both sexes,SEX_BTSX,Age Group,0-27 days,AGEGROUP_DAYS0-27,,,,,,,2.7,,,2.55,,2.85,2.7 [2.6-2.9],,,EN,2025-04-14T22:00:00.000Z,MDG_0000000025,Births attended by skilled health personnel (%),text,EUR,Europe,Country,CZE,Year,2000,False,,,,,,,,,,,,,100,,,,,,100,,EN,2025-04-06T22:00:00.000Z
43,Germany,WHOSIS_000003,Neonatal mortality rate (per 1000 live births),text,EUR,Europe,Country,DEU,Year,2000,False,Sex,Both sexes,SEX_BTSX,Age Group,0-27 days,AGEGROUP_DAYS0-27,,,,,,,2.77,,,2.68,,2.86,2.8 [2.7-2.9],,,EN,2025-04-14T22:00:00.000Z,MDG_0000000025,Births attended by skilled health personnel (%),text,EUR,Europe,Country,DEU,Year,2000,False,,,,,,,,,,,,,99,,,,,,99,,EN,2025-04-06T22:00:00.000Z
44,Republic of Moldova,WHOSIS_000003,Neonatal mortality rate (per 1000 live births),text,EUR,Europe,Country,MDA,Year,2000,False,Sex,Both sexes,SEX_BTSX,Age Group,0-27 days,AGEGROUP_DAYS0-27,,,,,,,20.23,,,16.48,,24.54,20.2 [16.5-24.5],,,EN,2025-04-14T22:00:00.000Z,MDG_0000000025,Births attended by skilled health personnel (%),text,EUR,Europe,Country,MDA,Year,2000,False,,,,,,,,,,,,,98,,,,,,98,,EN,2025-04-06T22:00:00.000Z
46,Kyrgyzstan,WHOSIS_000003,Neonatal mortality rate (per 1000 live births),text,EUR,Europe,Country,KGZ,Year,2000,False,Sex,Both sexes,SEX_BTSX,Age Group,0-27 days,AGEGROUP_DAYS0-27,,,,,,,20.86,,,17.57,,24.06,20.9 [17.6-24.1],,,EN,2025-04-14T22:00:00.000Z,MDG_0000000025,Births attended by skilled health personnel (%),text,EUR,Europe,Country,KGZ,Year,2000,False,,,,,,,,,,,,,99,,,,,,99,,EN,2025-04-06T22:00:00.000Z
48,Guatemala,WHOSIS_000003,Neonatal mortality rate (per 1000 live births),text,AMR,Americas,Country,GTM,Year,2000,False,Sex,Both sexes,SEX_BTSX,Age Group,0-27 days,AGEGROUP_DAYS0-27,,,,,,,21.33,,,19.11,,23.63,21.3 [19.1-23.6],,,EN,2025-04-14T22:00:00.000Z,MDG_0000000025,Births attended by skilled health personnel (%),text,AMR,Americas,Country,GTM,Year,2000,False,,,,,,,,,,,,,41,,,,,,41,,EN,2025-04-06T22:00:00.000Z
52,Georgia,WHOSIS_000003,Neonatal mortality rate (per 1000 live births),text,EUR,Europe,Country,GEO,Year,2000,False,Sex,Both sexes,SEX_BTSX,Age Group,0-27 days,AGEGROUP_DAYS0-27,,,,,,,22.64,,,19.51,,26.61,22.6 [19.5-26.6],,,EN,2025-04-14T22:00:00.000Z,MDG_0000000025,Births attended by skilled health personnel (%),text,EUR,Europe,Country,GEO,Year,2000,False,,,,,,,,,,,,,96,,,,,,96,,EN,2025-04-06T22:00:00.000Z
53,Dominican Republic,WHOSIS_000003,Neonatal mortality rate (per 1000 live births),text,AMR,Americas,Country,DOM,Year,2000,False,Sex,Both sexes,SEX_BTSX,Age Group,0-27 days,AGEGROUP_DAYS0-27,,,,,,,23.03,,,20.92,,25.3,23.0 [20.9-25.3],,,EN,2025-04-14T22:00:00.000Z,MDG_0000000025,Births attended by skilled health personnel (%),text,AMR,Americas,Country,DOM,Year,2000,False,,,,,,,,,,,,,98,,,,,,98,,EN,2025-04-06T22:00:00.000Z
55,Kazakhstan,WHOSIS_000003,Neonatal mortality rate (per 1000 live births),text,EUR,Europe,Country,KAZ,Year,2000,False,Sex,Both sexes,SEX_BTSX,Age Group,0-27 days,AGEGROUP_DAYS0-27,,,,,,,23.82,,,20.84,,27.13,23.8 [20.8-27.1],,,EN,2025-04-14T22:00:00.000Z,MDG_0000000025,Births attended by skilled health personnel (%),text,EUR,Europe,Country,KAZ,Year,2000,False,,,,,,,,,,,,,98,,,,,,98,,EN,2025-04-06T22:00:00.000Z
61,Guyana,WHOSIS_000003,Neonatal mortality rate (per 1000 live births),text,AMR,Americas,Country,GUY,Year,2000,False,Sex,Both sexes,SEX_BTSX,Age Group,0-27 days,AGEGROUP_DAYS0-27,,,,,,,26.98,,,23.7,,30.92,27.0 [23.7-30.9],,,EN,2025-04-14T22:00:00.000Z,MDG_0000000025,Births attended by skilled health personnel (%),text,AMR,Americas,Country,GUY,Year,2000,False,,,,,,,,,,,,,83,,,,,,83,,EN,2025-04-06T22:00:00.000Z
63,Tajikistan,WHOSIS_000003,Neonatal mortality rate (per 1000 live births),text,EUR,Europe,Country,TJK,Year,2000,False,Sex,Both sexes,SEX_BTSX,Age Group,0-27 days,AGEGROUP_DAYS0-27,,,,,,,28.21,,,24.06,,33.17,28.2 [24.1-33.2],,,EN,2025-04-14T22:00:00.000Z,MDG_0000000025,Births attended by skilled health personnel (%),text,EUR,Europe,Country,TJK,Year,2000,False,,,,,,,,,,,,,71,,,,,,71,,EN,2025-04-06T22:00:00.000Z
64,Uzbekistan,WHOSIS_000003,Neonatal mortality rate (per 1000 live births),text,EUR,Europe,Country,UZB,Year,2000,False,Sex,Both sexes,SEX_BTSX,Age Group,0-27 days,AGEGROUP_DAYS0-27,,,,,,,28.45,,,24.41,,33.0,28.4 [24.4-33.0],,"The most recent official national estimates of neonatal, infant and under-five mortality rates in Uzbekistan are from the vital registration system, with a rate of 4.5, 8.7 and 11.4 deaths per 1,000 live births for both sexes, respectively, in 2022. The most recent official sex-specific estimates from the vital registration system for infant and under-five mortality for males are 9.6 and 12.4 deaths per 1,000 live births and 7.7 and 10.2 deaths per 1,000 live births for females, respectively, in 2022.",EN,2025-04-14T22:00:00.000Z,MDG_0000000025,Births attended by skilled health personnel (%),text,EUR,Europe,Country,UZB,Year,2000,False,,,,,,,,,,,,,95,,,,,,95,,EN,2025-04-06T22:00:00.000Z
65,Turkmenistan,WHOSIS_000003,Neonatal mortality rate (per 1000 live births),text,EUR,Europe,Country,TKM,Year,2000,False,Sex,Both sexes,SEX_BTSX,Age Group,0-27 days,AGEGROUP_DAYS0-27,,,,,,,29.72,,,24.77,,35.53,29.7 [24.8-35.5],,,EN,2025-04-14T22:00:00.000Z,MDG_0000000025,Births attended by skilled health personnel (%),text,EUR,Europe,Country,TKM,Year,2000,False,,,,,,,,,,,,,97,,,,,,97,,EN,2025-04-06T22:00:00.000Z
66,Haiti,WHOSIS_000003,Neonatal mortality rate (per 1000 live births),text,AMR,Americas,Country,HTI,Year,2000,False,Sex,Both sexes,SEX_BTSX,Age Group,0-27 days,AGEGROUP_DAYS0-27,,,,,,,29.74,,,26.13,,33.64,29.7 [26.1-33.6],,,EN,2025-04-14T22:00:00.000Z,MDG_0000000025,Births attended by skilled health personnel (%),text,AMR,Americas,Country,HTI,Year,2000,False,,,,,,,,,,,,,24,,,,,,24,,EN,2025-04-06T22:00:00.000Z
67,Bolivia (Plurinational State of),WHOSIS_000003,Neonatal mortality rate (per 1000 live births),text,AMR,Americas,Country,BOL,Year,2000,False,Sex,Both sexes,SEX_BTSX,Age Group,0-27 days,AGEGROUP_DAYS0-27,,,,,,,29.66,,,26.16,,32.95,29.7 [26.2-32.9],,,EN,2025-04-14T22:00:00.000Z,MDG_0000000025,Births attended by skilled health personnel (%),text,AMR,Americas,Country,BOL,Year,2000,False,,,,,,,,,,,,,67,,,,,,67,,EN,2025-04-06T22:00:00.000Z
68,Austria,WHOSIS_000003,Neonatal mortality rate (per 1000 live births),text,EUR,Europe,Country,AUT,Year,2000,False,Sex,Both sexes,SEX_BTSX,Age Group,0-27 days,AGEGROUP_DAYS0-27,,,,,,,3.08,,,2.93,,3.24,3.1 [2.9-3.2],,,EN,2025-04-14T22:00:00.000Z,MDG_0000000025,Births attended by skilled health personnel (%),text,EUR,Europe,Country,AUT,Year,2000,False,,,,,,,,,,,,,98,,,,,,98,,EN,2025-04-06T22:00:00.000Z
69,Slovenia,WHOSIS_000003,Neonatal mortality rate (per 1000 live births),text,EUR,Europe,Country,SVN,Year,2000,False,Sex,Both sexes,SEX_BTSX,Age Group,0-27 days,AGEGROUP_DAYS0-27,,,,,,,3.23,,,2.99,,3.51,3.2 [3.0-3.5],,,EN,2025-04-14T22:00:00.000Z,MDG_0000000025,Births attended by skilled health personnel (%),text,EUR,Europe,Country,SVN,Year,2000,False,,,,,,,,,,,,,100,,,,,,100,,EN,2025-04-06T22:00:00.000Z
71,Denmark,WHOSIS_000003,Neonatal mortality rate (per 1000 live births),text,EUR,Europe,Country,DNK,Year,2000,False,Sex,Both sexes,SEX_BTSX,Age Group,0-27 days,AGEGROUP_DAYS0-27,,,,,,,3.5,,,3.28,,3.72,3.5 [3.3-3.7],,,EN,2025-04-14T22:00:00.000Z,MDG_0000000025,Births attended by skilled health personnel (%),text,EUR,Europe,Country,DNK,Year,2000,False,,,,,,,,,,,,,99,,,,,,99,,EN,2025-04-06T22:00:00.000Z
74,Italy,WHOSIS_000003,Neonatal mortality rate (per 1000 live births),text,EUR,Europe,Country,ITA,Year,2000,False,Sex,Both sexes,SEX_BTSX,Age Group,0-27 days,AGEGROUP_DAYS0-27,,,,,,,3.48,,,3.37,,3.58,3.5 [3.4-3.6],,,EN,2025-04-14T22:00:00.000Z,MDG_0000000025,Births attended by skilled health personnel (%),text,EUR,Europe,Country,ITA,Year,1999-2000,False,,,,,,,,,,,,,100,,,,,,100,,EN,2025-04-06T22:00:00.000Z
75,Cyprus,WHOSIS_000003,Neonatal mortality rate (per 1000 live births),text,EUR,Europe,Country,CYP,Year,2000,False,Sex,Both sexes,SEX_BTSX,Age Group,0-27 days,AGEGROUP_DAYS0-27,,,,,,,3.67,,,3.08,,4.21,3.7 [3.1-4.2],,"Some UN IGME indicators are calculated using population and live birth numbers from the World Population Prospects: The 2024 revision (WPP). The WPP numbers for Cyprus refer to the entire country. However, the underlying data used to calculate mortality rates estimates, provided by the Health Monitoring Unit of the Cyprus Ministry of Health, cover only the government-controlled areas, whereas according to Eurostat, the number of live births in 2023 was 10,295 (https://ec.europa.eu/eurostat/databrowser/view/tps00204/), the population on 1 January 2023 was 920,701 (https://ec.europa.eu/eurostat/databrowser/view/tps00001/), the population under 5 was 49,326,  adolescent population was 99,207 and the number of women of reproductive age was 235,268 (https://doi.org/10.2908/DEMO_PJAN).",EN,2025-04-14T22:00:00.000Z,MDG_0000000025,Births attended by skilled health personnel (%),text,EUR,Europe,Country,CYP,Year,2000,False,,,,,,,,,,,,,98,,,,,,98,,EN,2025-04-06T22:00:00.000Z
76,Canada,WHOSIS_000003,Neonatal mortality rate (per 1000 live births),text,AMR,Americas,Country,CAN,Year,2000,False,Sex,Both sexes,SEX_BTSX,Age Group,0-27 days,AGEGROUP_DAYS0-27,,,,,,,3.76,,,3.65,,3.86,3.8 [3.6-3.9],,,EN,2025-04-14T22:00:00.000Z,MDG_0000000025,Births attended by skilled health personnel (%),text,AMR,Americas,Country,CAN,Year,2000,False,,,,,,,,,,,,,99,,,,,,99,,EN,2025-04-06T22:00:00.000Z
77,Greece,WHOSIS_000003,Neonatal mortality rate (per 1000 live births),text,EUR,Europe,Country,GRC,Year,2000,False,Sex,Both sexes,SEX_BTSX,Age Group,0-27 days,AGEGROUP_DAYS0-27,,,,,,,3.93,,,3.76,,4.11,3.9 [3.8-4.1],,,EN,2025-04-14T22:00:00.000Z,MDG_0000000025,Births attended by skilled health personnel (%),text,EUR,Europe,Country,GRC,Year,2000,False,,,,,,,,,,,,,100,,,,,,100,,EN,2025-04-06T22:00:00.000Z
81,Azerbaijan,WHOSIS_000003,Neonatal mortality rate (per 1000 live births),text,EUR,Europe,Country,AZE,Year,2000,False,Sex,Both sexes,SEX_BTSX,Age Group,0-27 days,AGEGROUP_DAYS0-27,,,,,,,34.36,,,29.13,,40.65,34.4 [29.1-40.6],,,EN,2025-04-14T22:00:00.000Z,MDG_0000000025,Births attended by skilled health personnel (%),text,EUR,Europe,Country,AZE,Year,2000,False,,,,,,,,,,,,,81,,,,,,81,,EN,2025-04-06T22:00:00.000Z
93,Ireland,WHOSIS_000003,Neonatal mortality rate (per 1000 live births),text,EUR,Europe,Country,IRL,Year,2000,False,Sex,Both sexes,SEX_BTSX,Age Group,0-27 days,AGEGROUP_DAYS0-27,,,,,,,4.03,,,3.81,,4.26,4.0 [3.8-4.3],,,EN,2025-04-14T22:00:00.000Z,MDG_0000000025,Births attended by skilled health personnel (%),text,EUR,Europe,Country,IRL,Year,2000,False,,,,,,,,,,,,,100,,,,,,100,,EN,2025-04-06T22:00:00.000Z
94,Cuba,WHOSIS_000003,Neonatal mortality rate (per 1000 live births),text,AMR,Americas,Country,CUB,Year,2000,False,Sex,Both sexes,SEX_BTSX,Age Group,0-27 days,AGEGROUP_DAYS0-27,,,,,,,4.13,,,3.66,,4.68,4.1 [3.7-4.7],,,EN,2025-04-14T22:00:00.000Z,MDG_0000000025,Births attended by skilled health personnel (%),text,AMR,Americas,Country,CUB,Year,2000,False,,,,,,,,,,,,,100,,,,,,100,,EN,2025-04-06T22:00:00.000Z
95,Lithuania,WHOSIS_000003,Neonatal mortality rate (per 1000 live births),text,EUR,Europe,Country,LTU,Year,2000,False,Sex,Both sexes,SEX_BTSX,Age Group,0-27 days,AGEGROUP_DAYS0-27,,,,,,,4.52,,,4.15,,4.92,4.5 [4.2-4.9],,,EN,2025-04-14T22:00:00.000Z,MDG_0000000025,Births attended by skilled health personnel (%),text,EUR,Europe,Country,LTU,Year,2000,False,,,,,,,,,,,,,100,,,,,,100,,EN,2025-04-06T22:00:00.000Z
96,United States of America,WHOSIS_000003,Neonatal mortality rate (per 1000 live births),text,AMR,Americas,Country,USA,Year,2000,False,Sex,Both sexes,SEX_BTSX,Age Group,0-27 days,AGEGROUP_DAYS0-27,,,,,,,4.64,,,4.52,,4.76,4.6 [4.5-4.8],,,EN,2025-04-14T22:00:00.000Z,MDG_0000000025,Births attended by skilled health personnel (%),text,AMR,Americas,Country,USA,Year,2000,False,,,,,,,,,,,,,99,,,,,,99,,EN,2025-04-06T22:00:00.000Z
114,Slovakia,WHOSIS_000003,Neonatal mortality rate (per 1000 live births),text,EUR,Europe,Country,SVK,Year,2000,False,Sex,Both sexes,SEX_BTSX,Age Group,0-27 days,AGEGROUP_DAYS0-27,,,,,,,4.98,,,4.74,,5.24,5.0 [4.7-5.2],,,EN,2025-04-14T22:00:00.000Z,MDG_0000000025,Births attended by skilled health personnel (%),text,EUR,Europe,Country,SVK,Year,2000,False,,,,,,,,,,,,,100,,,,,,100,,EN,2025-04-06T22:00:00.000Z
115,Belarus,WHOSIS_000003,Neonatal mortality rate (per 1000 live births),text,EUR,Europe,Country,BLR,Year,2000,False,Sex,Both sexes,SEX_BTSX,Age Group,0-27 days,AGEGROUP_DAYS0-27,,,,,,,5.22,,,4.14,,6.3,5.2 [4.1-6.3],,,EN,2025-04-14T22:00:00.000Z,MDG_0000000025,Births attended by skilled health personnel (%),text,EUR,Europe,Country,BLR,Year,2000,False,,,,,,,,,,,,,100,,,,,,100,,EN,2025-04-06T22:00:00.000Z
116,Estonia,WHOSIS_000003,Neonatal mortality rate (per 1000 live births),text,EUR,Europe,Country,EST,Year,2000,False,Sex,Both sexes,SEX_BTSX,Age Group,0-27 days,AGEGROUP_DAYS0-27,,,,,,,5.32,,,4.83,,5.81,5.3 [4.8-5.8],,,EN,2025-04-14T22:00:00.000Z,MDG_0000000025,Births attended by skilled health personnel (%),text,EUR,Europe,Country,EST,Year,2000,False,,,,,,,,,,,,,100,,,,,,100,,EN,2025-04-06T22:00:00.000Z
117,Croatia,WHOSIS_000003,Neonatal mortality rate (per 1000 live births),text,EUR,Europe,Country,HRV,Year,2000,False,Sex,Both sexes,SEX_BTSX,Age Group,0-27 days,AGEGROUP_DAYS0-27,,,,,,,5.55,,,5.26,,5.86,5.5 [5.3-5.9],,,EN,2025-04-14T22:00:00.000Z,MDG_0000000025,Births attended by skilled health personnel (%),text,EUR,Europe,Country,HRV,Year,2000,False,,,,,,,,,,,,,100,,,,,,100,,EN,2025-04-06T22:00:00.000Z
118,Hungary,WHOSIS_000003,Neonatal mortality rate (per 1000 live births),text,EUR,Europe,Country,HUN,Year,2000,False,Sex,Both sexes,SEX_BTSX,Age Group,0-27 days,AGEGROUP_DAYS0-27,,,,,,,5.73,,,5.49,,5.97,5.7 [5.5-6.0],,,EN,2025-04-14T22:00:00.000Z,MDG_0000000025,Births attended by skilled health personnel (%),text,EUR,Europe,Country,HUN,Year,2000,False,,,,,,,,,,,,,100,,,,,,100,,EN,2025-04-06T22:00:00.000Z
119,Chile,WHOSIS_000003,Neonatal mortality rate (per 1000 live births),text,AMR,Americas,Country,CHL,Year,2000,False,Sex,Both sexes,SEX_BTSX,Age Group,0-27 days,AGEGROUP_DAYS0-27,,,,,,,5.75,,,5.52,,5.98,5.8 [5.5-6.0],,,EN,2025-04-14T22:00:00.000Z,MDG_0000000025,Births attended by skilled health personnel (%),text,AMR,Americas,Country,CHL,Year,2000,False,,,,,,,,,,,,,100,,,,,,100,,EN,2025-04-06T22:00:00.000Z
120,Poland,WHOSIS_000003,Neonatal mortality rate (per 1000 live births),text,EUR,Europe,Country,POL,Year,2000,False,Sex,Both sexes,SEX_BTSX,Age Group,0-27 days,AGEGROUP_DAYS0-27,,,,,,,5.78,,,5.6,,5.96,5.8 [5.6-6.0],,,EN,2025-04-14T22:00:00.000Z,MDG_0000000025,Births attended by skilled health personnel (%),text,EUR,Europe,Country,POL,Year,2000,False,,,,,,,,,,,,,99,,,,,,99,,EN,2025-04-06T22:00:00.000Z
123,Bosnia and Herzegovina,WHOSIS_000003,Neonatal mortality rate (per 1000 live births),text,EUR,Europe,Country,BIH,Year,2000,False,Sex,Both sexes,SEX_BTSX,Age Group,0-27 days,AGEGROUP_DAYS0-27,,,,,,,6.56,,,6.24,,6.89,6.6 [6.2-6.9],,,EN,2025-04-14T22:00:00.000Z,MDG_0000000025,Births attended by skilled health personnel (%),text,EUR,Europe,Country,BIH,Year,2000,False,,,,,,,,,,,,,99,,,,,,99,,EN,2025-04-06T22:00:00.000Z
126,Costa Rica,WHOSIS_000003,Neonatal mortality rate (per 1000 live births),text,AMR,Americas,Country,CRI,Year,2000,False,Sex,Both sexes,SEX_BTSX,Age Group,0-27 days,AGEGROUP_DAYS0-27,,,,,,,7.62,,,7.28,,7.98,7.6 [7.3-8.0],,,EN,2025-04-14T22:00:00.000Z,MDG_0000000025,Births attended by skilled health personnel (%),text,AMR,Americas,Country,CRI,Year,1999-2000,False,,,,,,,,,,,,,97,,,,,,97,,EN,2025-04-06T22:00:00.000Z
127,Serbia,WHOSIS_000003,Neonatal mortality rate (per 1000 live births),text,EUR,Europe,Country,SRB,Year,2000,False,Sex,Both sexes,SEX_BTSX,Age Group,0-27 days,AGEGROUP_DAYS0-27,,,,,,,7.72,,,7.35,,8.08,7.7 [7.3-8.1],,,EN,2025-04-14T22:00:00.000Z,MDG_0000000025,Births attended by skilled health personnel (%),text,EUR,Europe,Country,SRB,Year,2000,False,,,,,,,,,,,,,98,,,,,,98,,EN,2025-04-06T22:00:00.000Z
128,Grenada,WHOSIS_000003,Neonatal mortality rate (per 1000 live births),text,AMR,Americas,Country,GRD,Year,2000,False,Sex,Both sexes,SEX_BTSX,Age Group,0-27 days,AGEGROUP_DAYS0-27,,,,,,,7.79,,,6.8,,8.91,7.8 [6.8-8.9],,,EN,2025-04-14T22:00:00.000Z,MDG_0000000025,Births attended by skilled health personnel (%),text,AMR,Americas,Country,GRD,Year,2000,False,,,,,,,,,,,,,100,,,,,,100,,EN,2025-04-06T22:00:00.000Z
129,Bahamas,WHOSIS_000003,Neonatal mortality rate (per 1000 live births),text,AMR,Americas,Country,BHS,Year,2000,False,Sex,Both sexes,SEX_BTSX,Age Group,0-27 days,AGEGROUP_DAYS0-27,,,,,,,7.87,,,7.11,,8.68,7.9 [7.1-8.7],,,EN,2025-04-14T22:00:00.000Z,MDG_0000000025,Births attended by skilled health personnel (%),text,AMR,Americas,Country,BHS,Year,2000,False,,,,,,,,,,,,,99,,,,,,99,,EN,2025-04-06T22:00:00.000Z
130,Bulgaria,WHOSIS_000003,Neonatal mortality rate (per 1000 live births),text,EUR,Europe,Country,BGR,Year,2000,False,Sex,Both sexes,SEX_BTSX,Age Group,0-27 days,AGEGROUP_DAYS0-27,,,,,,,7.9,,,7.54,,8.26,7.9 [7.5-8.3],,,EN,2025-04-14T22:00:00.000Z,MDG_0000000025,Births attended by skilled health personnel (%),text,EUR,Europe,Country,BGR,Year,2000,False,,,,,,,,,,,,,99,,,,,,99,,EN,2025-04-06T22:00:00.000Z
131,Uruguay,WHOSIS_000003,Neonatal mortality rate (per 1000 live births),text,AMR,Americas,Country,URY,Year,2000,False,Sex,Both sexes,SEX_BTSX,Age Group,0-27 days,AGEGROUP_DAYS0-27,,,,,,,8.42,,,7.78,,9.11,8.4 [7.8-9.1],,,EN,2025-04-14T22:00:00.000Z,MDG_0000000025,Births attended by skilled health personnel (%),text,AMR,Americas,Country,URY,Year,2000,False,,,,,,,,,,,,,100,,,,,,100,,EN,2025-04-06T22:00:00.000Z
132,Montenegro,WHOSIS_000003,Neonatal mortality rate (per 1000 live births),text,EUR,Europe,Country,MNE,Year,2000,False,Sex,Both sexes,SEX_BTSX,Age Group,0-27 days,AGEGROUP_DAYS0-27,,,,,,,8.49,,,7.58,,9.37,8.5 [7.6-9.4],,,EN,2025-04-14T22:00:00.000Z,MDG_0000000025,Births attended by skilled health personnel (%),text,EUR,Europe,Country,MNE,Year,2000,False,,,,,,,,,,,,,99,,,,,,99,,EN,2025-04-06T22:00:00.000Z
135,Russian Federation,WHOSIS_000003,Neonatal mortality rate (per 1000 live births),text,EUR,Europe,Country,RUS,Year,2000,False,Sex,Both sexes,SEX_BTSX,Age Group,0-27 days,AGEGROUP_DAYS0-27,,,,,,,9.01,,,7.96,,9.99,9.0 [8.0-10.0],,,EN,2025-04-14T22:00:00.000Z,MDG_0000000025,Births attended by skilled health personnel (%),text,EUR,Europe,Country,RUS,Year,2000,False,,,,,,,,,,,,,99,,,,,,99,,EN,2025-04-06T22:00:00.000Z
136,Barbados,WHOSIS_000003,Neonatal mortality rate (per 1000 live births),text,AMR,Americas,Country,BRB,Year,2000,False,Sex,Both sexes,SEX_BTSX,Age Group,0-27 days,AGEGROUP_DAYS0-27,,,,,,,8.97,,,8.11,,9.87,9.0 [8.1-9.9],,,EN,2025-04-14T22:00:00.000Z,MDG_0000000025,Births attended by skilled health personnel (%),text,AMR,Americas,Country,BRB,Year,2000,False,,,,,,,,,,,,,98,,,,,,98,,EN,2025-04-06T22:00:00.000Z
137,North Macedonia,WHOSIS_000003,Neonatal mortality rate (per 1000 live births),text,EUR,Europe,Country,MKD,Year,2000,False,Sex,Both sexes,SEX_BTSX,Age Group,0-27 days,AGEGROUP_DAYS0-27,,,,,,,9.03,,,8.44,,9.65,9.0 [8.4-9.6],,,EN,2025-04-14T22:00:00.000Z,MDG_0000000025,Births attended by skilled health personnel (%),text,EUR,Europe,Country,MKD,Year,2000,False,,,,,,,,,,,,,98,,,,,,98,,EN,2025-04-06T22:00:00.000Z
