IndicatorCode,Indicator,ValueType,ParentLocationCode,ParentLocation,Location type,SpatialDimValueCode,Location,Period type,Period,IsLatestYear,Dim1 type,Dim1,Dim1ValueCode,Dim2 type,Dim2,Dim2ValueCode,Dim3 type,Dim3,Dim3ValueCode,DataSourceDimValueCode,DataSource,FactValueNumericPrefix,FactValueNumeric,FactValueUoM,FactValueNumericLowPrefix,FactValueNumericLow,FactValueNumericHighPrefix,FactValueNumericHigh,Value,FactValueTranslationID,FactComments,Language,DateModified
AIR_42,"Ambient air pollution attributable death rate (per 100 000 population, age-standardized)",numeric,AMR,Americas,Country,BHS,Bahamas,Year,2019,true,Sex,Both sexes,SEX_BTSX,GHE cause of death codes,ALL CAUSES,GHECAUSE_GHE000000,,,,,,,10.42,,,0,,20.8,10 [0-21],,,EN,2024-10-02T22:00:00.000Z
AIR_42,"Ambient air pollution attributable death rate (per 100 000 population, age-standardized)",numeric,WPR,Western Pacific,Country,AUS,Australia,Year,2019,true,Sex,Both sexes,SEX_BTSX,GHE cause of death codes,ALL CAUSES,GHECAUSE_GHE000000,,,,,,,9.81,,,6.6,,13.1,10 [7-13],,,EN,2024-10-02T22:00:00.000Z
AIR_42,"Ambient air pollution attributable death rate (per 100 000 population, age-standardized)",numeric,EUR,Europe,Country,FRA,France,Year,2019,true,Sex,Both sexes,SEX_BTSX,GHE cause of death codes,ALL CAUSES,GHECAUSE_GHE000000,,,,,,,10.03,,,7.28,,13.02,10 [7-13],,,EN,2024-10-02T22:00:00.000Z
AIR_42,"Ambient air pollution attributable death rate (per 100 000 population, age-standardized)",numeric,EUR,Europe,Country,ESP,Spain,Year,2019,true,Sex,Both sexes,SEX_BTSX,GHE cause of death codes,ALL CAUSES,GHECAUSE_GHE000000,,,,,,,10.12,,,7.09,,13.32,10 [7-13],,,EN,2024-10-02T22:00:00.000Z
AIR_42,"Ambient air pollution attributable death rate (per 100 000 population, age-standardized)",numeric,EUR,Europe,Country,PRT,Portugal,Year,2019,true,Sex,Both sexes,SEX_BTSX,GHE cause of death codes,ALL CAUSES,GHECAUSE_GHE000000,,,,,,,10,,,6.74,,13.78,10 [7-14],,,EN,2024-10-02T22:00:00.000Z
AIR_42,"Ambient air pollution attributable death rate (per 100 000 population, age-standardized)",numeric,EUR,Europe,Country,CHE,Switzerland,Year,2019,true,Sex,Both sexes,SEX_BTSX,GHE cause of death codes,ALL CAUSES,GHECAUSE_GHE000000,,,,,,,10.4,,,6.9,,13.66,10 [7-14],,,EN,2024-10-02T22:00:00.000Z
AIR_42,"Ambient air pollution attributable death rate (per 100 000 population, age-standardized)",numeric,AFR,Africa,Country,CAF,Central African Republic,Year,2019,true,Sex,Both sexes,SEX_BTSX,GHE cause of death codes,ALL CAUSES,GHECAUSE_GHE000000,,,,,,,99.92,,,30.95,,176.3,100 [31-176],,,EN,2024-10-02T22:00:00.000Z
AIR_42,"Ambient air pollution attributable death rate (per 100 000 population, age-standardized)",numeric,AFR,Africa,Country,LSO,Lesotho,Year,2019,true,Sex,Both sexes,SEX_BTSX,GHE cause of death codes,ALL CAUSES,GHECAUSE_GHE000000,,,,,,,101.1,,,67.45,,134.1,101 [67-134],,,EN,2024-10-02T22:00:00.000Z
AIR_42,"Ambient air pollution attributable death rate (per 100 000 population, age-standardized)",numeric,AFR,Africa,Country,TCD,Chad,Year,2019,true,Sex,Both sexes,SEX_BTSX,GHE cause of death codes,ALL CAUSES,GHECAUSE_GHE000000,,,,,,,100.7,,,70.77,,135.7,101 [71-136],,,EN,2024-10-02T22:00:00.000Z
AIR_42,"Ambient air pollution attributable death rate (per 100 000 population, age-standardized)",numeric,AFR,Africa,Country,CMR,Cameroon,Year,2019,true,Sex,Both sexes,SEX_BTSX,GHE cause of death codes,ALL CAUSES,GHECAUSE_GHE000000,,,,,,,103,,,79.67,,128.6,103 [80-129],,,EN,2024-10-02T22:00:00.000Z
AIR_42,"Ambient air pollution attributable death rate (per 100 000 population, age-standardized)",numeric,EMR,Eastern Mediterranean,Country,OMN,Oman,Year,2019,true,Sex,Both sexes,SEX_BTSX,GHE cause of death codes,ALL CAUSES,GHECAUSE_GHE000000,,,,,,,104.1,,,72.45,,131.7,104 [72-132],,,EN,2024-10-02T22:00:00.000Z
AIR_42,"Ambient air pollution attributable death rate (per 100 000 population, age-standardized)",numeric,EMR,Eastern Mediterranean,Country,EGY,Egypt,Year,2019,true,Sex,Both sexes,SEX_BTSX,GHE cause of death codes,ALL CAUSES,GHECAUSE_GHE000000,,,,,,,104.9,,,79.4,,130,105 [79-130],,,EN,2024-10-02T22:00:00.000Z
AIR_42,"Ambient air pollution attributable death rate (per 100 000 population, age-standardized)",numeric,EMR,Eastern Mediterranean,Country,PAK,Pakistan,Year,2019,true,Sex,Both sexes,SEX_BTSX,GHE cause of death codes,ALL CAUSES,GHECAUSE_GHE000000,,,,,,,106.7,,,82.3,,131.6,107 [82-132],,,EN,2024-10-02T22:00:00.000Z
AIR_42,"Ambient air pollution attributable death rate (per 100 000 population, age-standardized)",numeric,EMR,Eastern Mediterranean,Country,YEM,Yemen,Year,2019,true,Sex,Both sexes,SEX_BTSX,GHE cause of death codes,ALL CAUSES,GHECAUSE_GHE000000,,,,,,,110.8,,,69.77,,158.5,111 [70-159],,,EN,2024-10-02T22:00:00.000Z
AIR_42,"Ambient air pollution attributable death rate (per 100 000 population, age-standardized)",numeric,EUR,Europe,Country,AZE,Azerbaijan,Year,2019,true,Sex,Both sexes,SEX_BTSX,GHE cause of death codes,ALL CAUSES,GHECAUSE_GHE000000,,,,,,,113.7,,,76.18,,148.3,114 [76-148],,,EN,2024-10-02T22:00:00.000Z
AIR_42,"Ambient air pollution attributable death rate (per 100 000 population, age-standardized)",numeric,EUR,Europe,Country,UZB,Uzbekistan,Year,2019,true,Sex,Both sexes,SEX_BTSX,GHE cause of death codes,ALL CAUSES,GHECAUSE_GHE000000,,,,,,,117.1,,,86.16,,147,117 [86-147],,,EN,2024-10-02T22:00:00.000Z
AIR_42,"Ambient air pollution attributable death rate (per 100 000 population, age-standardized)",numeric,WPR,Western Pacific,Country,JPN,Japan,Year,2019,true,Sex,Both sexes,SEX_BTSX,GHE cause of death codes,ALL CAUSES,GHECAUSE_GHE000000,,,,,,,11.79,,,8.38,,15.65,12 [8-16],,,EN,2024-10-02T22:00:00.000Z
AIR_42,"Ambient air pollution attributable death rate (per 100 000 population, age-standardized)",numeric,WPR,Western Pacific,Country,NZL,New Zealand,Year,2019,true,Sex,Both sexes,SEX_BTSX,GHE cause of death codes,ALL CAUSES,GHECAUSE_GHE000000,,,,,,,12.23,,,8.03,,16.31,12 [8-16],,,EN,2024-10-02T22:00:00.000Z
AIR_42,"Ambient air pollution attributable death rate (per 100 000 population, age-standardized)",numeric,WPR,Western Pacific,Country,MNG,Mongolia,Year,2019,true,Sex,Both sexes,SEX_BTSX,GHE cause of death codes,ALL CAUSES,GHECAUSE_GHE000000,,,,,,,119.8,,,90.83,,148.6,120 [91-149],,,EN,2024-10-02T22:00:00.000Z
AIR_42,"Ambient air pollution attributable death rate (per 100 000 population, age-standardized)",numeric,EUR,Europe,Country,EST,Estonia,Year,2019,true,Sex,Both sexes,SEX_BTSX,GHE cause of death codes,ALL CAUSES,GHECAUSE_GHE000000,,,,,,,12.8,,,7.27,,18.29,13 [7-18],,,EN,2024-10-02T22:00:00.000Z
AIR_42,"Ambient air pollution attributable death rate (per 100 000 population, age-standardized)",numeric,EUR,Europe,Country,IRL,Ireland,Year,2019,true,Sex,Both sexes,SEX_BTSX,GHE cause of death codes,ALL CAUSES,GHECAUSE_GHE000000,,,,,,,12.78,,,8.45,,17.25,13 [8-17],,,EN,2024-10-02T22:00:00.000Z
AIR_42,"Ambient air pollution attributable death rate (per 100 000 population, age-standardized)",numeric,EUR,Europe,Country,LUX,Luxembourg,Year,2019,true,Sex,Both sexes,SEX_BTSX,GHE cause of death codes,ALL CAUSES,GHECAUSE_GHE000000,,,,,,,12.51,,,8.16,,16.78,13 [8-17],,,EN,2024-10-02T22:00:00.000Z
AIR_42,"Ambient air pollution attributable death rate (per 100 000 population, age-standardized)",numeric,EUR,Europe,Country,NLD,Netherlands (Kingdom of the),Year,2019,true,Sex,Both sexes,SEX_BTSX,GHE cause of death codes,ALL CAUSES,GHECAUSE_GHE000000,,,,,,,13.15,,,9.35,,17.42,13 [9-17],,,EN,2024-10-02T22:00:00.000Z
AIR_42,"Ambient air pollution attributable death rate (per 100 000 population, age-standardized)",numeric,EUR,Europe,Country,DNK,Denmark,Year,2019,true,Sex,Both sexes,SEX_BTSX,GHE cause of death codes,ALL CAUSES,GHECAUSE_GHE000000,,,,,,,12.89,,,8.82,,17.73,13 [9-18],,,EN,2024-10-02T22:00:00.000Z
AIR_42,"Ambient air pollution attributable death rate (per 100 000 population, age-standardized)",numeric,EUR,Europe,Country,GBR,United Kingdom of Great Britain and Northern Ireland,Year,2019,true,Sex,Both sexes,SEX_BTSX,GHE cause of death codes,ALL CAUSES,GHECAUSE_GHE000000,,,,,,,13.45,,,9.46,,17.96,13 [9-18],,,EN,2024-10-02T22:00:00.000Z
AIR_42,"Ambient air pollution attributable death rate (per 100 000 population, age-standardized)",numeric,AMR,Americas,Country,USA,United States of America,Year,2019,true,Sex,Both sexes,SEX_BTSX,GHE cause of death codes,ALL CAUSES,GHECAUSE_GHE000000,,,,,,,14.22,,,8.84,,19.88,14 [9-20],,,EN,2024-10-02T22:00:00.000Z
AIR_42,"Ambient air pollution attributable death rate (per 100 000 population, age-standardized)",numeric,EMR,Eastern Mediterranean,Country,AFG,Afghanistan,Year,2019,true,Sex,Both sexes,SEX_BTSX,GHE cause of death codes,ALL CAUSES,GHECAUSE_GHE000000,,,,,,,144.7,,,112.8,,180.3,145 [113-180],,,EN,2024-10-02T22:00:00.000Z
AIR_42,"Ambient air pollution attributable death rate (per 100 000 population, age-standardized)",numeric,EUR,Europe,Country,DEU,Germany,Year,2019,true,Sex,Both sexes,SEX_BTSX,GHE cause of death codes,ALL CAUSES,GHECAUSE_GHE000000,,,,,,,14.73,,,10.07,,19.18,15 [10-19],,,EN,2024-10-02T22:00:00.000Z
AIR_42,"Ambient air pollution attributable death rate (per 100 000 population, age-standardized)",numeric,AMR,Americas,Country,CRI,Costa Rica,Year,2019,true,Sex,Both sexes,SEX_BTSX,GHE cause of death codes,ALL CAUSES,GHECAUSE_GHE000000,,,,,,,14.8,,,10.57,,19.3,15 [11-19],,,EN,2024-10-02T22:00:00.000Z
AIR_42,"Ambient air pollution attributable death rate (per 100 000 population, age-standardized)",numeric,EUR,Europe,Country,ITA,Italy,Year,2019,true,Sex,Both sexes,SEX_BTSX,GHE cause of death codes,ALL CAUSES,GHECAUSE_GHE000000,,,,,,,15,,,10.96,,18.97,15 [11-19],,,EN,2024-10-02T22:00:00.000Z
AIR_42,"Ambient air pollution attributable death rate (per 100 000 population, age-standardized)",numeric,EUR,Europe,Country,BEL,Belgium,Year,2019,true,Sex,Both sexes,SEX_BTSX,GHE cause of death codes,ALL CAUSES,GHECAUSE_GHE000000,,,,,,,15.35,,,11,,19.96,15 [11-20],,,EN,2024-10-02T22:00:00.000Z
AIR_42,"Ambient air pollution attributable death rate (per 100 000 population, age-standardized)",numeric,EUR,Europe,Country,ISR,Israel,Year,2019,true,Sex,Both sexes,SEX_BTSX,GHE cause of death codes,ALL CAUSES,GHECAUSE_GHE000000,,,,,,,15.12,,,11.83,,18.71,15 [12-19],,,EN,2024-10-02T22:00:00.000Z
AIR_42,"Ambient air pollution attributable death rate (per 100 000 population, age-standardized)",numeric,AMR,Americas,Country,URY,Uruguay,Year,2019,true,Sex,Both sexes,SEX_BTSX,GHE cause of death codes,ALL CAUSES,GHECAUSE_GHE000000,,,,,,,16.18,,,10.28,,22.41,16 [10-22],,,EN,2024-10-02T22:00:00.000Z
AIR_42,"Ambient air pollution attributable death rate (per 100 000 population, age-standardized)",numeric,EUR,Europe,Country,CYP,Cyprus,Year,2019,true,Sex,Both sexes,SEX_BTSX,GHE cause of death codes,ALL CAUSES,GHECAUSE_GHE000000,,,,,,,15.76,,,11.35,,20.16,16 [11-20],,,EN,2024-10-02T22:00:00.000Z
AIR_42,"Ambient air pollution attributable death rate (per 100 000 population, age-standardized)",numeric,EUR,Europe,Country,TJK,Tajikistan,Year,2019,true,Sex,Both sexes,SEX_BTSX,GHE cause of death codes,ALL CAUSES,GHECAUSE_GHE000000,,,,,,,159.6,,,119.5,,200,160 [119-200],,,EN,2024-10-02T22:00:00.000Z
AIR_42,"Ambient air pollution attributable death rate (per 100 000 population, age-standardized)",numeric,AMR,Americas,Country,PAN,Panama,Year,2019,true,Sex,Both sexes,SEX_BTSX,GHE cause of death codes,ALL CAUSES,GHECAUSE_GHE000000,,,,,,,17.33,,,11.33,,23.41,17 [11-23],,,EN,2024-10-02T22:00:00.000Z
AIR_42,"Ambient air pollution attributable death rate (per 100 000 population, age-standardized)",numeric,EUR,Europe,Country,AUT,Austria,Year,2019,true,Sex,Both sexes,SEX_BTSX,GHE cause of death codes,ALL CAUSES,GHECAUSE_GHE000000,,,,,,,17.49,,,11.97,,22.84,17 [12-23],,,EN,2024-10-02T22:00:00.000Z
AIR_42,"Ambient air pollution attributable death rate (per 100 000 population, age-standardized)",numeric,AMR,Americas,Country,CHL,Chile,Year,2019,true,Sex,Both sexes,SEX_BTSX,GHE cause of death codes,ALL CAUSES,GHECAUSE_GHE000000,,,,,,,17.9,,,13.79,,22.27,18 [14-22],,,EN,2024-10-02T22:00:00.000Z
AIR_42,"Ambient air pollution attributable death rate (per 100 000 population, age-standardized)",numeric,AMR,Americas,Country,ATG,Antigua and Barbuda,Year,2019,true,Sex,Both sexes,SEX_BTSX,GHE cause of death codes,ALL CAUSES,GHECAUSE_GHE000000,,,,,,,19.28,,,11.09,,28.07,19 [11-28],,,EN,2024-10-02T22:00:00.000Z
AIR_42,"Ambient air pollution attributable death rate (per 100 000 population, age-standardized)",numeric,AMR,Americas,Country,BRB,Barbados,Year,2019,true,Sex,Both sexes,SEX_BTSX,GHE cause of death codes,ALL CAUSES,GHECAUSE_GHE000000,,,,,,,18.84,,,11.62,,27.2,19 [12-27],,,EN,2024-10-02T22:00:00.000Z
AIR_42,"Ambient air pollution attributable death rate (per 100 000 population, age-standardized)",numeric,EUR,Europe,Country,SVN,Slovenia,Year,2019,true,Sex,Both sexes,SEX_BTSX,GHE cause of death codes,ALL CAUSES,GHECAUSE_GHE000000,,,,,,,18.76,,,13.79,,23.52,19 [14-24],,,EN,2024-10-02T22:00:00.000Z
AIR_42,"Ambient air pollution attributable death rate (per 100 000 population, age-standardized)",numeric,WPR,Western Pacific,Country,KOR,Republic of Korea,Year,2019,true,Sex,Both sexes,SEX_BTSX,GHE cause of death codes,ALL CAUSES,GHECAUSE_GHE000000,,,,,,,18.89,,,15.1,,22.84,19 [15-23],,,EN,2024-10-02T22:00:00.000Z
AIR_42,"Ambient air pollution attributable death rate (per 100 000 population, age-standardized)",numeric,WPR,Western Pacific,Country,BRN,Brunei Darussalam,Year,2019,true,Sex,Both sexes,SEX_BTSX,GHE cause of death codes,ALL CAUSES,GHECAUSE_GHE000000,,,,,,,19.61,,,11.67,,28.95,20 [12-29],,,EN,2024-10-02T22:00:00.000Z
AIR_42,"Ambient air pollution attributable death rate (per 100 000 population, age-standardized)",numeric,AMR,Americas,Country,LCA,Saint Lucia,Year,2019,true,Sex,Both sexes,SEX_BTSX,GHE cause of death codes,ALL CAUSES,GHECAUSE_GHE000000,,,,,,,19.96,,,12.09,,28.9,20 [12-29],,,EN,2024-10-02T22:00:00.000Z
AIR_42,"Ambient air pollution attributable death rate (per 100 000 population, age-standardized)",numeric,AMR,Americas,Country,TTO,Trinidad and Tobago,Year,2019,true,Sex,Both sexes,SEX_BTSX,GHE cause of death codes,ALL CAUSES,GHECAUSE_GHE000000,,,,,,,19.78,,,12.71,,26.4,20 [13-26],,,EN,2024-10-02T22:00:00.000Z
AIR_42,"Ambient air pollution attributable death rate (per 100 000 population, age-standardized)",numeric,EUR,Europe,Country,MLT,Malta,Year,2019,true,Sex,Both sexes,SEX_BTSX,GHE cause of death codes,ALL CAUSES,GHECAUSE_GHE000000,,,,,,,20.93,,,14.81,,26.83,21 [15-27],,,EN,2024-10-02T22:00:00.000Z
AIR_42,"Ambient air pollution attributable death rate (per 100 000 population, age-standardized)",numeric,AMR,Americas,Country,BLZ,Belize,Year,2019,true,Sex,Both sexes,SEX_BTSX,GHE cause of death codes,ALL CAUSES,GHECAUSE_GHE000000,,,,,,,21.12,,,2.84,,35.62,21 [3-36],,,EN,2024-10-02T22:00:00.000Z
AIR_42,"Ambient air pollution attributable death rate (per 100 000 population, age-standardized)",numeric,AMR,Americas,Country,JAM,Jamaica,Year,2019,true,Sex,Both sexes,SEX_BTSX,GHE cause of death codes,ALL CAUSES,GHECAUSE_GHE000000,,,,,,,21.63,,,15.44,,28.59,22 [15-29],,,EN,2024-10-02T22:00:00.000Z
AIR_42,"Ambient air pollution attributable death rate (per 100 000 population, age-standardized)",numeric,AMR,Americas,Country,BRA,Brazil,Year,2019,true,Sex,Both sexes,SEX_BTSX,GHE cause of death codes,ALL CAUSES,GHECAUSE_GHE000000,,,,,,,22.78,,,15.74,,30.48,23 [16-30],,,EN,2024-10-02T22:00:00.000Z
AIR_42,"Ambient air pollution attributable death rate (per 100 000 population, age-standardized)",numeric,WPR,Western Pacific,Country,SGP,Singapore,Year,2019,true,Sex,Both sexes,SEX_BTSX,GHE cause of death codes,ALL CAUSES,GHECAUSE_GHE000000,,,,,,,23.42,,,15.81,,31.51,23 [16-32],,,EN,2024-10-02T22:00:00.000Z
AIR_42,"Ambient air pollution attributable death rate (per 100 000 population, age-standardized)",numeric,AMR,Americas,Country,ECU,Ecuador,Year,2019,true,Sex,Both sexes,SEX_BTSX,GHE cause of death codes,ALL CAUSES,GHECAUSE_GHE000000,,,,,,,22.76,,,16.58,,29.25,23 [17-29],,,EN,2024-10-02T22:00:00.000Z
AIR_42,"Ambient air pollution attributable death rate (per 100 000 population, age-standardized)",numeric,EUR,Europe,Country,GRC,Greece,Year,2019,true,Sex,Both sexes,SEX_BTSX,GHE cause of death codes,ALL CAUSES,GHECAUSE_GHE000000,,,,,,,23.05,,,17.42,,28.83,23 [17-29],,,EN,2024-10-02T22:00:00.000Z
AIR_42,"Ambient air pollution attributable death rate (per 100 000 population, age-standardized)",numeric,WPR,Western Pacific,Country,TON,Tonga,Year,2019,true,Sex,Both sexes,SEX_BTSX,GHE cause of death codes,ALL CAUSES,GHECAUSE_GHE000000,,,,,,,23.87,,,0,,39.99,24 [0-40],,,EN,2024-10-02T22:00:00.000Z
AIR_42,"Ambient air pollution attributable death rate (per 100 000 population, age-standardized)",numeric,AMR,Americas,Country,COL,Colombia,Year,2019,true,Sex,Both sexes,SEX_BTSX,GHE cause of death codes,ALL CAUSES,GHECAUSE_GHE000000,,,,,,,23.7,,,16.68,,30.92,24 [17-31],,,EN,2024-10-02T22:00:00.000Z
AIR_42,"Ambient air pollution attributable death rate (per 100 000 population, age-standardized)",numeric,AMR,Americas,Country,VCT,Saint Vincent and the Grenadines,Year,2019,true,Sex,Both sexes,SEX_BTSX,GHE cause of death codes,ALL CAUSES,GHECAUSE_GHE000000,,,,,,,24.99,,,15.02,,35,25 [15-35],,,EN,2024-10-02T22:00:00.000Z
AIR_42,"Ambient air pollution attributable death rate (per 100 000 population, age-standardized)",numeric,AMR,Americas,Country,PRY,Paraguay,Year,2019,true,Sex,Both sexes,SEX_BTSX,GHE cause of death codes,ALL CAUSES,GHECAUSE_GHE000000,,,,,,,24.68,,,16.29,,34.34,25 [16-34],,,EN,2024-10-02T22:00:00.000Z
AIR_42,"Ambient air pollution attributable death rate (per 100 000 population, age-standardized)",numeric,AMR,Americas,Country,PER,Peru,Year,2019,true,Sex,Both sexes,SEX_BTSX,GHE cause of death codes,ALL CAUSES,GHECAUSE_GHE000000,,,,,,,25.91,,,19.78,,32.28,26 [20-32],,,EN,2024-10-02T22:00:00.000Z
AIR_42,"Ambient air pollution attributable death rate (per 100 000 population, age-standardized)",numeric,AMR,Americas,Country,DOM,Dominican Republic,Year,2019,true,Sex,Both sexes,SEX_BTSX,GHE cause of death codes,ALL CAUSES,GHECAUSE_GHE000000,,,,,,,26.94,,,7.62,,41.94,27 [8-42],,,EN,2024-10-02T22:00:00.000Z
AIR_42,"Ambient air pollution attributable death rate (per 100 000 population, age-standardized)",numeric,AFR,Africa,Country,MUS,Mauritius,Year,2019,true,Sex,Both sexes,SEX_BTSX,GHE cause of death codes,ALL CAUSES,GHECAUSE_GHE000000,,,,,,,27.8,,,18.29,,37.48,28 [18-37],,,EN,2024-10-02T22:00:00.000Z
AIR_42,"Ambient air pollution attributable death rate (per 100 000 population, age-standardized)",numeric,AMR,Americas,Country,ARG,Argentina,Year,2019,true,Sex,Both sexes,SEX_BTSX,GHE cause of death codes,ALL CAUSES,GHECAUSE_GHE000000,,,,,,,28.53,,,18.75,,38.97,29 [19-39],,,EN,2024-10-02T22:00:00.000Z
AIR_42,"Ambient air pollution attributable death rate (per 100 000 population, age-standardized)",numeric,SEAR,South-East Asia,Country,MDV,Maldives,Year,2019,true,Sex,Both sexes,SEX_BTSX,GHE cause of death codes,ALL CAUSES,GHECAUSE_GHE000000,,,,,,,29.4,,,19.67,,39.3,29 [20-39],,,EN,2024-10-02T22:00:00.000Z
AIR_42,"Ambient air pollution attributable death rate (per 100 000 population, age-standardized)",numeric,SEAR,South-East Asia,Country,THA,Thailand,Year,2019,true,Sex,Both sexes,SEX_BTSX,GHE cause of death codes,ALL CAUSES,GHECAUSE_GHE000000,,,,,,,29.07,,,23.08,,35.48,29 [23-35],,,EN,2024-10-02T22:00:00.000Z
AIR_42,"Ambient air pollution attributable death rate (per 100 000 population, age-standardized)",numeric,AMR,Americas,Country,GRD,Grenada,Year,2019,true,Sex,Both sexes,SEX_BTSX,GHE cause of death codes,ALL CAUSES,GHECAUSE_GHE000000,,,,,,,30.37,,,19.62,,40.87,30 [20-41],,,EN,2024-10-02T22:00:00.000Z
AIR_42,"Ambient air pollution attributable death rate (per 100 000 population, age-standardized)",numeric,AMR,Americas,Country,MEX,Mexico,Year,2019,true,Sex,Both sexes,SEX_BTSX,GHE cause of death codes,ALL CAUSES,GHECAUSE_GHE000000,,,,,,,30.1,,,21.85,,38.4,30 [22-38],,,EN,2024-10-02T22:00:00.000Z
AIR_42,"Ambient air pollution attributable death rate (per 100 000 population, age-standardized)",numeric,EUR,Europe,Country,SVK,Slovakia,Year,2019,true,Sex,Both sexes,SEX_BTSX,GHE cause of death codes,ALL CAUSES,GHECAUSE_GHE000000,,,,,,,30.37,,,22.28,,37.99,30 [22-38],,,EN,2024-10-02T22:00:00.000Z
AIR_42,"Ambient air pollution attributable death rate (per 100 000 population, age-standardized)",numeric,AMR,Americas,Country,CUB,Cuba,Year,2019,true,Sex,Both sexes,SEX_BTSX,GHE cause of death codes,ALL CAUSES,GHECAUSE_GHE000000,,,,,,,30.83,,,19.62,,43.25,31 [20-43],,,EN,2024-10-02T22:00:00.000Z
AIR_42,"Ambient air pollution attributable death rate (per 100 000 population, age-standardized)",numeric,AMR,Americas,Country,SLV,El Salvador,Year,2019,true,Sex,Both sexes,SEX_BTSX,GHE cause of death codes,ALL CAUSES,GHECAUSE_GHE000000,,,,,,,31.06,,,21.22,,40.19,31 [21-40],,,EN,2024-10-02T22:00:00.000Z
AIR_42,"Ambient air pollution attributable death rate (per 100 000 population, age-standardized)",numeric,EUR,Europe,Country,HRV,Croatia,Year,2019,true,Sex,Both sexes,SEX_BTSX,GHE cause of death codes,ALL CAUSES,GHECAUSE_GHE000000,,,,,,,31.35,,,22.63,,39.48,31 [23-39],,,EN,2024-10-02T22:00:00.000Z
AIR_42,"Ambient air pollution attributable death rate (per 100 000 population, age-standardized)",numeric,AMR,Americas,Country,VEN,Venezuela (Bolivarian Republic of),Year,2019,true,Sex,Both sexes,SEX_BTSX,GHE cause of death codes,ALL CAUSES,GHECAUSE_GHE000000,,,,,,,32.41,,,22.39,,41.93,32 [22-42],,,EN,2024-10-02T22:00:00.000Z
AIR_42,"Ambient air pollution attributable death rate (per 100 000 population, age-standardized)",numeric,AFR,Africa,Country,KEN,Kenya,Year,2019,true,Sex,Both sexes,SEX_BTSX,GHE cause of death codes,ALL CAUSES,GHECAUSE_GHE000000,,,,,,,33.39,,,19.91,,47.97,33 [20-48],,,EN,2024-10-02T22:00:00.000Z
AIR_42,"Ambient air pollution attributable death rate (per 100 000 population, age-standardized)",numeric,EUR,Europe,Country,CZE,Czechia,Year,2019,true,Sex,Both sexes,SEX_BTSX,GHE cause of death codes,ALL CAUSES,GHECAUSE_GHE000000,,,,,,,32.53,,,23,,40.94,33 [23-41],,,EN,2024-10-02T22:00:00.000Z
AIR_42,"Ambient air pollution attributable death rate (per 100 000 population, age-standardized)",numeric,WPR,Western Pacific,Country,WSM,Samoa,Year,2019,true,Sex,Both sexes,SEX_BTSX,GHE cause of death codes,ALL CAUSES,GHECAUSE_GHE000000,,,,,,,33.91,,,0,,71.49,34 [0-71],,,EN,2024-10-02T22:00:00.000Z
AIR_42,"Ambient air pollution attributable death rate (per 100 000 population, age-standardized)",numeric,AFR,Africa,Country,TZA,United Republic of Tanzania,Year,2019,true,Sex,Both sexes,SEX_BTSX,GHE cause of death codes,ALL CAUSES,GHECAUSE_GHE000000,,,,,,,36.28,,,23.67,,49.93,36 [24-50],,,EN,2024-10-02T22:00:00.000Z
AIR_42,"Ambient air pollution attributable death rate (per 100 000 population, age-standardized)",numeric,SEAR,South-East Asia,Country,LKA,Sri Lanka,Year,2019,true,Sex,Both sexes,SEX_BTSX,GHE cause of death codes,ALL CAUSES,GHECAUSE_GHE000000,,,,,,,37.12,,,26.48,,48.01,37 [26-48],,,EN,2024-10-02T22:00:00.000Z
AIR_42,"Ambient air pollution attributable death rate (per 100 000 population, age-standardized)",numeric,WPR,Western Pacific,Country,FJI,Fiji,Year,2019,true,Sex,Both sexes,SEX_BTSX,GHE cause of death codes,ALL CAUSES,GHECAUSE_GHE000000,,,,,,,36.93,,,4.96,,61.16,37 [5-61],,,EN,2024-10-02T22:00:00.000Z
AIR_42,"Ambient air pollution attributable death rate (per 100 000 population, age-standardized)",numeric,AMR,Americas,Country,NIC,Nicaragua,Year,2019,true,Sex,Both sexes,SEX_BTSX,GHE cause of death codes,ALL CAUSES,GHECAUSE_GHE000000,,,,,,,37.79,,,25.17,,48.72,38 [25-49],,,EN,2024-10-02T22:00:00.000Z
AIR_42,"Ambient air pollution attributable death rate (per 100 000 population, age-standardized)",numeric,WPR,Western Pacific,Country,PNG,Papua New Guinea,Year,2019,true,Sex,Both sexes,SEX_BTSX,GHE cause of death codes,ALL CAUSES,GHECAUSE_GHE000000,,,,,,,37.78,,,2.31,,75.07,38 [2-75],,,EN,2024-10-02T22:00:00.000Z
AIR_42,"Ambient air pollution attributable death rate (per 100 000 population, age-standardized)",numeric,EMR,Eastern Mediterranean,Country,JOR,Jordan,Year,2019,true,Sex,Both sexes,SEX_BTSX,GHE cause of death codes,ALL CAUSES,GHECAUSE_GHE000000,,,,,,,37.93,,,28.96,,46.43,38 [29-46],,,EN,2024-10-02T22:00:00.000Z
AIR_42,"Ambient air pollution attributable death rate (per 100 000 population, age-standardized)",numeric,AMR,Americas,Country,SUR,Suriname,Year,2019,true,Sex,Both sexes,SEX_BTSX,GHE cause of death codes,ALL CAUSES,GHECAUSE_GHE000000,,,,,,,39.01,,,20.69,,56.73,39 [21-57],,,EN,2024-10-02T22:00:00.000Z
AIR_42,"Ambient air pollution attributable death rate (per 100 000 population, age-standardized)",numeric,EUR,Europe,Country,RUS,Russian Federation,Year,2019,true,Sex,Both sexes,SEX_BTSX,GHE cause of death codes,ALL CAUSES,GHECAUSE_GHE000000,,,,,,,39.32,,,23.69,,55.77,39 [24-56],,,EN,2024-10-02T22:00:00.000Z
AIR_42,"Ambient air pollution attributable death rate (per 100 000 population, age-standardized)",numeric,EUR,Europe,Country,LTU,Lithuania,Year,2019,true,Sex,Both sexes,SEX_BTSX,GHE cause of death codes,ALL CAUSES,GHECAUSE_GHE000000,,,,,,,38.76,,,25.24,,51.1,39 [25-51],,,EN,2024-10-02T22:00:00.000Z
AIR_42,"Ambient air pollution attributable death rate (per 100 000 population, age-standardized)",numeric,EUR,Europe,Country,TUR,TÃ¼rkiye,Year,2019,true,Sex,Both sexes,SEX_BTSX,GHE cause of death codes,ALL CAUSES,GHECAUSE_GHE000000,,,,,,,39.43,,,30.25,,48.27,39 [30-48],,,EN,2024-10-02T22:00:00.000Z
AIR_42,"Ambient air pollution attributable death rate (per 100 000 population, age-standardized)",numeric,EUR,Europe,Country,LVA,Latvia,Year,2019,true,Sex,Both sexes,SEX_BTSX,GHE cause of death codes,ALL CAUSES,GHECAUSE_GHE000000,,,,,,,40.11,,,27.29,,51.98,40 [27-52],,,EN,2024-10-02T22:00:00.000Z
AIR_42,"Ambient air pollution attributable death rate (per 100 000 population, age-standardized)",numeric,AMR,Americas,Country,GTM,Guatemala,Year,2019,true,Sex,Both sexes,SEX_BTSX,GHE cause of death codes,ALL CAUSES,GHECAUSE_GHE000000,,,,,,,40.41,,,29.62,,51.4,40 [30-51],,,EN,2024-10-02T22:00:00.000Z
AIR_42,"Ambient air pollution attributable death rate (per 100 000 population, age-standardized)",numeric,EUR,Europe,Country,POL,Poland,Year,2019,true,Sex,Both sexes,SEX_BTSX,GHE cause of death codes,ALL CAUSES,GHECAUSE_GHE000000,,,,,,,40.93,,,30.4,,50.47,41 [30-50],,,EN,2024-10-02T22:00:00.000Z
AIR_42,"Ambient air pollution attributable death rate (per 100 000 population, age-standardized)",numeric,EUR,Europe,Country,HUN,Hungary,Year,2019,true,Sex,Both sexes,SEX_BTSX,GHE cause of death codes,ALL CAUSES,GHECAUSE_GHE000000,,,,,,,42.29,,,29.7,,53.61,42 [30-54],,,EN,2024-10-02T22:00:00.000Z
AIR_42,"Ambient air pollution attributable death rate (per 100 000 population, age-standardized)",numeric,AFR,Africa,Country,NAM,Namibia,Year,2019,true,Sex,Both sexes,SEX_BTSX,GHE cause of death codes,ALL CAUSES,GHECAUSE_GHE000000,,,,,,,43.46,,,22.15,,65.1,43 [22-65],,,EN,2024-10-02T22:00:00.000Z
AIR_42,"Ambient air pollution attributable death rate (per 100 000 population, age-standardized)",numeric,AFR,Africa,Country,SYC,Seychelles,Year,2019,true,Sex,Both sexes,SEX_BTSX,GHE cause of death codes,ALL CAUSES,GHECAUSE_GHE000000,,,,,,,43.14,,,30.37,,58.22,43 [30-58],,,EN,2024-10-02T22:00:00.000Z
AIR_42,"Ambient air pollution attributable death rate (per 100 000 population, age-standardized)",numeric,AFR,Africa,Country,MWI,Malawi,Year,2019,true,Sex,Both sexes,SEX_BTSX,GHE cause of death codes,ALL CAUSES,GHECAUSE_GHE000000,,,,,,,43.58,,,15.03,,68.39,44 [15-68],,,EN,2024-10-02T22:00:00.000Z
AIR_42,"Ambient air pollution attributable death rate (per 100 000 population, age-standardized)",numeric,AFR,Africa,Country,SSD,South Sudan,Year,2019,true,Sex,Both sexes,SEX_BTSX,GHE cause of death codes,ALL CAUSES,GHECAUSE_GHE000000,,,,,,,43.7,,,25.64,,64.14,44 [26-64],,,EN,2024-10-02T22:00:00.000Z
AIR_42,"Ambient air pollution attributable death rate (per 100 000 population, age-standardized)",numeric,EUR,Europe,Country,SRB,Serbia,Year,2019,true,Sex,Both sexes,SEX_BTSX,GHE cause of death codes,ALL CAUSES,GHECAUSE_GHE000000,,,,,,,45.42,,,34.43,,55.89,45 [34-56],,,EN,2024-10-02T22:00:00.000Z
AIR_42,"Ambient air pollution attributable death rate (per 100 000 population, age-standardized)",numeric,EMR,Eastern Mediterranean,Country,KWT,Kuwait,Year,2019,true,Sex,Both sexes,SEX_BTSX,GHE cause of death codes,ALL CAUSES,GHECAUSE_GHE000000,,,,,,,45.26,,,36.91,,53.64,45 [37-54],,,EN,2024-10-02T22:00:00.000Z
AIR_42,"Ambient air pollution attributable death rate (per 100 000 population, age-standardized)",numeric,EUR,Europe,Country,ROU,Romania,Year,2019,true,Sex,Both sexes,SEX_BTSX,GHE cause of death codes,ALL CAUSES,GHECAUSE_GHE000000,,,,,,,45.98,,,32.88,,58.56,46 [33-59],,,EN,2024-10-02T22:00:00.000Z
AIR_42,"Ambient air pollution attributable death rate (per 100 000 population, age-standardized)",numeric,AFR,Africa,Country,COM,Comoros,Year,2019,true,Sex,Both sexes,SEX_BTSX,GHE cause of death codes,ALL CAUSES,GHECAUSE_GHE000000,,,,,,,46.61,,,25.13,,69.41,47 [25-69],,,EN,2024-10-02T22:00:00.000Z
AIR_42,"Ambient air pollution attributable death rate (per 100 000 population, age-standardized)",numeric,AFR,Africa,Country,ZAF,South Africa,Year,2019,true,Sex,Both sexes,SEX_BTSX,GHE cause of death codes,ALL CAUSES,GHECAUSE_GHE000000,,,,,,,47.17,,,35.95,,58.99,47 [36-59],,,EN,2024-10-02T22:00:00.000Z
AIR_42,"Ambient air pollution attributable death rate (per 100 000 population, age-standardized)",numeric,AFR,Africa,Country,ETH,Ethiopia,Year,2019,true,Sex,Both sexes,SEX_BTSX,GHE cause of death codes,ALL CAUSES,GHECAUSE_GHE000000,,,,,,,47.56,,,31.41,,62.69,48 [31-63],,,EN,2024-10-02T22:00:00.000Z
AIR_42,"Ambient air pollution attributable death rate (per 100 000 population, age-standardized)",numeric,AFR,Africa,Country,DZA,Algeria,Year,2019,true,Sex,Both sexes,SEX_BTSX,GHE cause of death codes,ALL CAUSES,GHECAUSE_GHE000000,,,,,,,48.45,,,32.72,,63.86,48 [33-64],,,EN,2024-10-02T22:00:00.000Z
AIR_42,"Ambient air pollution attributable death rate (per 100 000 population, age-standardized)",numeric,WPR,Western Pacific,Country,KIR,Kiribati,Year,2019,true,Sex,Both sexes,SEX_BTSX,GHE cause of death codes,ALL CAUSES,GHECAUSE_GHE000000,,,,,,,49.2,,,0,,97.2,49 [0-97],,,EN,2024-10-02T22:00:00.000Z
AIR_42,"Ambient air pollution attributable death rate (per 100 000 population, age-standardized)",numeric,AMR,Americas,Country,HND,Honduras,Year,2019,true,Sex,Both sexes,SEX_BTSX,GHE cause of death codes,ALL CAUSES,GHECAUSE_GHE000000,,,,,,,48.99,,,35,,63.74,49 [35-64],,,EN,2024-10-02T22:00:00.000Z
AIR_42,"Ambient air pollution attributable death rate (per 100 000 population, age-standardized)",numeric,AMR,Americas,Country,HTI,Haiti,Year,2019,true,Sex,Both sexes,SEX_BTSX,GHE cause of death codes,ALL CAUSES,GHECAUSE_GHE000000,,,,,,,50.67,,,21.98,,77.72,51 [22-78],,,EN,2024-10-02T22:00:00.000Z
AIR_42,"Ambient air pollution attributable death rate (per 100 000 population, age-standardized)",numeric,AFR,Africa,Country,ZMB,Zambia,Year,2019,true,Sex,Both sexes,SEX_BTSX,GHE cause of death codes,ALL CAUSES,GHECAUSE_GHE000000,,,,,,,50.85,,,26.14,,79.24,51 [26-79],,,EN,2024-10-02T22:00:00.000Z
AIR_42,"Ambient air pollution attributable death rate (per 100 000 population, age-standardized)",numeric,EMR,Eastern Mediterranean,Country,IRN,Iran (Islamic Republic of),Year,2019,true,Sex,Both sexes,SEX_BTSX,GHE cause of death codes,ALL CAUSES,GHECAUSE_GHE000000,,,,,,,51.31,,,39.06,,62.83,51 [39-63],,,EN,2024-10-02T22:00:00.000Z
AIR_42,"Ambient air pollution attributable death rate (per 100 000 population, age-standardized)",numeric,AMR,Americas,Country,GUY,Guyana,Year,2019,true,Sex,Both sexes,SEX_BTSX,GHE cause of death codes,ALL CAUSES,GHECAUSE_GHE000000,,,,,,,52.17,,,26.41,,76.88,52 [26-77],,,EN,2024-10-02T22:00:00.000Z
AIR_42,"Ambient air pollution attributable death rate (per 100 000 population, age-standardized)",numeric,WPR,Western Pacific,Country,VNM,Viet Nam,Year,2019,true,Sex,Both sexes,SEX_BTSX,GHE cause of death codes,ALL CAUSES,GHECAUSE_GHE000000,,,,,,,52.08,,,38.75,,67.22,52 [39-67],,,EN,2024-10-02T22:00:00.000Z
AIR_42,"Ambient air pollution attributable death rate (per 100 000 population, age-standardized)",numeric,AFR,Africa,Country,GAB,Gabon,Year,2019,true,Sex,Both sexes,SEX_BTSX,GHE cause of death codes,ALL CAUSES,GHECAUSE_GHE000000,,,,,,,53.38,,,19.64,,91.47,53 [20-91],,,EN,2024-10-02T22:00:00.000Z
AIR_42,"Ambient air pollution attributable death rate (per 100 000 population, age-standardized)",numeric,WPR,Western Pacific,Country,FSM,Micronesia (Federated States of),Year,2019,true,Sex,Both sexes,SEX_BTSX,GHE cause of death codes,ALL CAUSES,GHECAUSE_GHE000000,,,,,,,54.2,,,0,,103.5,54 [0-103],,,EN,2024-10-02T22:00:00.000Z
AIR_42,"Ambient air pollution attributable death rate (per 100 000 population, age-standardized)",numeric,EMR,Eastern Mediterranean,Country,LBY,Libya,Year,2019,true,Sex,Both sexes,SEX_BTSX,GHE cause of death codes,ALL CAUSES,GHECAUSE_GHE000000,,,,,,,53.99,,,35.46,,71.09,54 [35-71],,,EN,2024-10-02T22:00:00.000Z
AIR_42,"Ambient air pollution attributable death rate (per 100 000 population, age-standardized)",numeric,AMR,Americas,Country,BOL,Bolivia (Plurinational State of),Year,2019,true,Sex,Both sexes,SEX_BTSX,GHE cause of death codes,ALL CAUSES,GHECAUSE_GHE000000,,,,,,,54.43,,,39.29,,69.49,54 [39-69],,,EN,2024-10-02T22:00:00.000Z
AIR_42,"Ambient air pollution attributable death rate (per 100 000 population, age-standardized)",numeric,AFR,Africa,Country,BWA,Botswana,Year,2019,true,Sex,Both sexes,SEX_BTSX,GHE cause of death codes,ALL CAUSES,GHECAUSE_GHE000000,,,,,,,55.43,,,34.48,,76.68,55 [34-77],,,EN,2024-10-02T22:00:00.000Z
AIR_42,"Ambient air pollution attributable death rate (per 100 000 population, age-standardized)",numeric,EMR,Eastern Mediterranean,Country,TUN,Tunisia,Year,2019,true,Sex,Both sexes,SEX_BTSX,GHE cause of death codes,ALL CAUSES,GHECAUSE_GHE000000,,,,,,,54.86,,,39.67,,69.86,55 [40-70],,,EN,2024-10-02T22:00:00.000Z
AIR_42,"Ambient air pollution attributable death rate (per 100 000 population, age-standardized)",numeric,EUR,Europe,Country,BIH,Bosnia and Herzegovina,Year,2019,true,Sex,Both sexes,SEX_BTSX,GHE cause of death codes,ALL CAUSES,GHECAUSE_GHE000000,,,,,,,55.05,,,42.19,,67.86,55 [42-68],,,EN,2024-10-02T22:00:00.000Z
AIR_42,"Ambient air pollution attributable death rate (per 100 000 population, age-standardized)",numeric,AFR,Africa,Country,ZWE,Zimbabwe,Year,2019,true,Sex,Both sexes,SEX_BTSX,GHE cause of death codes,ALL CAUSES,GHECAUSE_GHE000000,,,,,,,56.3,,,28.97,,85.72,56 [29-86],,,EN,2024-10-02T22:00:00.000Z
AIR_42,"Ambient air pollution attributable death rate (per 100 000 population, age-standardized)",numeric,WPR,Western Pacific,Country,SLB,Solomon Islands,Year,2019,true,Sex,Both sexes,SEX_BTSX,GHE cause of death codes,ALL CAUSES,GHECAUSE_GHE000000,,,,,,,57.08,,,0,,107.5,57 [0-108],,,EN,2024-10-02T22:00:00.000Z
AIR_42,"Ambient air pollution attributable death rate (per 100 000 population, age-standardized)",numeric,WPR,Western Pacific,Country,VUT,Vanuatu,Year,2019,true,Sex,Both sexes,SEX_BTSX,GHE cause of death codes,ALL CAUSES,GHECAUSE_GHE000000,,,,,,,56.75,,,0,,111.6,57 [0-112],,,EN,2024-10-02T22:00:00.000Z
AIR_42,"Ambient air pollution attributable death rate (per 100 000 population, age-standardized)",numeric,SEAR,South-East Asia,Country,BTN,Bhutan,Year,2019,true,Sex,Both sexes,SEX_BTSX,GHE cause of death codes,ALL CAUSES,GHECAUSE_GHE000000,,,,,,,57.21,,,42,,74.36,57 [42-74],,,EN,2024-10-02T22:00:00.000Z
AIR_42,"Ambient air pollution attributable death rate (per 100 000 population, age-standardized)",numeric,EUR,Europe,Country,MDA,Republic of Moldova,Year,2019,true,Sex,Both sexes,SEX_BTSX,GHE cause of death codes,ALL CAUSES,GHECAUSE_GHE000000,,,,,,,58.2,,,38.12,,77.14,58 [38-77],,,EN,2024-10-02T22:00:00.000Z
AIR_42,"Ambient air pollution attributable death rate (per 100 000 population, age-standardized)",numeric,SEAR,South-East Asia,Country,IDN,Indonesia,Year,2019,true,Sex,Both sexes,SEX_BTSX,GHE cause of death codes,ALL CAUSES,GHECAUSE_GHE000000,,,,,,,58.17,,,42.53,,75.6,58 [43-76],,,EN,2024-10-02T22:00:00.000Z
AIR_42,"Ambient air pollution attributable death rate (per 100 000 population, age-standardized)",numeric,AFR,Africa,Country,CPV,Cabo Verde,Year,2019,true,Sex,Both sexes,SEX_BTSX,GHE cause of death codes,ALL CAUSES,GHECAUSE_GHE000000,,,,,,,59.36,,,39.81,,80.42,59 [40-80],,,EN,2024-10-02T22:00:00.000Z
AIR_42,"Ambient air pollution attributable death rate (per 100 000 population, age-standardized)",numeric,AFR,Africa,Country,MDG,Madagascar,Year,2019,true,Sex,Both sexes,SEX_BTSX,GHE cause of death codes,ALL CAUSES,GHECAUSE_GHE000000,,,,,,,58.92,,,39.71,,81.03,59 [40-81],,,EN,2024-10-02T22:00:00.000Z
AIR_42,"Ambient air pollution attributable death rate (per 100 000 population, age-standardized)",numeric,EMR,Eastern Mediterranean,Country,MAR,Morocco,Year,2019,true,Sex,Both sexes,SEX_BTSX,GHE cause of death codes,ALL CAUSES,GHECAUSE_GHE000000,,,,,,,59.27,,,40.9,,76.96,59 [41-77],,,EN,2024-10-02T22:00:00.000Z
AIR_42,"Ambient air pollution attributable death rate (per 100 000 population, age-standardized)",numeric,EMR,Eastern Mediterranean,Country,LBN,Lebanon,Year,2019,true,Sex,Both sexes,SEX_BTSX,GHE cause of death codes,ALL CAUSES,GHECAUSE_GHE000000,,,,,,,58.6,,,41.52,,74.96,59 [42-75],,,EN,2024-10-02T22:00:00.000Z
AIR_42,"Ambient air pollution attributable death rate (per 100 000 population, age-standardized)",numeric,EUR,Europe,Country,ALB,Albania,Year,2019,true,Sex,Both sexes,SEX_BTSX,GHE cause of death codes,ALL CAUSES,GHECAUSE_GHE000000,,,,,,,59.16,,,42.62,,76.06,59 [43-76],,,EN,2024-10-02T22:00:00.000Z
AIR_42,"Ambient air pollution attributable death rate (per 100 000 population, age-standardized)",numeric,AFR,Africa,Country,GNQ,Equatorial Guinea,Year,2019,true,Sex,Both sexes,SEX_BTSX,GHE cause of death codes,ALL CAUSES,GHECAUSE_GHE000000,,,,,,,60.01,,,17.87,,104.9,60 [18-105],,,EN,2024-10-02T22:00:00.000Z
AIR_42,"Ambient air pollution attributable death rate (per 100 000 population, age-standardized)",numeric,EMR,Eastern Mediterranean,Country,DJI,Djibouti,Year,2019,true,Sex,Both sexes,SEX_BTSX,GHE cause of death codes,ALL CAUSES,GHECAUSE_GHE000000,,,,,,,59.76,,,29.37,,91.23,60 [29-91],,,EN,2024-10-02T22:00:00.000Z
AIR_42,"Ambient air pollution attributable death rate (per 100 000 population, age-standardized)",numeric,EUR,Europe,Country,MNE,Montenegro,Year,2019,true,Sex,Both sexes,SEX_BTSX,GHE cause of death codes,ALL CAUSES,GHECAUSE_GHE000000,,,,,,,59.87,,,43.4,,77.4,60 [43-77],,,EN,2024-10-02T22:00:00.000Z
AIR_42,"Ambient air pollution attributable death rate (per 100 000 population, age-standardized)",numeric,WPR,Western Pacific,Country,KHM,Cambodia,Year,2019,true,Sex,Both sexes,SEX_BTSX,GHE cause of death codes,ALL CAUSES,GHECAUSE_GHE000000,,,,,,,60.23,,,45.28,,76.18,60 [45-76],,,EN,2024-10-02T22:00:00.000Z
AIR_42,"Ambient air pollution attributable death rate (per 100 000 population, age-standardized)",numeric,SEAR,South-East Asia,Country,TLS,Timor-Leste,Year,2019,true,Sex,Both sexes,SEX_BTSX,GHE cause of death codes,ALL CAUSES,GHECAUSE_GHE000000,,,,,,,61.18,,,33.37,,95.62,61 [33-96],,,EN,2024-10-02T22:00:00.000Z
AIR_42,"Ambient air pollution attributable death rate (per 100 000 population, age-standardized)",numeric,AFR,Africa,Country,LBR,Liberia,Year,2019,true,Sex,Both sexes,SEX_BTSX,GHE cause of death codes,ALL CAUSES,GHECAUSE_GHE000000,,,,,,,61,,,41.75,,80.82,61 [42-81],,,EN,2024-10-02T22:00:00.000Z
AIR_42,"Ambient air pollution attributable death rate (per 100 000 population, age-standardized)",numeric,AFR,Africa,Country,UGA,Uganda,Year,2019,true,Sex,Both sexes,SEX_BTSX,GHE cause of death codes,ALL CAUSES,GHECAUSE_GHE000000,,,,,,,60.71,,,41.58,,81.57,61 [42-82],,,EN,2024-10-02T22:00:00.000Z
AIR_42,"Ambient air pollution attributable death rate (per 100 000 population, age-standardized)",numeric,AFR,Africa,Country,AGO,Angola,Year,2019,true,Sex,Both sexes,SEX_BTSX,GHE cause of death codes,ALL CAUSES,GHECAUSE_GHE000000,,,,,,,61.93,,,18.95,,111.7,62 [19-112],,,EN,2024-10-02T22:00:00.000Z
AIR_42,"Ambient air pollution attributable death rate (per 100 000 population, age-standardized)",numeric,EUR,Europe,Country,MKD,North Macedonia,Year,2019,true,Sex,Both sexes,SEX_BTSX,GHE cause of death codes,ALL CAUSES,GHECAUSE_GHE000000,,,,,,,62.26,,,47.15,,78.52,62 [47-79],,,EN,2024-10-02T22:00:00.000Z
AIR_42,"Ambient air pollution attributable death rate (per 100 000 population, age-standardized)",numeric,AFR,Africa,Country,RWA,Rwanda,Year,2019,true,Sex,Both sexes,SEX_BTSX,GHE cause of death codes,ALL CAUSES,GHECAUSE_GHE000000,,,,,,,63.17,,,33.99,,91.89,63 [34-92],,,EN,2024-10-02T22:00:00.000Z
AIR_42,"Ambient air pollution attributable death rate (per 100 000 population, age-standardized)",numeric,EUR,Europe,Country,BGR,Bulgaria,Year,2019,true,Sex,Both sexes,SEX_BTSX,GHE cause of death codes,ALL CAUSES,GHECAUSE_GHE000000,,,,,,,62.97,,,44.79,,79.37,63 [45-79],,,EN,2024-10-02T22:00:00.000Z
AIR_42,"Ambient air pollution attributable death rate (per 100 000 population, age-standardized)",numeric,WPR,Western Pacific,Country,MYS,Malaysia,Year,2019,true,Sex,Both sexes,SEX_BTSX,GHE cause of death codes,ALL CAUSES,GHECAUSE_GHE000000,,,,,,,62.84,,,48.38,,77.4,63 [48-77],,,EN,2024-10-02T22:00:00.000Z
AIR_42,"Ambient air pollution attributable death rate (per 100 000 population, age-standardized)",numeric,AFR,Africa,Country,MRT,Mauritania,Year,2019,true,Sex,Both sexes,SEX_BTSX,GHE cause of death codes,ALL CAUSES,GHECAUSE_GHE000000,,,,,,,64.45,,,39.63,,89.86,64 [40-90],,,EN,2024-10-02T22:00:00.000Z
AIR_42,"Ambient air pollution attributable death rate (per 100 000 population, age-standardized)",numeric,WPR,Western Pacific,Country,CHN,China,Year,2019,true,Sex,Both sexes,SEX_BTSX,GHE cause of death codes,ALL CAUSES,GHECAUSE_GHE000000,,,,,,,64.06,,,49.99,,79.77,64 [50-80],,,EN,2024-10-02T22:00:00.000Z
AIR_42,"Ambient air pollution attributable death rate (per 100 000 population, age-standardized)",numeric,AFR,Africa,Country,MOZ,Mozambique,Year,2019,true,Sex,Both sexes,SEX_BTSX,GHE cause of death codes,ALL CAUSES,GHECAUSE_GHE000000,,,,,,,64.71,,,34.36,,94.03,65 [34-94],,,EN,2024-10-02T22:00:00.000Z
AIR_42,"Ambient air pollution attributable death rate (per 100 000 population, age-standardized)",numeric,AFR,Africa,Country,SEN,Senegal,Year,2019,true,Sex,Both sexes,SEX_BTSX,GHE cause of death codes,ALL CAUSES,GHECAUSE_GHE000000,,,,,,,65.44,,,47.7,,83.29,65 [48-83],,,EN,2024-10-02T22:00:00.000Z
AIR_42,"Ambient air pollution attributable death rate (per 100 000 population, age-standardized)",numeric,EMR,Eastern Mediterranean,Country,SOM,Somalia,Year,2019,true,Sex,Both sexes,SEX_BTSX,GHE cause of death codes,ALL CAUSES,GHECAUSE_GHE000000,,,,,,,66.06,,,36.23,,100.1,66 [36-100],,,EN,2024-10-02T22:00:00.000Z
AIR_42,"Ambient air pollution attributable death rate (per 100 000 population, age-standardized)",numeric,EUR,Europe,Country,UKR,Ukraine,Year,2019,true,Sex,Both sexes,SEX_BTSX,GHE cause of death codes,ALL CAUSES,GHECAUSE_GHE000000,,,,,,,66,,,40.12,,88.62,66 [40-89],,,EN,2024-10-02T22:00:00.000Z
AIR_42,"Ambient air pollution attributable death rate (per 100 000 population, age-standardized)",numeric,AFR,Africa,Country,SWZ,Eswatini,Year,2019,true,Sex,Both sexes,SEX_BTSX,GHE cause of death codes,ALL CAUSES,GHECAUSE_GHE000000,,,,,,,66.03,,,43.95,,88.89,66 [44-89],,,EN,2024-10-02T22:00:00.000Z
AIR_42,"Ambient air pollution attributable death rate (per 100 000 population, age-standardized)",numeric,SEAR,South-East Asia,Country,BGD,Bangladesh,Year,2019,true,Sex,Both sexes,SEX_BTSX,GHE cause of death codes,ALL CAUSES,GHECAUSE_GHE000000,,,,,,,66.36,,,51.63,,82.96,66 [52-83],,,EN,2024-10-02T22:00:00.000Z
AIR_42,"Ambient air pollution attributable death rate (per 100 000 population, age-standardized)",numeric,AFR,Africa,Country,COG,Congo,Year,2019,true,Sex,Both sexes,SEX_BTSX,GHE cause of death codes,ALL CAUSES,GHECAUSE_GHE000000,,,,,,,66.62,,,22,,120.6,67 [22-121],,,EN,2024-10-02T22:00:00.000Z
AIR_42,"Ambient air pollution attributable death rate (per 100 000 population, age-standardized)",numeric,AFR,Africa,Country,MLI,Mali,Year,2019,true,Sex,Both sexes,SEX_BTSX,GHE cause of death codes,ALL CAUSES,GHECAUSE_GHE000000,,,,,,,68.16,,,43.74,,96.88,68 [44-97],,,EN,2024-10-02T22:00:00.000Z
AIR_42,"Ambient air pollution attributable death rate (per 100 000 population, age-standardized)",numeric,EUR,Europe,Country,BLR,Belarus,Year,2019,true,Sex,Both sexes,SEX_BTSX,GHE cause of death codes,ALL CAUSES,GHECAUSE_GHE000000,,,,,,,67.63,,,44.81,,86.74,68 [45-87],,,EN,2024-10-02T22:00:00.000Z
AIR_42,"Ambient air pollution attributable death rate (per 100 000 population, age-standardized)",numeric,EUR,Europe,Country,KAZ,Kazakhstan,Year,2019,true,Sex,Both sexes,SEX_BTSX,GHE cause of death codes,ALL CAUSES,GHECAUSE_GHE000000,,,,,,,68.43,,,50.1,,87.28,68 [50-87],,,EN,2024-10-02T22:00:00.000Z
AIR_42,"Ambient air pollution attributable death rate (per 100 000 population, age-standardized)",numeric,EMR,Eastern Mediterranean,Country,BHR,Bahrain,Year,2019,true,Sex,Both sexes,SEX_BTSX,GHE cause of death codes,ALL CAUSES,GHECAUSE_GHE000000,,,,,,,68.15,,,53.36,,82.02,68 [53-82],,,EN,2024-10-02T22:00:00.000Z
AIR_42,"Ambient air pollution attributable death rate (per 100 000 population, age-standardized)",numeric,EUR,Europe,Country,GEO,Georgia,Year,2019,true,Sex,Both sexes,SEX_BTSX,GHE cause of death codes,ALL CAUSES,GHECAUSE_GHE000000,,,,,,,69.19,,,49.13,,88.71,69 [49-89],,,EN,2024-10-02T22:00:00.000Z
AIR_42,"Ambient air pollution attributable death rate (per 100 000 population, age-standardized)",numeric,WPR,Western Pacific,Country,LAO,Lao People's Democratic Republic,Year,2019,true,Sex,Both sexes,SEX_BTSX,GHE cause of death codes,ALL CAUSES,GHECAUSE_GHE000000,,,,,,,68.87,,,51.33,,87.36,69 [51-87],,,EN,2024-10-02T22:00:00.000Z
AIR_42,"Ambient air pollution attributable death rate (per 100 000 population, age-standardized)",numeric,EUR,Europe,Country,FIN,Finland,Year,2019,true,Sex,Both sexes,SEX_BTSX,GHE cause of death codes,ALL CAUSES,GHECAUSE_GHE000000,,,,,,,7.45,,,4.05,,10.66,7 [4-11],,,EN,2024-10-02T22:00:00.000Z
AIR_42,"Ambient air pollution attributable death rate (per 100 000 population, age-standardized)",numeric,EUR,Europe,Country,ARM,Armenia,Year,2019,true,Sex,Both sexes,SEX_BTSX,GHE cause of death codes,ALL CAUSES,GHECAUSE_GHE000000,,,,,,,69.9,,,51.53,,87.22,70 [52-87],,,EN,2024-10-02T22:00:00.000Z
AIR_42,"Ambient air pollution attributable death rate (per 100 000 population, age-standardized)",numeric,EMR,Eastern Mediterranean,Country,ARE,United Arab Emirates,Year,2019,true,Sex,Both sexes,SEX_BTSX,GHE cause of death codes,ALL CAUSES,GHECAUSE_GHE000000,,,,,,,70.04,,,55.14,,85.04,70 [55-85],,,EN,2024-10-02T22:00:00.000Z
AIR_42,"Ambient air pollution attributable death rate (per 100 000 population, age-standardized)",numeric,EMR,Eastern Mediterranean,Country,SDN,Sudan,Year,2019,true,Sex,Both sexes,SEX_BTSX,GHE cause of death codes,ALL CAUSES,GHECAUSE_GHE000000,,,,,,,70.52,,,43.13,,96.89,71 [43-97],,,EN,2024-10-02T22:00:00.000Z
AIR_42,"Ambient air pollution attributable death rate (per 100 000 population, age-standardized)",numeric,SEAR,South-East Asia,Country,MMR,Myanmar,Year,2019,true,Sex,Both sexes,SEX_BTSX,GHE cause of death codes,ALL CAUSES,GHECAUSE_GHE000000,,,,,,,71.51,,,53.2,,91.95,72 [53-92],,,EN,2024-10-02T22:00:00.000Z
AIR_42,"Ambient air pollution attributable death rate (per 100 000 population, age-standardized)",numeric,AFR,Africa,Country,COD,Democratic Republic of the Congo,Year,2019,true,Sex,Both sexes,SEX_BTSX,GHE cause of death codes,ALL CAUSES,GHECAUSE_GHE000000,,,,,,,72.54,,,25.97,,130.1,73 [26-130],,,EN,2024-10-02T22:00:00.000Z
AIR_42,"Ambient air pollution attributable death rate (per 100 000 population, age-standardized)",numeric,AFR,Africa,Country,BDI,Burundi,Year,2019,true,Sex,Both sexes,SEX_BTSX,GHE cause of death codes,ALL CAUSES,GHECAUSE_GHE000000,,,,,,,72.59,,,39.3,,112.4,73 [39-112],,,EN,2024-10-02T22:00:00.000Z
AIR_42,"Ambient air pollution attributable death rate (per 100 000 population, age-standardized)",numeric,SEAR,South-East Asia,Country,NPL,Nepal,Year,2019,true,Sex,Both sexes,SEX_BTSX,GHE cause of death codes,ALL CAUSES,GHECAUSE_GHE000000,,,,,,,76.04,,,54.95,,102.6,76 [55-103],,,EN,2024-10-02T22:00:00.000Z
AIR_42,"Ambient air pollution attributable death rate (per 100 000 population, age-standardized)",numeric,AFR,Africa,Country,ERI,Eritrea,Year,2019,true,Sex,Both sexes,SEX_BTSX,GHE cause of death codes,ALL CAUSES,GHECAUSE_GHE000000,,,,,,,78.9,,,39.8,,124.7,79 [40-125],,,EN,2024-10-02T22:00:00.000Z
AIR_42,"Ambient air pollution attributable death rate (per 100 000 population, age-standardized)",numeric,AFR,Africa,Country,BEN,Benin,Year,2019,true,Sex,Both sexes,SEX_BTSX,GHE cause of death codes,ALL CAUSES,GHECAUSE_GHE000000,,,,,,,79.04,,,57.49,,102.4,79 [57-102],,,EN,2024-10-02T22:00:00.000Z
AIR_42,"Ambient air pollution attributable death rate (per 100 000 population, age-standardized)",numeric,AMR,Americas,Country,CAN,Canada,Year,2019,true,Sex,Both sexes,SEX_BTSX,GHE cause of death codes,ALL CAUSES,GHECAUSE_GHE000000,,,,,,,8.11,,,4.98,,11.06,8 [5-11],,,EN,2024-10-02T22:00:00.000Z
AIR_42,"Ambient air pollution attributable death rate (per 100 000 population, age-standardized)",numeric,EUR,Europe,Country,NOR,Norway,Year,2019,true,Sex,Both sexes,SEX_BTSX,GHE cause of death codes,ALL CAUSES,GHECAUSE_GHE000000,,,,,,,7.86,,,4.89,,11.43,8 [5-11],,,EN,2024-10-02T22:00:00.000Z
AIR_42,"Ambient air pollution attributable death rate (per 100 000 population, age-standardized)",numeric,EUR,Europe,Country,SWE,Sweden,Year,2019,true,Sex,Both sexes,SEX_BTSX,GHE cause of death codes,ALL CAUSES,GHECAUSE_GHE000000,,,,,,,8.08,,,4.94,,11.33,8 [5-11],,,EN,2024-10-02T22:00:00.000Z
AIR_42,"Ambient air pollution attributable death rate (per 100 000 population, age-standardized)",numeric,EUR,Europe,Country,ISL,Iceland,Year,2019,true,Sex,Both sexes,SEX_BTSX,GHE cause of death codes,ALL CAUSES,GHECAUSE_GHE000000,,,,,,,8.16,,,4.67,,12.2,8 [5-12],,,EN,2024-10-02T22:00:00.000Z
AIR_42,"Ambient air pollution attributable death rate (per 100 000 population, age-standardized)",numeric,AFR,Africa,Country,NGA,Nigeria,Year,2019,true,Sex,Both sexes,SEX_BTSX,GHE cause of death codes,ALL CAUSES,GHECAUSE_GHE000000,,,,,,,82.21,,,64.36,,101.3,82 [64-101],,,EN,2024-10-02T22:00:00.000Z
AIR_42,"Ambient air pollution attributable death rate (per 100 000 population, age-standardized)",numeric,EMR,Eastern Mediterranean,Country,SYR,Syrian Arab Republic,Year,2019,true,Sex,Both sexes,SEX_BTSX,GHE cause of death codes,ALL CAUSES,GHECAUSE_GHE000000,,,,,,,83.24,,,60.8,,104.2,83 [61-104],,,EN,2024-10-02T22:00:00.000Z
AIR_42,"Ambient air pollution attributable death rate (per 100 000 population, age-standardized)",numeric,SEAR,South-East Asia,Country,IND,India,Year,2019,true,Sex,Both sexes,SEX_BTSX,GHE cause of death codes,ALL CAUSES,GHECAUSE_GHE000000,,,,,,,83.4,,,65.25,,103.8,83 [65-104],,,EN,2024-10-02T22:00:00.000Z
AIR_42,"Ambient air pollution attributable death rate (per 100 000 population, age-standardized)",numeric,AFR,Africa,Country,STP,Sao Tome and Principe,Year,2019,true,Sex,Both sexes,SEX_BTSX,GHE cause of death codes,ALL CAUSES,GHECAUSE_GHE000000,,,,,,,85.77,,,57.42,,119.5,86 [57-119],,,EN,2024-10-02T22:00:00.000Z
AIR_42,"Ambient air pollution attributable death rate (per 100 000 population, age-standardized)",numeric,SEAR,South-East Asia,Country,PRK,Democratic People's Republic of Korea,Year,2019,true,Sex,Both sexes,SEX_BTSX,GHE cause of death codes,ALL CAUSES,GHECAUSE_GHE000000,,,,,,,86.18,,,63.79,,111.7,86 [64-112],,,EN,2024-10-02T22:00:00.000Z
AIR_42,"Ambient air pollution attributable death rate (per 100 000 population, age-standardized)",numeric,AFR,Africa,Country,BFA,Burkina Faso,Year,2019,true,Sex,Both sexes,SEX_BTSX,GHE cause of death codes,ALL CAUSES,GHECAUSE_GHE000000,,,,,,,86.88,,,53.43,,125.7,87 [53-126],,,EN,2024-10-02T22:00:00.000Z
AIR_42,"Ambient air pollution attributable death rate (per 100 000 population, age-standardized)",numeric,EUR,Europe,Country,TKM,Turkmenistan,Year,2019,true,Sex,Both sexes,SEX_BTSX,GHE cause of death codes,ALL CAUSES,GHECAUSE_GHE000000,,,,,,,87.03,,,61.8,,112,87 [62-112],,,EN,2024-10-02T22:00:00.000Z
AIR_42,"Ambient air pollution attributable death rate (per 100 000 population, age-standardized)",numeric,EMR,Eastern Mediterranean,Country,IRQ,Iraq,Year,2019,true,Sex,Both sexes,SEX_BTSX,GHE cause of death codes,ALL CAUSES,GHECAUSE_GHE000000,,,,,,,87,,,65.53,,106.9,87 [66-107],,,EN,2024-10-02T22:00:00.000Z
AIR_42,"Ambient air pollution attributable death rate (per 100 000 population, age-standardized)",numeric,AFR,Africa,Country,CIV,Cote d'Ivoire,Year,2019,true,Sex,Both sexes,SEX_BTSX,GHE cause of death codes,ALL CAUSES,GHECAUSE_GHE000000,,,,,,,87.82,,,61.81,,115.5,88 [62-115],,,EN,2024-10-02T22:00:00.000Z
AIR_42,"Ambient air pollution attributable death rate (per 100 000 population, age-standardized)",numeric,EUR,Europe,Country,KGZ,Kyrgyzstan,Year,2019,true,Sex,Both sexes,SEX_BTSX,GHE cause of death codes,ALL CAUSES,GHECAUSE_GHE000000,,,,,,,88.76,,,67.04,,113.2,89 [67-113],,,EN,2024-10-02T22:00:00.000Z
AIR_42,"Ambient air pollution attributable death rate (per 100 000 population, age-standardized)",numeric,AFR,Africa,Country,GHA,Ghana,Year,2019,true,Sex,Both sexes,SEX_BTSX,GHE cause of death codes,ALL CAUSES,GHECAUSE_GHE000000,,,,,,,90.27,,,68.65,,113.8,90 [69-114],,,EN,2024-10-02T22:00:00.000Z
AIR_42,"Ambient air pollution attributable death rate (per 100 000 population, age-standardized)",numeric,AFR,Africa,Country,GNB,Guinea-Bissau,Year,2019,true,Sex,Both sexes,SEX_BTSX,GHE cause of death codes,ALL CAUSES,GHECAUSE_GHE000000,,,,,,,90.92,,,61.42,,125.8,91 [61-126],,,EN,2024-10-02T22:00:00.000Z
AIR_42,"Ambient air pollution attributable death rate (per 100 000 population, age-standardized)",numeric,AFR,Africa,Country,GMB,Gambia,Year,2019,true,Sex,Both sexes,SEX_BTSX,GHE cause of death codes,ALL CAUSES,GHECAUSE_GHE000000,,,,,,,91.48,,,63.84,,121,91 [64-121],,,EN,2024-10-02T22:00:00.000Z
AIR_42,"Ambient air pollution attributable death rate (per 100 000 population, age-standardized)",numeric,EMR,Eastern Mediterranean,Country,QAT,Qatar,Year,2019,true,Sex,Both sexes,SEX_BTSX,GHE cause of death codes,ALL CAUSES,GHECAUSE_GHE000000,,,,,,,90.81,,,70.2,,109.5,91 [70-109],,,EN,2024-10-02T22:00:00.000Z
AIR_42,"Ambient air pollution attributable death rate (per 100 000 population, age-standardized)",numeric,EMR,Eastern Mediterranean,Country,SAU,Saudi Arabia,Year,2019,true,Sex,Both sexes,SEX_BTSX,GHE cause of death codes,ALL CAUSES,GHECAUSE_GHE000000,,,,,,,91.17,,,70.41,,112.3,91 [70-112],,,EN,2024-10-02T22:00:00.000Z
AIR_42,"Ambient air pollution attributable death rate (per 100 000 population, age-standardized)",numeric,AFR,Africa,Country,TGO,Togo,Year,2019,true,Sex,Both sexes,SEX_BTSX,GHE cause of death codes,ALL CAUSES,GHECAUSE_GHE000000,,,,,,,92.36,,,65.21,,119.4,92 [65-119],,,EN,2024-10-02T22:00:00.000Z
AIR_42,"Ambient air pollution attributable death rate (per 100 000 population, age-standardized)",numeric,WPR,Western Pacific,Country,PHL,Philippines,Year,2019,true,Sex,Both sexes,SEX_BTSX,GHE cause of death codes,ALL CAUSES,GHECAUSE_GHE000000,,,,,,,91.78,,,69.3,,114.8,92 [69-115],,,EN,2024-10-02T22:00:00.000Z
AIR_42,"Ambient air pollution attributable death rate (per 100 000 population, age-standardized)",numeric,AFR,Africa,Country,NER,Niger,Year,2019,true,Sex,Both sexes,SEX_BTSX,GHE cause of death codes,ALL CAUSES,GHECAUSE_GHE000000,,,,,,,95.77,,,61.8,,131.1,96 [62-131],,,EN,2024-10-02T22:00:00.000Z
AIR_42,"Ambient air pollution attributable death rate (per 100 000 population, age-standardized)",numeric,AFR,Africa,Country,GIN,Guinea,Year,2019,true,Sex,Both sexes,SEX_BTSX,GHE cause of death codes,ALL CAUSES,GHECAUSE_GHE000000,,,,,,,96.71,,,67.33,,130.1,97 [67-130],,,EN,2024-10-02T22:00:00.000Z
AIR_42,"Ambient air pollution attributable death rate (per 100 000 population, age-standardized)",numeric,AFR,Africa,Country,SLE,Sierra Leone,Year,2019,true,Sex,Both sexes,SEX_BTSX,GHE cause of death codes,ALL CAUSES,GHECAUSE_GHE000000,,,,,,,97.95,,,64.39,,132.3,98 [64-132],,,EN,2024-10-02T22:00:00.000Z
