,Location,IndicatorCode,Indicator,ValueType,ParentLocationCode,ParentLocation,Location type,SpatialDimValueCode,Period type,Period,IsLatestYear,Dim1 type,Dim1,Dim1ValueCode,Dim2 type,Dim2,Dim2ValueCode,Dim3 type,Dim3,Dim3ValueCode,DataSourceDimValueCode,DataSource,FactValueNumericPrefix,FactValueNumeric,FactValueUoM,FactValueNumericLowPrefix,FactValueNumericLow,FactValueNumericHighPrefix,FactValueNumericHigh,Value,FactValueTranslationID,FactComments,Language,DateModified,IndicatorCoder,Indicatorr,ValueTyper,ParentLocationCoder,ParentLocationr,Location typer,SpatialDimValueCoder,Period typer,Periodr,IsLatestYearr,Dim1 typer,Dim1r,Dim1ValueCoder,Dim2 typer,Dim2r,Dim2ValueCoder,Dim3 typer,Dim3r,Dim3ValueCoder,DataSourceDimValueCoder,DataSourcer,FactValueNumericPrefixr,FactValueNumericr,FactValueUoMr,FactValueNumericLowPrefixr,FactValueNumericLowr,FactValueNumericHighPrefixr,FactValueNumericHighr,Valuer,FactValueTranslationIDr,FactCommentsr,Languager,DateModifiedr
2,Indonesia,NCD_DTH_TOT,Total NCD Deaths,numeric,SEAR,South-East Asia,Country,IDN,Year,2019,False,Sex,Both sexes,SEX_BTSX,Causes,Noncommunicable diseases,GHECAUSES_GHE060,,,,,,,1487277,,,1010864,,2103153,1 490 000 [1 010 000-2 100 000],,,EN,2025-03-18T23:00:00.000Z,AIR_41,Ambient air pollution attributable deaths,numeric,SEAR,South-East Asia,Country,IDN,Year,2019,True,Sex,Both sexes,SEX_BTSX,GHE cause of death codes,ALL CAUSES,GHECAUSE_GHE000000,,,,,,,119869.0,,,87647.0,,155411.0,119 869 [87 647-155 411],,,EN,2024-10-02T22:00:00.000Z
4,Mauritania,NCD_DTH_TOT,Total NCD Deaths,numeric,AFR,Africa,Country,MRT,Year,2019,False,Sex,Both sexes,SEX_BTSX,Causes,Noncommunicable diseases,GHECAUSES_GHE060,,,,,,,10752,,,5522,,18449,10 800 [5520-18 400],,,EN,2025-03-18T23:00:00.000Z,AIR_41,Ambient air pollution attributable deaths,numeric,AFR,Africa,Country,MRT,Year,2019,True,Sex,Both sexes,SEX_BTSX,GHE cause of death codes,ALL CAUSES,GHECAUSE_GHE000000,,,,,,,1479.0,,,871.7,,2079.0,1479 [872-2079],,,EN,2024-10-02T22:00:00.000Z
11,Nepal,NCD_DTH_TOT,Total NCD Deaths,numeric,SEAR,South-East Asia,Country,NPL,Year,2019,False,Sex,Both sexes,SEX_BTSX,Causes,Noncommunicable diseases,GHECAUSES_GHE060,,,,,,,109269,,,62922,,180861,109 000 [62 900-181 000],,,EN,2025-03-18T23:00:00.000Z,AIR_41,Ambient air pollution attributable deaths,numeric,SEAR,South-East Asia,Country,NPL,Year,2019,True,Sex,Both sexes,SEX_BTSX,GHE cause of death codes,ALL CAUSES,GHECAUSE_GHE000000,,,,,,,14662.0,,,10717.0,,19661.0,14 662 [10 717-19 661],,,EN,2024-10-02T22:00:00.000Z
16,Sri Lanka,NCD_DTH_TOT,Total NCD Deaths,numeric,SEAR,South-East Asia,Country,LKA,Year,2019,False,Sex,Both sexes,SEX_BTSX,Causes,Noncommunicable diseases,GHECAUSES_GHE060,,,,,,,115872,,,70013,,172187,116 000 [70 000-172 000],,,EN,2025-03-18T23:00:00.000Z,AIR_41,Ambient air pollution attributable deaths,numeric,SEAR,South-East Asia,Country,LKA,Year,2019,True,Sex,Both sexes,SEX_BTSX,GHE cause of death codes,ALL CAUSES,GHECAUSE_GHE000000,,,,,,,9523.0,,,6798.0,,12329.0,9523 [6798-12 329],,,EN,2024-10-02T22:00:00.000Z
21,Lesotho,NCD_DTH_TOT,Total NCD Deaths,numeric,AFR,Africa,Country,LSO,Year,2019,False,Sex,Both sexes,SEX_BTSX,Causes,Noncommunicable diseases,GHECAUSES_GHE060,,,,,,,12114,,,6879,,23035,12 100 [6880-23 000],,,EN,2025-03-18T23:00:00.000Z,AIR_41,Ambient air pollution attributable deaths,numeric,AFR,Africa,Country,LSO,Year,2019,True,Sex,Both sexes,SEX_BTSX,GHE cause of death codes,ALL CAUSES,GHECAUSE_GHE000000,,,,,,,1458.0,,,969.9,,1947.0,1458 [970-1947],,,EN,2024-10-02T22:00:00.000Z
24,Eritrea,NCD_DTH_TOT,Total NCD Deaths,numeric,AFR,Africa,Country,ERI,Year,2019,False,Sex,Both sexes,SEX_BTSX,Causes,Noncommunicable diseases,GHECAUSES_GHE060,,,,,,,13538,,,7530,,25102,13 500 [7530-25 100],,,EN,2025-03-18T23:00:00.000Z,AIR_41,Ambient air pollution attributable deaths,numeric,AFR,Africa,Country,ERI,Year,2019,True,Sex,Both sexes,SEX_BTSX,GHE cause of death codes,ALL CAUSES,GHECAUSE_GHE000000,,,,,,,1542.0,,,769.8,,2453.0,1542 [770-2453],,,EN,2024-10-02T22:00:00.000Z
25,Liberia,NCD_DTH_TOT,Total NCD Deaths,numeric,AFR,Africa,Country,LBR,Year,2019,False,Sex,Both sexes,SEX_BTSX,Causes,Noncommunicable diseases,GHECAUSES_GHE060,,,,,,,13553,,,7288,,24268,13 600 [7290-24 300],,,EN,2025-03-18T23:00:00.000Z,AIR_41,Ambient air pollution attributable deaths,numeric,AFR,Africa,Country,LBR,Year,2019,True,Sex,Both sexes,SEX_BTSX,GHE cause of death codes,ALL CAUSES,GHECAUSE_GHE000000,,,,,,,1513.0,,,1007.0,,2032.0,1513 [1007-2032],,,EN,2024-10-02T22:00:00.000Z
26,Kenya,NCD_DTH_TOT,Total NCD Deaths,numeric,AFR,Africa,Country,KEN,Year,2019,False,Sex,Both sexes,SEX_BTSX,Causes,Noncommunicable diseases,GHECAUSES_GHE060,,,,,,,130019,,,76446,,216370,130 000 [76 400-216 000],,,EN,2025-03-18T23:00:00.000Z,AIR_41,Ambient air pollution attributable deaths,numeric,AFR,Africa,Country,KEN,Year,2019,True,Sex,Both sexes,SEX_BTSX,GHE cause of death codes,ALL CAUSES,GHECAUSE_GHE000000,,,,,,,6693.0,,,3865.0,,9812.0,6693 [3865-9812],,,EN,2024-10-02T22:00:00.000Z
27,United Republic of Tanzania,NCD_DTH_TOT,Total NCD Deaths,numeric,AFR,Africa,Country,TZA,Year,2019,False,Sex,Both sexes,SEX_BTSX,Causes,Noncommunicable diseases,GHECAUSES_GHE060,,,,,,,131377,,,69978,,238893,131 000 [70 000-239 000],,,EN,2025-03-18T23:00:00.000Z,AIR_41,Ambient air pollution attributable deaths,numeric,AFR,Africa,Country,TZA,Year,2019,True,Sex,Both sexes,SEX_BTSX,GHE cause of death codes,ALL CAUSES,GHECAUSE_GHE000000,,,,,,,8623.0,,,5386.0,,12417.0,8623 [5386-12 417],,,EN,2024-10-02T22:00:00.000Z
30,Central African Republic,NCD_DTH_TOT,Total NCD Deaths,numeric,AFR,Africa,Country,CAF,Year,2019,False,Sex,Both sexes,SEX_BTSX,Causes,Noncommunicable diseases,GHECAUSES_GHE060,,,,,,,14571,,,7725,,30471,14 600 [7720-30 500],,,EN,2025-03-18T23:00:00.000Z,AIR_41,Ambient air pollution attributable deaths,numeric,AFR,Africa,Country,CAF,Year,2019,True,Sex,Both sexes,SEX_BTSX,GHE cause of death codes,ALL CAUSES,GHECAUSE_GHE000000,,,,,,,2259.0,,,630.9,,4080.0,2259 [631-4080],,,EN,2024-10-02T22:00:00.000Z
33,Congo,NCD_DTH_TOT,Total NCD Deaths,numeric,AFR,Africa,Country,COG,Year,2019,False,Sex,Both sexes,SEX_BTSX,Causes,Noncommunicable diseases,GHECAUSES_GHE060,,,,,,,15190,,,7709,,25033,15 200 [7710-25 000],,,EN,2025-03-18T23:00:00.000Z,AIR_41,Ambient air pollution attributable deaths,numeric,AFR,Africa,Country,COG,Year,2019,True,Sex,Both sexes,SEX_BTSX,GHE cause of death codes,ALL CAUSES,GHECAUSE_GHE000000,,,,,,,1467.0,,,453.8,,2717.0,1467 [454-2717],,,EN,2024-10-02T22:00:00.000Z
41,Algeria,NCD_DTH_TOT,Total NCD Deaths,numeric,AFR,Africa,Country,DZA,Year,2019,False,Sex,Both sexes,SEX_BTSX,Causes,Noncommunicable diseases,GHECAUSES_GHE060,,,,,,,161312,,,97359,,250203,161 000 [97 400-250 000],,,EN,2025-03-18T23:00:00.000Z,AIR_41,Ambient air pollution attributable deaths,numeric,AFR,Africa,Country,DZA,Year,2019,True,Sex,Both sexes,SEX_BTSX,GHE cause of death codes,ALL CAUSES,GHECAUSE_GHE000000,,,,,,,17408.0,,,11758.0,,22990.0,17 408 [11 758-22 990],,,EN,2024-10-02T22:00:00.000Z
49,Cabo Verde,NCD_DTH_TOT,Total NCD Deaths,numeric,AFR,Africa,Country,CPV,Year,2019,False,Sex,Both sexes,SEX_BTSX,Causes,Noncommunicable diseases,GHECAUSES_GHE060,,,,,,,2037,,,1442,,3800,2040 [1440-3800],,,EN,2025-03-18T23:00:00.000Z,AIR_41,Ambient air pollution attributable deaths,numeric,AFR,Africa,Country,CPV,Year,2019,True,Sex,Both sexes,SEX_BTSX,GHE cause of death codes,ALL CAUSES,GHECAUSE_GHE000000,,,,,,,226.1,,,151.1,,307.1,226 [151-307],,,EN,2024-10-02T22:00:00.000Z
52,Democratic People's Republic of Korea,NCD_DTH_TOT,Total NCD Deaths,numeric,SEAR,South-East Asia,Country,PRK,Year,2019,False,Sex,Both sexes,SEX_BTSX,Causes,Noncommunicable diseases,GHECAUSES_GHE060,,,,,,,211200,,,125791,,334484,211 000 [126 000-334 000],,,EN,2025-03-18T23:00:00.000Z,AIR_41,Ambient air pollution attributable deaths,numeric,SEAR,South-East Asia,Country,PRK,Year,2019,True,Sex,Both sexes,SEX_BTSX,GHE cause of death codes,ALL CAUSES,GHECAUSE_GHE000000,,,,,,,26499.0,,,19547.0,,34340.0,26 499 [19 547-34 340],,,EN,2024-10-02T22:00:00.000Z
55,Sierra Leone,NCD_DTH_TOT,Total NCD Deaths,numeric,AFR,Africa,Country,SLE,Year,2019,False,Sex,Both sexes,SEX_BTSX,Causes,Noncommunicable diseases,GHECAUSES_GHE060,,,,,,,23539,,,13008,,42202,23 500 [13 000-42 200],,,EN,2025-03-18T23:00:00.000Z,AIR_41,Ambient air pollution attributable deaths,numeric,AFR,Africa,Country,SLE,Year,2019,True,Sex,Both sexes,SEX_BTSX,GHE cause of death codes,ALL CAUSES,GHECAUSE_GHE000000,,,,,,,3890.0,,,2459.0,,5367.0,3890 [2459-5367],,,EN,2024-10-02T22:00:00.000Z
59,Maldives,NCD_DTH_TOT,Total NCD Deaths,numeric,SEAR,South-East Asia,Country,MDV,Year,2019,False,Sex,Both sexes,SEX_BTSX,Causes,Noncommunicable diseases,GHECAUSES_GHE060,,,,,,,2366,,,1845,,4296,2370 [1840-4300],,,EN,2025-03-18T23:00:00.000Z,AIR_41,Ambient air pollution attributable deaths,numeric,SEAR,South-East Asia,Country,MDV,Year,2019,True,Sex,Both sexes,SEX_BTSX,GHE cause of death codes,ALL CAUSES,GHECAUSE_GHE000000,,,,,,,80.42,,,54.02,,107.4,80 [54-107],,,EN,2024-10-02T22:00:00.000Z
62,Ethiopia,NCD_DTH_TOT,Total NCD Deaths,numeric,AFR,Africa,Country,ETH,Year,2019,False,Sex,Both sexes,SEX_BTSX,Causes,Noncommunicable diseases,GHECAUSES_GHE060,,,,,,,246626,,,148336,,392147,247 000 [148 000-392 000],,,EN,2025-03-18T23:00:00.000Z,AIR_41,Ambient air pollution attributable deaths,numeric,AFR,Africa,Country,ETH,Year,2019,True,Sex,Both sexes,SEX_BTSX,GHE cause of death codes,ALL CAUSES,GHECAUSE_GHE000000,,,,,,,26714.0,,,17357.0,,35835.0,26 714 [17 357-35 835],,,EN,2024-10-02T22:00:00.000Z
67,South Sudan,NCD_DTH_TOT,Total NCD Deaths,numeric,AFR,Africa,Country,SSD,Year,2019,False,Sex,Both sexes,SEX_BTSX,Causes,Noncommunicable diseases,GHECAUSES_GHE060,,,,,,,26121,,,12806,,47925,26 100 [12 800-47 900],,,EN,2025-03-18T23:00:00.000Z,AIR_41,Ambient air pollution attributable deaths,numeric,AFR,Africa,Country,SSD,Year,2019,True,Sex,Both sexes,SEX_BTSX,GHE cause of death codes,ALL CAUSES,GHECAUSE_GHE000000,,,,,,,3024.0,,,1603.0,,4671.0,3024 [1603-4671],,,EN,2024-10-02T22:00:00.000Z
68,Togo,NCD_DTH_TOT,Total NCD Deaths,numeric,AFR,Africa,Country,TGO,Year,2019,False,Sex,Both sexes,SEX_BTSX,Causes,Noncommunicable diseases,GHECAUSES_GHE060,,,,,,,26944,,,13827,,46132,26 900 [13 800-46 100],,,EN,2025-03-18T23:00:00.000Z,AIR_41,Ambient air pollution attributable deaths,numeric,AFR,Africa,Country,TGO,Year,2019,True,Sex,Both sexes,SEX_BTSX,GHE cause of death codes,ALL CAUSES,GHECAUSE_GHE000000,,,,,,,3336.0,,,2357.0,,4328.0,3336 [2357-4328],,,EN,2024-10-02T22:00:00.000Z
70,Comoros,NCD_DTH_TOT,Total NCD Deaths,numeric,AFR,Africa,Country,COM,Year,2019,False,Sex,Both sexes,SEX_BTSX,Causes,Noncommunicable diseases,GHECAUSES_GHE060,,,,,,,2675,,,1345,,4618,2680 [1350-4620],,,EN,2025-03-18T23:00:00.000Z,AIR_41,Ambient air pollution attributable deaths,numeric,AFR,Africa,Country,COM,Year,2019,True,Sex,Both sexes,SEX_BTSX,GHE cause of death codes,ALL CAUSES,GHECAUSE_GHE000000,,,,,,,196.2,,,100.2,,303.7,196 [100-304],,,EN,2024-10-02T22:00:00.000Z
71,Democratic Republic of the Congo,NCD_DTH_TOT,Total NCD Deaths,numeric,AFR,Africa,Country,COD,Year,2019,False,Sex,Both sexes,SEX_BTSX,Causes,Noncommunicable diseases,GHECAUSES_GHE060,,,,,,,275681,,,126303,,495025,276 000 [126 000-495 000],,,EN,2025-03-18T23:00:00.000Z,AIR_41,Ambient air pollution attributable deaths,numeric,AFR,Africa,Country,COD,Year,2019,True,Sex,Both sexes,SEX_BTSX,GHE cause of death codes,ALL CAUSES,GHECAUSE_GHE000000,,,,,,,31219.0,,,9654.0,,56645.0,31 219 [9654-56 645],,,EN,2024-10-02T22:00:00.000Z
74,Bhutan,NCD_DTH_TOT,Total NCD Deaths,numeric,SEAR,South-East Asia,Country,BTN,Year,2019,False,Sex,Both sexes,SEX_BTSX,Causes,Noncommunicable diseases,GHECAUSES_GHE060,,,,,,,2807,,,1528,,4925,2810 [1530-4930],,,EN,2025-03-18T23:00:00.000Z,AIR_41,Ambient air pollution attributable deaths,numeric,SEAR,South-East Asia,Country,BTN,Year,2019,True,Sex,Both sexes,SEX_BTSX,GHE cause of death codes,ALL CAUSES,GHECAUSE_GHE000000,,,,,,,342.0,,,251.4,,444.6,342 [251-445],,,EN,2024-10-02T22:00:00.000Z
75,Myanmar,NCD_DTH_TOT,Total NCD Deaths,numeric,SEAR,South-East Asia,Country,MMR,Year,2019,False,Sex,Both sexes,SEX_BTSX,Causes,Noncommunicable diseases,GHECAUSES_GHE060,,,,,,,283620,,,172380,,440259,284 000 [172 000-440 000],,,EN,2025-03-18T23:00:00.000Z,AIR_41,Ambient air pollution attributable deaths,numeric,SEAR,South-East Asia,Country,MMR,Year,2019,True,Sex,Both sexes,SEX_BTSX,GHE cause of death codes,ALL CAUSES,GHECAUSE_GHE000000,,,,,,,27930.0,,,20872.0,,35825.0,27 930 [20 872-35 825],,,EN,2024-10-02T22:00:00.000Z
77,South Africa,NCD_DTH_TOT,Total NCD Deaths,numeric,AFR,Africa,Country,ZAF,Year,2019,False,Sex,Both sexes,SEX_BTSX,Causes,Noncommunicable diseases,GHECAUSES_GHE060,,,,,,,286982,,,203907,,343592,287 000 [204 000-344 000],,,EN,2025-03-18T23:00:00.000Z,AIR_41,Ambient air pollution attributable deaths,numeric,AFR,Africa,Country,ZAF,Year,2019,True,Sex,Both sexes,SEX_BTSX,GHE cause of death codes,ALL CAUSES,GHECAUSE_GHE000000,,,,,,,20025.0,,,15311.0,,25128.0,20 025 [15 311-25 128],,,EN,2024-10-02T22:00:00.000Z
79,Burundi,NCD_DTH_TOT,Total NCD Deaths,numeric,AFR,Africa,Country,BDI,Year,2019,False,Sex,Both sexes,SEX_BTSX,Causes,Noncommunicable diseases,GHECAUSES_GHE060,,,,,,,29028,,,14442,,51092,29 000 [14 400-51 100],,,EN,2025-03-18T23:00:00.000Z,AIR_41,Ambient air pollution attributable deaths,numeric,AFR,Africa,Country,BDI,Year,2019,True,Sex,Both sexes,SEX_BTSX,GHE cause of death codes,ALL CAUSES,GHECAUSE_GHE000000,,,,,,,3453.0,,,1715.0,,5577.0,3453 [1715-5577],,,EN,2024-10-02T22:00:00.000Z
92,Benin,NCD_DTH_TOT,Total NCD Deaths,numeric,AFR,Africa,Country,BEN,Year,2019,False,Sex,Both sexes,SEX_BTSX,Causes,Noncommunicable diseases,GHECAUSES_GHE060,,,,,,,35218,,,18762,,58778,35 200 [18 800-58 800],,,EN,2025-03-18T23:00:00.000Z,AIR_41,Ambient air pollution attributable deaths,numeric,AFR,Africa,Country,BEN,Year,2019,True,Sex,Both sexes,SEX_BTSX,GHE cause of death codes,ALL CAUSES,GHECAUSE_GHE000000,,,,,,,5006.0,,,3593.0,,6553.0,5006 [3593-6553],,,EN,2024-10-02T22:00:00.000Z
97,Rwanda,NCD_DTH_TOT,Total NCD Deaths,numeric,AFR,Africa,Country,RWA,Year,2019,False,Sex,Both sexes,SEX_BTSX,Causes,Noncommunicable diseases,GHECAUSES_GHE060,,,,,,,37530,,,17476,,67209,37 500 [17 500-67 200],,,EN,2025-03-18T23:00:00.000Z,AIR_41,Ambient air pollution attributable deaths,numeric,AFR,Africa,Country,RWA,Year,2019,True,Sex,Both sexes,SEX_BTSX,GHE cause of death codes,ALL CAUSES,GHECAUSE_GHE000000,,,,,,,3397.0,,,1771.0,,5001.0,3397 [1771-5001],,,EN,2024-10-02T22:00:00.000Z
98,Chad,NCD_DTH_TOT,Total NCD Deaths,numeric,AFR,Africa,Country,TCD,Year,2019,False,Sex,Both sexes,SEX_BTSX,Causes,Noncommunicable diseases,GHECAUSES_GHE060,,,,,,,37612,,,17908,,65232,37 600 [17 900-65 200],,,EN,2025-03-18T23:00:00.000Z,AIR_41,Ambient air pollution attributable deaths,numeric,AFR,Africa,Country,TCD,Year,2019,True,Sex,Both sexes,SEX_BTSX,GHE cause of death codes,ALL CAUSES,GHECAUSE_GHE000000,,,,,,,9419.0,,,6240.0,,13002.0,9419 [6240-13 002],,,EN,2024-10-02T22:00:00.000Z
99,Zambia,NCD_DTH_TOT,Total NCD Deaths,numeric,AFR,Africa,Country,ZMB,Year,2019,False,Sex,Both sexes,SEX_BTSX,Causes,Noncommunicable diseases,GHECAUSES_GHE060,,,,,,,37840,,,18341,,68239,37 800 [18 300-68 200],,,EN,2025-03-18T23:00:00.000Z,AIR_41,Ambient air pollution attributable deaths,numeric,AFR,Africa,Country,ZMB,Year,2019,True,Sex,Both sexes,SEX_BTSX,GHE cause of death codes,ALL CAUSES,GHECAUSE_GHE000000,,,,,,,3434.0,,,1694.0,,5491.0,3434 [1694-5491],,,EN,2024-10-02T22:00:00.000Z
102,Thailand,NCD_DTH_TOT,Total NCD Deaths,numeric,SEAR,South-East Asia,Country,THA,Year,2019,False,Sex,Both sexes,SEX_BTSX,Causes,Noncommunicable diseases,GHECAUSES_GHE060,,,,,,,398900,,,260858,,652199,399 000 [261 000-652 000],,,EN,2025-03-18T23:00:00.000Z,AIR_41,Ambient air pollution attributable deaths,numeric,SEAR,South-East Asia,Country,THA,Year,2019,True,Sex,Both sexes,SEX_BTSX,GHE cause of death codes,ALL CAUSES,GHECAUSE_GHE000000,,,,,,,31100.0,,,24663.0,,37976.0,31 100 [24 663-37 976],,,EN,2024-10-02T22:00:00.000Z
103,Guinea,NCD_DTH_TOT,Total NCD Deaths,numeric,AFR,Africa,Country,GIN,Year,2019,False,Sex,Both sexes,SEX_BTSX,Causes,Noncommunicable diseases,GHECAUSES_GHE060,,,,,,,40094,,,21088,,67146,40 100 [21 100-67 100],,,EN,2025-03-18T23:00:00.000Z,AIR_41,Ambient air pollution attributable deaths,numeric,AFR,Africa,Country,GIN,Year,2019,True,Sex,Both sexes,SEX_BTSX,GHE cause of death codes,ALL CAUSES,GHECAUSE_GHE000000,,,,,,,6145.0,,,4107.0,,8409.0,6145 [4107-8409],,,EN,2024-10-02T22:00:00.000Z
110,Nigeria,NCD_DTH_TOT,Total NCD Deaths,numeric,AFR,Africa,Country,NGA,Year,2019,False,Sex,Both sexes,SEX_BTSX,Causes,Noncommunicable diseases,GHECAUSES_GHE060,,,,,,,426590,,,245392,,657253,427 000 [245 000-657 000],,,EN,2025-03-18T23:00:00.000Z,AIR_41,Ambient air pollution attributable deaths,numeric,AFR,Africa,Country,NGA,Year,2019,True,Sex,Both sexes,SEX_BTSX,GHE cause of death codes,ALL CAUSES,GHECAUSE_GHE000000,,,,,,,100997.0,,,77396.0,,125062.0,100 997 [77 396-125 062],,,EN,2024-10-02T22:00:00.000Z
117,Timor-Leste,NCD_DTH_TOT,Total NCD Deaths,numeric,SEAR,South-East Asia,Country,TLS,Year,2019,False,Sex,Both sexes,SEX_BTSX,Causes,Noncommunicable diseases,GHECAUSES_GHE060,,,,,,,4662,,,2601,,7610,4660 [2600-7610],,,EN,2025-03-18T23:00:00.000Z,AIR_41,Ambient air pollution attributable deaths,numeric,SEAR,South-East Asia,Country,TLS,Year,2019,True,Sex,Both sexes,SEX_BTSX,GHE cause of death codes,ALL CAUSES,GHECAUSE_GHE000000,,,,,,,447.3,,,236.4,,702.5,447 [236-702],,,EN,2024-10-02T22:00:00.000Z
118,Senegal,NCD_DTH_TOT,Total NCD Deaths,numeric,AFR,Africa,Country,SEN,Year,2019,False,Sex,Both sexes,SEX_BTSX,Causes,Noncommunicable diseases,GHECAUSES_GHE060,,,,,,,47444,,,23773,,72806,47 400 [23 800-72 800],,,EN,2025-03-18T23:00:00.000Z,AIR_41,Ambient air pollution attributable deaths,numeric,AFR,Africa,Country,SEN,Year,2019,True,Sex,Both sexes,SEX_BTSX,GHE cause of death codes,ALL CAUSES,GHECAUSE_GHE000000,,,,,,,4779.0,,,3398.0,,6094.0,4779 [3398-6094],,,EN,2024-10-02T22:00:00.000Z
121,Equatorial Guinea,NCD_DTH_TOT,Total NCD Deaths,numeric,AFR,Africa,Country,GNQ,Year,2019,False,Sex,Both sexes,SEX_BTSX,Causes,Noncommunicable diseases,GHECAUSES_GHE060,,,,,,,4931,,,2029,,8060,4930 [2030-8060],,,EN,2025-03-18T23:00:00.000Z,AIR_41,Ambient air pollution attributable deaths,numeric,AFR,Africa,Country,GNQ,Year,2019,True,Sex,Both sexes,SEX_BTSX,GHE cause of death codes,ALL CAUSES,GHECAUSE_GHE000000,,,,,,,349.1,,,98.17,,633.5,349 [98-634],,,EN,2024-10-02T22:00:00.000Z
127,Niger,NCD_DTH_TOT,Total NCD Deaths,numeric,AFR,Africa,Country,NER,Year,2019,False,Sex,Both sexes,SEX_BTSX,Causes,Noncommunicable diseases,GHECAUSES_GHE060,,,,,,,52605,,,24144,,101673,52 600 [24 100-102 000],,,EN,2025-03-18T23:00:00.000Z,AIR_41,Ambient air pollution attributable deaths,numeric,AFR,Africa,Country,NER,Year,2019,True,Sex,Both sexes,SEX_BTSX,GHE cause of death codes,ALL CAUSES,GHECAUSE_GHE000000,,,,,,,10827.0,,,6806.0,,15132.0,10 827 [6806-15 132],,,EN,2024-10-02T22:00:00.000Z
128,Mali,NCD_DTH_TOT,Total NCD Deaths,numeric,AFR,Africa,Country,MLI,Year,2019,False,Sex,Both sexes,SEX_BTSX,Causes,Noncommunicable diseases,GHECAUSES_GHE060,,,,,,,52885,,,26106,,94051,52 900 [26 100-94 100],,,EN,2025-03-18T23:00:00.000Z,AIR_41,Ambient air pollution attributable deaths,numeric,AFR,Africa,Country,MLI,Year,2019,True,Sex,Both sexes,SEX_BTSX,GHE cause of death codes,ALL CAUSES,GHECAUSE_GHE000000,,,,,,,6902.0,,,3995.0,,10152.0,6902 [3995-10 152],,,EN,2024-10-02T22:00:00.000Z
133,Burkina Faso,NCD_DTH_TOT,Total NCD Deaths,numeric,AFR,Africa,Country,BFA,Year,2019,False,Sex,Both sexes,SEX_BTSX,Causes,Noncommunicable diseases,GHECAUSES_GHE060,,,,,,,56845,,,27848,,114039,56 800 [27 800-114 000],,,EN,2025-03-18T23:00:00.000Z,AIR_41,Ambient air pollution attributable deaths,numeric,AFR,Africa,Country,BFA,Year,2019,True,Sex,Both sexes,SEX_BTSX,GHE cause of death codes,ALL CAUSES,GHECAUSE_GHE000000,,,,,,,8054.0,,,4592.0,,12003.0,8054 [4592-12 003],,,EN,2024-10-02T22:00:00.000Z
135,Malawi,NCD_DTH_TOT,Total NCD Deaths,numeric,AFR,Africa,Country,MWI,Year,2019,False,Sex,Both sexes,SEX_BTSX,Causes,Noncommunicable diseases,GHECAUSES_GHE060,,,,,,,56794,,,31271,,100267,56 800 [31 300-100 000],,,EN,2025-03-18T23:00:00.000Z,AIR_41,Ambient air pollution attributable deaths,numeric,AFR,Africa,Country,MWI,Year,2019,True,Sex,Both sexes,SEX_BTSX,GHE cause of death codes,ALL CAUSES,GHECAUSE_GHE000000,,,,,,,3135.0,,,1018.0,,5004.0,3135 [1018-5004],,,EN,2024-10-02T22:00:00.000Z
136,Bangladesh,NCD_DTH_TOT,Total NCD Deaths,numeric,SEAR,South-East Asia,Country,BGD,Year,2019,False,Sex,Both sexes,SEX_BTSX,Causes,Noncommunicable diseases,GHECAUSES_GHE060,,,,,,,570263,,,329201,,943068,570 000 [329 000-943 000],,,EN,2025-03-18T23:00:00.000Z,AIR_41,Ambient air pollution attributable deaths,numeric,SEAR,South-East Asia,Country,BGD,Year,2019,True,Sex,Both sexes,SEX_BTSX,GHE cause of death codes,ALL CAUSES,GHECAUSE_GHE000000,,,,,,,76062.0,,,59652.0,,94709.0,76 062 [59 652-94 709],,,EN,2024-10-02T22:00:00.000Z
140,Guinea-Bissau,NCD_DTH_TOT,Total NCD Deaths,numeric,AFR,Africa,Country,GNB,Year,2019,False,Sex,Both sexes,SEX_BTSX,Causes,Noncommunicable diseases,GHECAUSES_GHE060,,,,,,,5951,,,3037,,9996,5950 [3040-10 000],,,EN,2025-03-18T23:00:00.000Z,AIR_41,Ambient air pollution attributable deaths,numeric,AFR,Africa,Country,GNB,Year,2019,True,Sex,Both sexes,SEX_BTSX,GHE cause of death codes,ALL CAUSES,GHECAUSE_GHE000000,,,,,,,758.7,,,503.7,,1056.0,759 [504-1056],,,EN,2024-10-02T22:00:00.000Z
141,Eswatini,NCD_DTH_TOT,Total NCD Deaths,numeric,AFR,Africa,Country,SWZ,Year,2019,False,Sex,Both sexes,SEX_BTSX,Causes,Noncommunicable diseases,GHECAUSES_GHE060,,,,,,,5988,,,2915,,10352,5990 [2920-10 400],,,EN,2025-03-18T23:00:00.000Z,AIR_41,Ambient air pollution attributable deaths,numeric,AFR,Africa,Country,SWZ,Year,2019,True,Sex,Both sexes,SEX_BTSX,GHE cause of death codes,ALL CAUSES,GHECAUSE_GHE000000,,,,,,,404.1,,,266.6,,548.2,404 [267-548],,,EN,2024-10-02T22:00:00.000Z
142,India,NCD_DTH_TOT,Total NCD Deaths,numeric,SEAR,South-East Asia,Country,IND,Year,2019,False,Sex,Both sexes,SEX_BTSX,Causes,Noncommunicable diseases,GHECAUSES_GHE060,,,,,,,6302912,,,4913418,,8555750,6 300 000 [4 910 000-8 560 000],,,EN,2025-03-18T23:00:00.000Z,AIR_41,Ambient air pollution attributable deaths,numeric,SEAR,South-East Asia,Country,IND,Year,2019,True,Sex,Both sexes,SEX_BTSX,GHE cause of death codes,ALL CAUSES,GHECAUSE_GHE000000,,,,,,,890229.0,,,699596.0,,1103000.0,890 229 [699 596-1 103 000],,,EN,2024-10-02T22:00:00.000Z
144,Zimbabwe,NCD_DTH_TOT,Total NCD Deaths,numeric,AFR,Africa,Country,ZWE,Year,2019,False,Sex,Both sexes,SEX_BTSX,Causes,Noncommunicable diseases,GHECAUSES_GHE060,,,,,,,60674,,,32792,,98056,60 700 [32 800-98 100],,,EN,2025-03-18T23:00:00.000Z,AIR_41,Ambient air pollution attributable deaths,numeric,AFR,Africa,Country,ZWE,Year,2019,True,Sex,Both sexes,SEX_BTSX,GHE cause of death codes,ALL CAUSES,GHECAUSE_GHE000000,,,,,,,3520.0,,,1753.0,,5419.0,3520 [1753-5419],,,EN,2024-10-02T22:00:00.000Z
149,Gambia,NCD_DTH_TOT,Total NCD Deaths,numeric,AFR,Africa,Country,GMB,Year,2019,False,Sex,Both sexes,SEX_BTSX,Causes,Noncommunicable diseases,GHECAUSES_GHE060,,,,,,,6655,,,3367,,11664,6650 [3370-11 700],,,EN,2025-03-18T23:00:00.000Z,AIR_41,Ambient air pollution attributable deaths,numeric,AFR,Africa,Country,GMB,Year,2019,True,Sex,Both sexes,SEX_BTSX,GHE cause of death codes,ALL CAUSES,GHECAUSE_GHE000000,,,,,,,818.2,,,558.0,,1087.0,818 [558-1087],,,EN,2024-10-02T22:00:00.000Z
151,Botswana,NCD_DTH_TOT,Total NCD Deaths,numeric,AFR,Africa,Country,BWA,Year,2019,False,Sex,Both sexes,SEX_BTSX,Causes,Noncommunicable diseases,GHECAUSES_GHE060,,,,,,,6799,,,3905,,11890,6800 [3900-11 900],,,EN,2025-03-18T23:00:00.000Z,AIR_41,Ambient air pollution attributable deaths,numeric,AFR,Africa,Country,BWA,Year,2019,True,Sex,Both sexes,SEX_BTSX,GHE cause of death codes,ALL CAUSES,GHECAUSE_GHE000000,,,,,,,720.0,,,441.0,,999.0,720 [441-999],,,EN,2024-10-02T22:00:00.000Z
153,Sao Tome and Principe,NCD_DTH_TOT,Total NCD Deaths,numeric,AFR,Africa,Country,STP,Year,2019,False,Sex,Both sexes,SEX_BTSX,Causes,Noncommunicable diseases,GHECAUSES_GHE060,,,,,,,686,,,374,,1139,690 [370-1140],,,EN,2025-03-18T23:00:00.000Z,AIR_41,Ambient air pollution attributable deaths,numeric,AFR,Africa,Country,STP,Year,2019,True,Sex,Both sexes,SEX_BTSX,GHE cause of death codes,ALL CAUSES,GHECAUSE_GHE000000,,,,,,,79.42,,,52.12,,110.8,79 [52-111],,,EN,2024-10-02T22:00:00.000Z
155,Seychelles,NCD_DTH_TOT,Total NCD Deaths,numeric,AFR,Africa,Country,SYC,Year,2019,False,Sex,Both sexes,SEX_BTSX,Causes,Noncommunicable diseases,GHECAUSES_GHE060,,,,,,,717,,,412,,935,720 [410-930],,,EN,2025-03-18T23:00:00.000Z,AIR_41,Ambient air pollution attributable deaths,numeric,AFR,Africa,Country,SYC,Year,2019,True,Sex,Both sexes,SEX_BTSX,GHE cause of death codes,ALL CAUSES,GHECAUSE_GHE000000,,,,,,,45.39,,,31.95,,61.24,45 [32-61],,,EN,2024-10-02T22:00:00.000Z
156,Cote d'Ivoire,NCD_DTH_TOT,Total NCD Deaths,numeric,AFR,Africa,Country,CIV,Year,2019,False,Sex,Both sexes,SEX_BTSX,Causes,Noncommunicable diseases,GHECAUSES_GHE060,,,,,,,73937,,,36395,,111419,73 900 [36 400-111 000],,,EN,2025-03-18T23:00:00.000Z,AIR_41,Ambient air pollution attributable deaths,numeric,AFR,Africa,Country,CIV,Year,2019,True,Sex,Both sexes,SEX_BTSX,GHE cause of death codes,ALL CAUSES,GHECAUSE_GHE000000,,,,,,,11075.0,,,7520.0,,14713.0,11 075 [7520-14 713],,,EN,2024-10-02T22:00:00.000Z
157,Cameroon,NCD_DTH_TOT,Total NCD Deaths,numeric,AFR,Africa,Country,CMR,Year,2019,False,Sex,Both sexes,SEX_BTSX,Causes,Noncommunicable diseases,GHECAUSES_GHE060,,,,,,,74798,,,38619,,132446,74 800 [38 600-132 000],,,EN,2025-03-18T23:00:00.000Z,AIR_41,Ambient air pollution attributable deaths,numeric,AFR,Africa,Country,CMR,Year,2019,True,Sex,Both sexes,SEX_BTSX,GHE cause of death codes,ALL CAUSES,GHECAUSE_GHE000000,,,,,,,12458.0,,,9556.0,,15570.0,12 458 [9556-15 570],,,EN,2024-10-02T22:00:00.000Z
164,Gabon,NCD_DTH_TOT,Total NCD Deaths,numeric,AFR,Africa,Country,GAB,Year,2019,False,Sex,Both sexes,SEX_BTSX,Causes,Noncommunicable diseases,GHECAUSES_GHE060,,,,,,,7919,,,3889,,13281,7920 [3890-13 300],,,EN,2025-03-18T23:00:00.000Z,AIR_41,Ambient air pollution attributable deaths,numeric,AFR,Africa,Country,GAB,Year,2019,True,Sex,Both sexes,SEX_BTSX,GHE cause of death codes,ALL CAUSES,GHECAUSE_GHE000000,,,,,,,566.6,,,200.9,,993.2,567 [201-993],,,EN,2024-10-02T22:00:00.000Z
166,Namibia,NCD_DTH_TOT,Total NCD Deaths,numeric,AFR,Africa,Country,NAM,Year,2019,False,Sex,Both sexes,SEX_BTSX,Causes,Noncommunicable diseases,GHECAUSES_GHE060,,,,,,,8286,,,4605,,13798,8290 [4600-13 800],,,EN,2025-03-18T23:00:00.000Z,AIR_41,Ambient air pollution attributable deaths,numeric,AFR,Africa,Country,NAM,Year,2019,True,Sex,Both sexes,SEX_BTSX,GHE cause of death codes,ALL CAUSES,GHECAUSE_GHE000000,,,,,,,547.2,,,273.4,,826.8,547 [273-827],,,EN,2024-10-02T22:00:00.000Z
168,Uganda,NCD_DTH_TOT,Total NCD Deaths,numeric,AFR,Africa,Country,UGA,Year,2019,False,Sex,Both sexes,SEX_BTSX,Causes,Noncommunicable diseases,GHECAUSES_GHE060,,,,,,,86917,,,37187,,131788,86 900 [37 200-132 000],,,EN,2025-03-18T23:00:00.000Z,AIR_41,Ambient air pollution attributable deaths,numeric,AFR,Africa,Country,UGA,Year,2019,True,Sex,Both sexes,SEX_BTSX,GHE cause of death codes,ALL CAUSES,GHECAUSE_GHE000000,,,,,,,9117.0,,,6170.0,,12449.0,9117 [6170-12 449],,,EN,2024-10-02T22:00:00.000Z
172,Madagascar,NCD_DTH_TOT,Total NCD Deaths,numeric,AFR,Africa,Country,MDG,Year,2019,False,Sex,Both sexes,SEX_BTSX,Causes,Noncommunicable diseases,GHECAUSES_GHE060,,,,,,,87874,,,46677,,152823,87 900 [46 700-153 000],,,EN,2025-03-18T23:00:00.000Z,AIR_41,Ambient air pollution attributable deaths,numeric,AFR,Africa,Country,MDG,Year,2019,True,Sex,Both sexes,SEX_BTSX,GHE cause of death codes,ALL CAUSES,GHECAUSE_GHE000000,,,,,,,7164.0,,,4740.0,,9962.0,7164 [4740-9962],,,EN,2024-10-02T22:00:00.000Z
175,Angola,NCD_DTH_TOT,Total NCD Deaths,numeric,AFR,Africa,Country,AGO,Year,2019,False,Sex,Both sexes,SEX_BTSX,Causes,Noncommunicable diseases,GHECAUSES_GHE060,,,,,,,90100,,,45926,,150654,90 100 [45 900-151 000],,,EN,2025-03-18T23:00:00.000Z,AIR_41,Ambient air pollution attributable deaths,numeric,AFR,Africa,Country,AGO,Year,2019,True,Sex,Both sexes,SEX_BTSX,GHE cause of death codes,ALL CAUSES,GHECAUSE_GHE000000,,,,,,,8973.0,,,2338.0,,17226.0,8973 [2338-17 226],,,EN,2024-10-02T22:00:00.000Z
177,Mauritius,NCD_DTH_TOT,Total NCD Deaths,numeric,AFR,Africa,Country,MUS,Year,2019,False,Sex,Both sexes,SEX_BTSX,Causes,Noncommunicable diseases,GHECAUSES_GHE060,,,,,,,9179,,,7604,,11943,9180 [7600-11 900],,,EN,2025-03-18T23:00:00.000Z,AIR_41,Ambient air pollution attributable deaths,numeric,AFR,Africa,Country,MUS,Year,2019,True,Sex,Both sexes,SEX_BTSX,GHE cause of death codes,ALL CAUSES,GHECAUSE_GHE000000,,,,,,,479.9,,,316.3,,647.3,480 [316-647],,,EN,2024-10-02T22:00:00.000Z
180,Mozambique,NCD_DTH_TOT,Total NCD Deaths,numeric,AFR,Africa,Country,MOZ,Year,2019,False,Sex,Both sexes,SEX_BTSX,Causes,Noncommunicable diseases,GHECAUSES_GHE060,,,,,,,94645,,,49871,,170064,94 600 [49 900-170 000],,,EN,2025-03-18T23:00:00.000Z,AIR_41,Ambient air pollution attributable deaths,numeric,AFR,Africa,Country,MOZ,Year,2019,True,Sex,Both sexes,SEX_BTSX,GHE cause of death codes,ALL CAUSES,GHECAUSE_GHE000000,,,,,,,8860.0,,,4552.0,,13045.0,8860 [4552-13 045],,,EN,2024-10-02T22:00:00.000Z
182,Ghana,NCD_DTH_TOT,Total NCD Deaths,numeric,AFR,Africa,Country,GHA,Year,2019,False,Sex,Both sexes,SEX_BTSX,Causes,Noncommunicable diseases,GHECAUSES_GHE060,,,,,,,98448,,,54951,,159306,98 400 [55 000-159 000],,,EN,2025-03-18T23:00:00.000Z,AIR_41,Ambient air pollution attributable deaths,numeric,AFR,Africa,Country,GHA,Year,2019,True,Sex,Both sexes,SEX_BTSX,GHE cause of death codes,ALL CAUSES,GHECAUSE_GHE000000,,,,,,,12328.0,,,9317.0,,15503.0,12 328 [9317-15 503],,,EN,2024-10-02T22:00:00.000Z
